<?xml version="1.0" encoding="UTF-8"?>
<rss version="2.0" xmlns:atom="http://www.w3.org/2005/Atom" xmlns:content="http://purl.org/rss/1.0/modules/content/" xmlns:wfw="http://wellformedweb.org/CommentAPI/" xmlns:rdf="http://www.w3.org/1999/02/22-rdf-syntax-ns#" xmlns:dc="http://purl.org/dc/elements/1.1/" xmlns:cc="http://web.resource.org/cc/">
  <channel>
    <title>Delicious/tags/samszo</title>
    <link>http://delicious.com/tags/samszo</link>
    <description>tags used by samszo in bookmarks</description>
    <atom:link rel="self" type="application/rss+xml" href="http://feeds.delicious.com/v2/rss/tags/samszo"/>
    <item>
      <title>3D</title>
      <guid>http://delicious.com/samszo/3D</guid>
      <description>1</description>
    </item>
    <item>
      <title>agrément</title>
      <guid>http://delicious.com/samszo/agrément</guid>
      <description>1</description>
    </item>
    <item>
      <title>ancienne</title>
      <guid>http://delicious.com/samszo/ancienne</guid>
      <description>1</description>
    </item>
    <item>
      <title>api</title>
      <guid>http://delicious.com/samszo/api</guid>
      <description>4</description>
    </item>
    <item>
      <title>aquitaine</title>
      <guid>http://delicious.com/samszo/aquitaine</guid>
      <description>1</description>
    </item>
    <item>
      <title>art</title>
      <guid>http://delicious.com/samszo/art</guid>
      <description>1</description>
    </item>
    <item>
      <title>backup</title>
      <guid>http://delicious.com/samszo/backup</guid>
      <description>1</description>
    </item>
    <item>
      <title>béton</title>
      <guid>http://delicious.com/samszo/béton</guid>
      <description>1</description>
    </item>
    <item>
      <title>carte</title>
      <guid>http://delicious.com/samszo/carte</guid>
      <description>1</description>
    </item>
    <item>
      <title>cartographie</title>
      <guid>http://delicious.com/samszo/cartographie</guid>
      <description>5</description>
    </item>
    <item>
      <title>cen</title>
      <guid>http://delicious.com/samszo/cen</guid>
      <description>1</description>
    </item>
    <item>
      <title>code</title>
      <guid>http://delicious.com/samszo/code</guid>
      <description>4</description>
    </item>
    <item>
      <title>colloqie</title>
      <guid>http://delicious.com/samszo/colloqie</guid>
      <description>1</description>
    </item>
    <item>
      <title>connerie</title>
      <guid>http://delicious.com/samszo/connerie</guid>
      <description>1</description>
    </item>
    <item>
      <title>database</title>
      <guid>http://delicious.com/samszo/database</guid>
      <description>1</description>
    </item>
    <item>
      <title>design</title>
      <guid>http://delicious.com/samszo/design</guid>
      <description>1</description>
    </item>
    <item>
      <title>exemple</title>
      <guid>http://delicious.com/samszo/exemple</guid>
      <description>1</description>
    </item>
    <item>
      <title>expert</title>
      <guid>http://delicious.com/samszo/expert</guid>
      <description>1</description>
    </item>
    <item>
      <title>ffmpeg</title>
      <guid>http://delicious.com/samszo/ffmpeg</guid>
      <description>1</description>
    </item>
    <item>
      <title>gadget</title>
      <guid>http://delicious.com/samszo/gadget</guid>
      <description>1</description>
    </item>
    <item>
      <title>google</title>
      <guid>http://delicious.com/samszo/google</guid>
      <description>3</description>
    </item>
    <item>
      <title>googleearth</title>
      <guid>http://delicious.com/samszo/googleearth</guid>
      <description>1</description>
    </item>
    <item>
      <title>graphique</title>
      <guid>http://delicious.com/samszo/graphique</guid>
      <description>1</description>
    </item>
    <item>
      <title>ieml</title>
      <guid>http://delicious.com/samszo/ieml</guid>
      <description>1</description>
    </item>
    <item>
      <title>individuel</title>
      <guid>http://delicious.com/samszo/individuel</guid>
      <description>1</description>
    </item>
    <item>
      <title>influence</title>
      <guid>http://delicious.com/samszo/influence</guid>
      <description>1</description>
    </item>
    <item>
      <title>javascript</title>
      <guid>http://delicious.com/samszo/javascript</guid>
      <description>1</description>
    </item>
    <item>
      <title>l'ile</title>
      <guid>http://delicious.com/samszo/l'ile</guid>
      <description>1</description>
    </item>
    <item>
      <title>larcenet</title>
      <guid>http://delicious.com/samszo/larcenet</guid>
      <description>1</description>
    </item>
    <item>
      <title>luckysemiosis</title>
      <guid>http://delicious.com/samszo/luckysemiosis</guid>
      <description>1</description>
    </item>
    <item>
      <title>mashup</title>
      <guid>http://delicious.com/samszo/mashup</guid>
      <description>1</description>
    </item>
    <item>
      <title>mindmap</title>
      <guid>http://delicious.com/samszo/mindmap</guid>
      <description>1</description>
    </item>
    <item>
      <title>moteur</title>
      <guid>http://delicious.com/samszo/moteur</guid>
      <description>1</description>
    </item>
    <item>
      <title>music</title>
      <guid>http://delicious.com/samszo/music</guid>
      <description>1</description>
    </item>
    <item>
      <title>mysql</title>
      <guid>http://delicious.com/samszo/mysql</guid>
      <description>1</description>
    </item>
    <item>
      <title>numérique</title>
      <guid>http://delicious.com/samszo/numérique</guid>
      <description>1</description>
    </item>
    <item>
      <title>ocean</title>
      <guid>http://delicious.com/samszo/ocean</guid>
      <description>1</description>
    </item>
    <item>
      <title>php</title>
      <guid>http://delicious.com/samszo/php</guid>
      <description>1</description>
    </item>
    <item>
      <title>poésie</title>
      <guid>http://delicious.com/samszo/poésie</guid>
      <description>1</description>
    </item>
    <item>
      <title>poids</title>
      <guid>http://delicious.com/samszo/poids</guid>
      <description>1</description>
    </item>
    <item>
      <title>posters</title>
      <guid>http://delicious.com/samszo/posters</guid>
      <description>1</description>
    </item>
    <item>
      <title>programmation</title>
      <guid>http://delicious.com/samszo/programmation</guid>
      <description>1</description>
    </item>
    <item>
      <title>restore</title>
      <guid>http://delicious.com/samszo/restore</guid>
      <description>1</description>
    </item>
    <item>
      <title>search</title>
      <guid>http://delicious.com/samszo/search</guid>
      <description>1</description>
    </item>
    <item>
      <title>sémantique</title>
      <guid>http://delicious.com/samszo/sémantique</guid>
      <description>3</description>
    </item>
    <item>
      <title>timeline</title>
      <guid>http://delicious.com/samszo/timeline</guid>
      <description>1</description>
    </item>
    <item>
      <title>tools</title>
      <guid>http://delicious.com/samszo/tools</guid>
      <description>1</description>
    </item>
    <item>
      <title>video</title>
      <guid>http://delicious.com/samszo/video</guid>
      <description>2</description>
    </item>
    <item>
      <title>visualization</title>
      <guid>http://delicious.com/samszo/visualization</guid>
      <description>2</description>
    </item>
    <item>
      <title>vyaep</title>
      <guid>http://delicious.com/samszo/vyaep</guid>
      <description>1</description>
    </item>
    <item>
      <title>webmaster</title>
      <guid>http://delicious.com/samszo/webmaster</guid>
      <description>1</description>
    </item>
  </channel>
</rss>
