-- phpMyAdmin SQL Dump
-- version 2.10.1
-- http://www.phpmyadmin.net
-- 
-- Serveur: localhost
-- Généré le : Dim 04 Janvier 2009 à 10:05
-- Version du serveur: 5.0.45
-- Version de PHP: 5.2.5

SET SQL_MODE="NO_AUTO_VALUE_ON_ZERO";

-- 
-- Base de données: `ieml_evalactisem`
-- 

-- --------------------------------------------------------

-- 
-- Structure de la table `ieml_acti`
-- 

DROP TABLE IF EXISTS `ieml_acti`;
CREATE TABLE `ieml_acti` (
  `acti_id` int(11) NOT NULL auto_increment,
  `acti_code` text NOT NULL,
  `acti_desc` varchar(255) NOT NULL,
  PRIMARY KEY  (`acti_id`)
) ENGINE=InnoDB  DEFAULT CHARSET=latin1 AUTO_INCREMENT=8 ;

-- 
-- Contenu de la table `ieml_acti`
-- 

INSERT INTO `ieml_acti` (`acti_id`, `acti_code`, `acti_desc`) VALUES 
(1, 'RAT', 'recuperation des tags delicious'),
(2, 'RB', 'recuperation des bundles delicious'),
(3, 'RP', 'recuperation d''un post delicious'),
(4, 'RAP', 'recuperation de tous les posts delicious'),
(5, 'RRP', 'recuperation des  posts recentes delicious '),
(6, 'AddTrad', 'Ajout d''une traduction '),
(7, 'DelTrad', 'suppression ''ine traduction ');

-- --------------------------------------------------------

-- 
-- Structure de la table `ieml_acti_uti`
-- 

DROP TABLE IF EXISTS `ieml_acti_uti`;
CREATE TABLE `ieml_acti_uti` (
  `id_acti_uti` int(11) NOT NULL auto_increment,
  `acti_id` int(10) NOT NULL,
  `uti_id` int(10) NOT NULL,
  `date` datetime NOT NULL,
  PRIMARY KEY  (`id_acti_uti`)
) ENGINE=InnoDB  DEFAULT CHARSET=latin1 AUTO_INCREMENT=302 ;

-- 
-- Contenu de la table `ieml_acti_uti`
-- 

INSERT INTO `ieml_acti_uti` (`id_acti_uti`, `acti_id`, `uti_id`, `date`) VALUES 
(1, 4, 2, '2008-08-21 11:07:10'),
(2, 1, 2, '2008-08-21 11:07:35'),
(3, 6, 1, '2008-08-21 11:07:37'),
(4, 6, 1, '2008-08-21 11:07:38'),
(5, 6, 1, '2008-08-21 11:07:38'),
(6, 6, 1, '2008-08-21 11:07:38'),
(7, 6, 1, '2008-08-21 11:07:38'),
(8, 6, 1, '2008-08-21 11:07:39'),
(9, 6, 1, '2008-08-21 11:07:39'),
(10, 6, 1, '2008-08-21 11:07:39'),
(11, 6, 1, '2008-08-21 11:07:39'),
(12, 6, 1, '2008-08-21 11:07:39'),
(13, 6, 1, '2008-08-21 11:07:40'),
(14, 6, 1, '2008-08-21 11:07:40'),
(15, 6, 1, '2008-08-21 11:07:40'),
(16, 6, 1, '2008-08-21 11:07:40'),
(17, 4, 3, '2008-09-18 13:06:45'),
(18, 1, 3, '2008-09-18 13:06:51'),
(19, 4, 3, '2008-09-18 13:07:45'),
(20, 1, 3, '2008-09-18 13:07:47'),
(21, 4, 3, '2008-09-18 13:11:09'),
(22, 1, 3, '2008-09-18 13:11:10'),
(23, 4, 3, '2008-09-18 16:05:01'),
(24, 1, 3, '2008-09-18 16:05:03'),
(25, 6, 1, '2008-09-18 16:05:04'),
(26, 6, 1, '2008-09-18 16:05:04'),
(27, 6, 1, '2008-09-18 16:05:05'),
(28, 6, 1, '2008-09-18 16:05:05'),
(29, 6, 1, '2008-09-18 16:05:05'),
(30, 6, 3, '2008-09-18 16:05:32'),
(31, 6, 3, '2008-09-18 16:06:15'),
(32, 6, 3, '2008-09-18 16:06:55'),
(33, 6, 3, '2008-09-18 16:07:25'),
(34, 6, 3, '2008-09-18 16:07:35'),
(35, 6, 3, '2008-09-18 16:20:00'),
(36, 4, 3, '2008-09-18 16:25:53'),
(37, 1, 3, '2008-09-18 16:25:55'),
(38, 6, 3, '2008-09-18 16:26:31'),
(39, 6, 3, '2008-09-18 16:26:36'),
(40, 4, 3, '2008-10-03 18:43:22'),
(41, 1, 3, '2008-10-03 18:43:25'),
(42, 1, 3, '2008-10-03 18:43:51'),
(43, 4, 3, '2008-10-03 18:43:52'),
(44, 4, 3, '2008-10-04 15:16:01'),
(45, 1, 3, '2008-10-04 15:16:03'),
(46, 6, 3, '2008-10-04 15:16:40'),
(47, 6, 3, '2008-10-04 15:17:12'),
(48, 6, 3, '2008-10-04 15:17:55'),
(49, 4, 3, '2008-10-04 15:20:57'),
(50, 1, 3, '2008-10-04 15:20:59'),
(51, 6, 3, '2008-10-04 15:22:02'),
(52, 6, 3, '2008-10-04 15:22:57'),
(53, 4, 3, '2008-10-04 15:30:32'),
(54, 1, 3, '2008-10-04 15:30:34'),
(55, 6, 3, '2008-10-04 15:31:20'),
(56, 6, 3, '2008-10-04 15:32:03'),
(57, 6, 3, '2008-10-04 15:32:37'),
(58, 6, 3, '2008-10-04 15:36:41'),
(59, 6, 3, '2008-10-04 15:37:03'),
(60, 6, 3, '2008-10-04 15:41:59'),
(61, 6, 3, '2008-10-04 15:42:07'),
(62, 6, 3, '2008-10-04 15:42:19'),
(63, 6, 3, '2008-10-04 15:42:27'),
(64, 6, 3, '2008-10-04 15:42:42'),
(65, 6, 3, '2008-10-04 15:42:46'),
(66, 6, 3, '2008-10-04 15:43:26'),
(67, 6, 3, '2008-10-04 15:44:28'),
(68, 6, 3, '2008-10-04 15:46:14'),
(69, 6, 3, '2008-10-04 15:46:32'),
(70, 1, 3, '2008-10-05 08:48:02'),
(71, 4, 3, '2008-10-05 08:48:04'),
(72, 6, 3, '2008-10-05 08:48:55'),
(73, 6, 3, '2008-10-05 08:49:30'),
(74, 6, 3, '2008-10-05 08:49:39'),
(75, 6, 3, '2008-10-05 08:52:34'),
(76, 6, 3, '2008-10-05 08:52:44'),
(77, 6, 3, '2008-10-05 08:53:10'),
(78, 4, 3, '2008-10-05 15:11:16'),
(79, 1, 3, '2008-10-05 15:11:19'),
(80, 4, 3, '2008-10-06 16:50:10'),
(81, 1, 3, '2008-10-06 16:50:16'),
(82, 4, 3, '2008-10-07 08:21:50'),
(83, 1, 3, '2008-10-07 08:21:52'),
(84, 6, 3, '2008-10-07 08:22:35'),
(85, 4, 3, '2008-10-07 14:54:38'),
(86, 1, 3, '2008-10-07 14:54:41'),
(87, 4, 3, '2008-10-08 14:42:31'),
(88, 1, 3, '2008-10-08 14:42:33'),
(89, 4, 3, '2008-10-09 10:21:27'),
(90, 1, 3, '2008-10-09 10:21:29'),
(91, 6, 3, '2008-10-09 10:23:59'),
(92, 1, 3, '2008-10-18 10:05:54'),
(93, 4, 3, '2008-10-18 10:05:56'),
(94, 4, 4, '2008-10-18 11:21:00'),
(95, 1, 4, '2008-10-18 11:21:01'),
(96, 4, 4, '2008-10-18 11:24:54'),
(97, 1, 4, '2008-10-18 11:24:59'),
(98, 4, 0, '2008-10-18 11:28:42'),
(99, 1, 0, '2008-10-18 11:28:46'),
(100, 4, 0, '2008-10-18 11:31:31'),
(101, 1, 0, '2008-10-18 11:31:33'),
(102, 4, 0, '2008-10-18 11:33:59'),
(103, 1, 0, '2008-10-18 11:34:01'),
(104, 4, 0, '2008-10-18 11:35:37'),
(105, 1, 0, '2008-10-18 11:35:39'),
(106, 1, 0, '2008-10-18 11:40:39'),
(107, 1, 3, '2008-10-18 11:44:09'),
(108, 4, 3, '2008-10-18 11:44:27'),
(109, 1, 3, '2008-10-18 11:44:27'),
(110, 6, 1, '2008-10-18 11:48:18'),
(111, 4, 3, '2008-10-18 11:50:06'),
(112, 1, 3, '2008-10-18 11:50:07'),
(113, 4, 3, '2008-10-18 16:31:42'),
(114, 1, 3, '2008-10-18 16:31:44'),
(115, 4, 3, '2008-10-18 16:35:52'),
(116, 1, 3, '2008-10-18 16:35:53'),
(117, 4, 3, '2008-10-18 17:04:44'),
(118, 1, 3, '2008-10-18 17:04:45'),
(119, 4, 3, '2008-10-18 17:06:41'),
(120, 1, 3, '2008-10-18 17:06:43'),
(121, 4, 3, '2008-10-18 17:07:47'),
(122, 1, 3, '2008-10-18 17:07:48'),
(123, 4, 3, '2008-10-18 17:38:38'),
(124, 1, 3, '2008-10-18 17:38:39'),
(125, 4, 3, '2008-10-18 17:45:12'),
(126, 1, 3, '2008-10-18 17:45:13'),
(127, 4, 3, '2008-10-18 17:46:44'),
(128, 1, 3, '2008-10-18 17:46:45'),
(129, 4, 3, '2008-10-18 17:51:40'),
(130, 1, 3, '2008-10-18 17:51:42'),
(131, 4, 3, '2008-10-18 17:52:16'),
(132, 1, 3, '2008-10-18 17:52:17'),
(133, 4, 3, '2008-10-18 17:53:17'),
(134, 1, 3, '2008-10-18 17:53:18'),
(135, 0, 3, '2008-10-18 18:26:20'),
(136, 0, 3, '2008-10-18 18:31:41'),
(137, 4, 3, '2008-10-18 18:32:09'),
(138, 1, 3, '2008-10-18 18:32:10'),
(139, 0, 3, '2008-10-18 18:36:43'),
(140, 0, 3, '2008-10-18 18:37:10'),
(141, 0, 3, '2008-10-18 18:39:14'),
(142, 0, 3, '2008-10-18 18:40:32'),
(143, 4, 3, '2008-10-18 18:40:57'),
(144, 1, 3, '2008-10-18 18:40:58'),
(145, 0, 3, '2008-10-18 18:49:50'),
(146, 4, 3, '2008-11-02 10:00:36'),
(147, 1, 3, '2008-11-02 10:00:37'),
(148, 4, 3, '2008-11-02 10:10:25'),
(149, 1, 3, '2008-11-02 10:10:27'),
(150, 4, 3, '2008-11-02 10:14:02'),
(151, 1, 3, '2008-11-02 10:14:03'),
(152, 4, 3, '2008-11-02 10:28:44'),
(153, 1, 3, '2008-11-02 10:28:45'),
(154, 1, 3, '2008-11-05 14:44:28'),
(155, 4, 3, '2008-11-05 14:44:30'),
(156, 1, 5, '2008-11-16 14:55:52'),
(157, 4, 5, '2008-11-16 14:56:06'),
(158, 6, 1, '2008-11-16 14:56:58'),
(159, 6, 1, '2008-11-16 14:56:59'),
(160, 6, 1, '2008-11-16 14:56:59'),
(161, 6, 1, '2008-11-16 14:56:59'),
(162, 6, 1, '2008-11-16 14:56:59'),
(163, 6, 1, '2008-11-16 14:56:59'),
(164, 6, 1, '2008-11-16 14:56:59'),
(165, 6, 1, '2008-11-16 14:57:00'),
(166, 6, 1, '2008-11-16 14:57:00'),
(167, 6, 1, '2008-11-16 14:57:00'),
(168, 6, 1, '2008-11-16 14:57:00'),
(169, 6, 1, '2008-11-16 14:57:00'),
(170, 6, 1, '2008-11-16 14:57:00'),
(171, 6, 1, '2008-11-16 14:57:01'),
(172, 6, 1, '2008-11-16 14:57:01'),
(173, 6, 1, '2008-11-16 14:57:01'),
(174, 6, 1, '2008-11-16 14:57:01'),
(175, 6, 1, '2008-11-16 14:57:01'),
(176, 6, 1, '2008-11-16 14:57:01'),
(177, 6, 1, '2008-11-16 14:57:02'),
(178, 6, 1, '2008-11-16 14:57:02'),
(179, 6, 1, '2008-11-16 14:57:02'),
(180, 6, 1, '2008-11-16 14:57:02'),
(181, 6, 1, '2008-11-16 14:57:02'),
(182, 6, 1, '2008-11-16 14:57:02'),
(183, 6, 1, '2008-11-16 14:57:03'),
(184, 6, 1, '2008-11-16 14:57:03'),
(185, 6, 1, '2008-11-16 14:57:03'),
(186, 6, 1, '2008-11-16 14:57:03'),
(187, 6, 1, '2008-11-16 14:57:03'),
(188, 6, 1, '2008-11-16 14:57:03'),
(189, 6, 1, '2008-11-16 14:57:04'),
(190, 6, 1, '2008-11-16 14:57:04'),
(191, 6, 1, '2008-11-16 14:57:04'),
(192, 6, 1, '2008-11-16 14:57:04'),
(193, 6, 1, '2008-11-16 14:57:04'),
(194, 6, 1, '2008-11-16 14:57:05'),
(195, 6, 1, '2008-11-16 14:57:05'),
(196, 6, 1, '2008-11-16 14:57:05'),
(197, 6, 1, '2008-11-16 14:57:05'),
(198, 6, 1, '2008-11-16 14:57:05'),
(199, 6, 1, '2008-11-16 14:57:06'),
(200, 6, 1, '2008-11-16 14:57:06'),
(201, 6, 1, '2008-11-16 14:57:06'),
(202, 6, 1, '2008-11-16 14:57:06'),
(203, 6, 1, '2008-11-16 14:57:06'),
(204, 6, 1, '2008-11-16 14:57:06'),
(205, 6, 1, '2008-11-16 14:57:07'),
(206, 6, 1, '2008-11-16 14:57:07'),
(207, 6, 1, '2008-11-16 14:57:07'),
(208, 6, 1, '2008-11-16 14:57:07'),
(209, 6, 1, '2008-11-16 14:57:07'),
(210, 6, 1, '2008-11-16 14:57:07'),
(211, 6, 1, '2008-11-16 14:57:08'),
(212, 6, 1, '2008-11-16 14:57:08'),
(213, 6, 1, '2008-11-16 14:57:08'),
(214, 6, 1, '2008-11-16 14:57:08'),
(215, 6, 1, '2008-11-16 14:57:08'),
(216, 6, 1, '2008-11-16 14:57:09'),
(217, 6, 1, '2008-11-16 14:57:09'),
(218, 6, 1, '2008-11-16 14:57:09'),
(219, 6, 1, '2008-11-16 14:57:09'),
(220, 6, 1, '2008-11-16 14:57:10'),
(221, 6, 1, '2008-11-16 14:57:10'),
(222, 6, 1, '2008-11-16 14:57:10'),
(223, 6, 1, '2008-11-16 14:57:10'),
(224, 6, 1, '2008-11-16 14:57:10'),
(225, 6, 1, '2008-11-16 14:57:10'),
(226, 6, 1, '2008-11-16 14:57:11'),
(227, 6, 1, '2008-11-16 14:57:11'),
(228, 6, 1, '2008-11-16 14:57:11'),
(229, 6, 1, '2008-11-16 14:57:11'),
(230, 6, 1, '2008-11-16 14:57:11'),
(231, 6, 1, '2008-11-16 14:57:11'),
(232, 6, 1, '2008-11-16 14:57:12'),
(233, 6, 1, '2008-11-16 14:57:12'),
(234, 6, 1, '2008-11-16 14:57:12'),
(235, 6, 1, '2008-11-16 14:57:12'),
(236, 6, 1, '2008-11-16 14:57:12'),
(237, 6, 1, '2008-11-16 14:57:12'),
(238, 6, 1, '2008-11-16 14:57:13'),
(239, 6, 1, '2008-11-16 14:57:13'),
(240, 6, 1, '2008-11-16 14:57:13'),
(241, 6, 1, '2008-11-16 14:57:13'),
(242, 6, 1, '2008-11-16 14:57:13'),
(243, 6, 1, '2008-11-16 14:57:14'),
(244, 6, 1, '2008-11-16 14:57:14'),
(245, 6, 1, '2008-11-16 14:57:14'),
(246, 6, 1, '2008-11-16 14:57:14'),
(247, 6, 1, '2008-11-16 14:57:14'),
(248, 6, 1, '2008-11-16 14:57:14'),
(249, 6, 1, '2008-11-16 14:57:15'),
(250, 6, 1, '2008-11-16 14:57:15'),
(251, 6, 1, '2008-11-16 14:57:15'),
(252, 6, 1, '2008-11-16 14:57:15'),
(253, 6, 1, '2008-11-16 14:57:15'),
(254, 6, 1, '2008-11-16 14:57:15'),
(255, 6, 1, '2008-11-16 14:57:16'),
(256, 6, 1, '2008-11-16 14:57:16'),
(257, 6, 1, '2008-11-16 14:57:16'),
(258, 6, 1, '2008-11-16 14:57:16'),
(259, 6, 1, '2008-11-16 14:57:16'),
(260, 6, 1, '2008-11-16 14:57:16'),
(261, 6, 1, '2008-11-16 14:57:17'),
(262, 6, 1, '2008-11-16 14:57:17'),
(263, 6, 1, '2008-11-16 14:57:17'),
(264, 6, 1, '2008-11-16 14:57:17'),
(265, 6, 1, '2008-11-16 14:57:17'),
(266, 6, 1, '2008-11-16 14:57:17'),
(267, 6, 1, '2008-11-16 14:57:18'),
(268, 6, 1, '2008-11-16 14:57:18'),
(269, 6, 1, '2008-11-16 14:57:18'),
(270, 6, 1, '2008-11-16 14:57:18'),
(271, 6, 1, '2008-11-16 14:57:18'),
(272, 6, 1, '2008-11-16 14:57:18'),
(273, 6, 1, '2008-11-16 14:57:19'),
(274, 6, 1, '2008-11-16 14:57:19'),
(275, 6, 1, '2008-11-16 14:57:19'),
(276, 6, 1, '2008-11-16 14:57:19'),
(277, 6, 1, '2008-11-16 14:57:20'),
(278, 6, 1, '2008-11-16 14:57:20'),
(279, 6, 1, '2008-11-16 14:57:20'),
(280, 6, 1, '2008-11-16 14:57:20'),
(281, 4, 5, '2008-11-16 14:57:50'),
(282, 1, 5, '2008-11-16 14:58:05'),
(283, 6, 1, '2008-11-16 14:58:35'),
(284, 4, 5, '2008-11-16 14:58:58'),
(285, 1, 5, '2008-11-16 14:59:47'),
(286, 4, 5, '2008-11-16 16:37:47'),
(287, 1, 5, '2008-11-16 16:38:03'),
(288, 6, 1, '2008-11-16 16:38:24'),
(289, 4, 5, '2008-11-16 17:06:12'),
(290, 1, 5, '2008-11-16 17:06:28'),
(291, 6, 1, '2008-11-16 17:06:53'),
(292, 1, 3, '2008-11-19 22:39:49'),
(293, 4, 3, '2008-11-19 22:39:49'),
(294, 4, 3, '2008-12-09 16:36:22'),
(295, 1, 3, '2008-12-09 16:36:24'),
(296, 0, 3, '2008-12-09 16:43:53'),
(297, 4, 3, '2008-12-09 16:53:11'),
(298, 1, 3, '2008-12-09 16:53:13'),
(299, 0, 3, '2008-12-09 16:55:09'),
(300, 4, 3, '2008-12-10 18:36:20'),
(301, 1, 3, '2008-12-10 18:36:21');

-- --------------------------------------------------------

-- 
-- Structure de la table `ieml_onto`
-- 

DROP TABLE IF EXISTS `ieml_onto`;
CREATE TABLE `ieml_onto` (
  `ieml_id` int(11) NOT NULL auto_increment,
  `ieml_code` varchar(50) character set utf8 collate utf8_bin NOT NULL,
  `ieml_lib` varchar(255) NOT NULL,
  `ieml_niveau` int(11) NOT NULL,
  `ieml_parent` varchar(50) NOT NULL,
  `ieml_date` date NOT NULL,
  PRIMARY KEY  (`ieml_id`)
) ENGINE=InnoDB  DEFAULT CHARSET=latin1 COMMENT='Cette table est utilisée pour stocker l’ontologie IEML.' AUTO_INCREMENT=1954 ;

-- 
-- Contenu de la table `ieml_onto`
-- 

INSERT INTO `ieml_onto` (`ieml_id`, `ieml_code`, `ieml_lib`, `ieml_niveau`, `ieml_parent`, `ieml_date`) VALUES 
(1, 0x6b2e6f2e2d6b2e6f2e2d27, 'paix', 5, 'ideas', '2008-05-09'),
(2, 0x742e6f2e2d6a2e6a2e2d27, '(à venir)', 5, 'ideas', '2008-05-09'),
(3, 0x642e692e2d622e692e2d742e752e2d27, 'numérique', 5, 'ideas', '2008-05-09'),
(4, 0x6e2e752e2d6c2e752e2d27, 'piste', 5, 'ideas', '2008-05-09'),
(5, 0x6b2e6f2e2d6a2e6a2e2d732e792e2d27, '(à venir)', 5, 'ideas', '2008-05-09'),
(6, 0x662e6f2e2d622e6f2e2d27, 'geste / coup', 5, 'ideas', '2008-05-09'),
(7, 0x6a2e652e2d, 'hiérarchie', 3, 'relations', '2008-05-09'),
(8, 0x742e652e2d662e752e2d77612e652e2d27, 'composer de la musique', 5, 'ideas', '2008-05-09'),
(9, 0x4d2e4f2e2d4d2e4f2e2d27, 'cycle de transformation', 4, 'cycles', '2008-05-09'),
(10, 0x6b2e6f2e2d782e782e2d27, '(à venir)', 5, 'ideas', '2008-05-09'),
(11, 0x702e612e2d, 'appartenance à un groupe', 3, 'relations', '2008-05-09'),
(12, 0x622e6f2e2d662e6f2e2d732e752e2d27, 'courageux', 5, 'ideas', '2008-05-09'),
(13, 0x662e612e2d742e612e2d662e6f2e2d27, 'assureur', 5, 'ideas', '2008-05-09'),
(14, 0x632e632e2d622e6f2e2d732e792e2d27, 'économie de l''information', 5, 'ideas', '2008-05-09'),
(15, 0x6f2e6f2e2d732e6f2e2d732e792e2d27, 'sciences du management', 5, 'ideas', '2008-05-09'),
(16, 0x6b2e752e2d742e752e2d27, 'signe divinatoire', 5, 'ideas', '2008-05-09'),
(17, 0x6d2e612e2d732e612e2d662e6f2e2d27, 'médiateur', 5, 'ideas', '2008-05-09'),
(18, 0x642e6f2e2d6b2e6f2e2d732e752e2d27, 'sûr', 5, 'ideas', '2008-05-09'),
(19, 0x6c2e77612e2d, 'liberté de circulation', 3, 'relations', '2008-05-09'),
(20, 0x6d2e792e2d, 'intelligence émotionnelle', 3, 'relations', '2008-05-09'),
(21, 0x6c2e612e2d6d2e612e2d662e6f2e2d27, 'allié', 5, 'ideas', '2008-05-09'),
(22, 0x742e692e2d, 'contenant', 3, 'relations', '2008-05-09'),
(23, 0x6c2e752e2d6e2e752e2d642e752e2d27, 'ayant lieu / étant arrivé', 5, 'ideas', '2008-05-09'),
(24, 0x6a2e702e2d, 'mutation pédagogique', 3, 'relations', '2008-05-09'),
(25, 0x6a2e622e2d, 'redondance', 3, 'relations', '2008-05-09'),
(26, 0x622e6f2e2d782e782e2d27, '(à venir)', 5, 'ideas', '2008-05-09'),
(27, 0x612e732e2d, 'prendre à la lettre', 3, 'relations', '2008-05-09'),
(28, 0x6b2e652e2d742e612e2d27, 'mémoire personnelle', 5, 'ideas', '2008-05-09'),
(29, 0x672e672e2d662e6f2e2d732e792e2d27, 'écologie / agronomie', 5, 'ideas', '2008-05-09'),
(30, 0x6d2e752e2d, 'symptôme', 3, 'relations', '2008-05-09'),
(31, 0x652e652e2d6b2e6f2e2d732e792e2d27, 'associations professionnelles', 5, 'ideas', '2008-05-09'),
(32, 0x792e792e2d6c2e6f2e2d732e792e2d27, 'muséologie', 5, 'ideas', '2008-05-09'),
(33, 0x77752e6c2e2d, 'étendre sa vue d''ensemble', 3, 'relations', '2008-05-09'),
(34, 0x6c2e6f2e2d6a2e6a2e2d27, '(à venir)', 5, 'ideas', '2008-05-09'),
(35, 0x6c2e6f2e2d682e682e2d27, '(à venir)', 5, 'ideas', '2008-05-09'),
(36, 0x6a2e6a2e2d6d2e6f2e2d27, 'oeuvre d''art', 5, 'ideas', '2008-05-09'),
(37, 0x6c2e752e2d742e752e2d642e752e2d27, 'qualitatif', 5, 'ideas', '2008-05-09'),
(38, 0x6d2e612e2d662e612e2d662e6f2e2d27, 'aidant', 5, 'ideas', '2008-05-09'),
(39, 0x6b2e662e2d, 'rivière', 3, 'relations', '2008-05-09'),
(40, 0x77652e672e2d, 'unifier la documentation', 3, 'relations', '2008-05-09'),
(41, 0x742e6f2e2d, 'temps', 3, 'relations', '2008-05-09'),
(42, 0x732e652e2d662e752e2d77612e652e2d27, 'jouer de la musique / chanter', 5, 'ideas', '2008-05-09'),
(43, 0x4f2e4d2e2d4d2e4f2e2d27, 'cycle de production', 4, 'cycles', '2008-05-09'),
(44, 0x652e792e2d77652e682e2d, 'outiller la recherche', 5, 'ideas', '2008-05-09'),
(45, 0x732e652e2d642e752e2d77612e652e2d27, 'recherche d''information', 5, 'ideas', '2008-05-09'),
(46, 0x6a2e6a2e2d732e6f2e2d27, 'concept philosophique', 5, 'ideas', '2008-05-09'),
(47, 0x672e776f2e2d, 'mutation du style', 3, 'relations', '2008-05-09'),
(48, 0x662e6f2e2d6a2e6a2e2d732e792e2d27, '(à venir)', 5, 'ideas', '2008-05-09'),
(49, 0x632e632e2d642e6f2e2d27, 'opérations financières', 5, 'ideas', '2008-05-09'),
(50, 0x642e6f2e2d732e6f2e2d732e752e2d27, 'raisonnable', 5, 'ideas', '2008-05-09'),
(51, 0x732e752e2d742e752e2d27, 'idéogramme', 5, 'ideas', '2008-05-09'),
(52, 0x732e612e2d622e612e2d27, 'rôle', 5, 'ideas', '2008-05-09'),
(53, 0x6e2e652e2d622e612e2d27, 'image de la communauté', 5, 'ideas', '2008-05-09'),
(54, 0x6b2e612e2d622e612e2d662e6f2e2d27, 'spectateur', 5, 'ideas', '2008-05-09'),
(55, 0x6d2e6f2e2d6f2e6f2e2d732e792e2d27, '(à venir)', 5, 'ideas', '2008-05-09'),
(56, 0x752e752e2d622e6f2e2d27, 'langue naturelle', 5, 'ideas', '2008-05-09'),
(57, 0x6b2e692e2d6e2e692e2d742e752e2d27, 'assemblé / manufacturé', 5, 'ideas', '2008-05-09'),
(58, 0x77612e682e2d, 'transformer le sens', 3, 'relations', '2008-05-09'),
(59, 0x6c2e752e2d6c2e752e2d642e752e2d27, 'matériel', 5, 'ideas', '2008-05-09'),
(60, 0x752e752e2d732e6f2e2d732e792e2d27, 'sémiologie', 5, 'ideas', '2008-05-09'),
(61, 0x77652e652e2d, 'renouveler les compétences', 3, 'relations', '2008-05-09'),
(62, 0x6d2e752e2d6e2e752e2d642e752e2d27, 'subjectif', 5, 'ideas', '2008-05-09'),
(63, 0x6e2e6f2e2d642e6f2e2d27, 'évaluation', 5, 'ideas', '2008-05-09'),
(64, 0x662e642e2d, 'fruit', 3, 'relations', '2008-05-09'),
(65, 0x692e632e2d, 'travailler sur soi', 3, 'relations', '2008-05-09'),
(66, 0x742e752e2d6d2e752e2d27, 'son', 5, 'ideas', '2008-05-09'),
(67, 0x6c2e752e2d662e752e2d27, 'grain / texture', 5, 'ideas', '2008-05-09'),
(68, 0x742e6f2e2d742e6f2e2d732e752e2d27, 'en transition / temporel', 5, 'ideas', '2008-05-09'),
(69, 0x662e612e2d642e612e2d662e6f2e2d27, 'technicien', 5, 'ideas', '2008-05-09'),
(70, 0x792e792e2d6b2e6f2e2d27, 'communauté savante', 5, 'ideas', '2008-05-09'),
(71, 0x6c2e692e2d642e692e2d27, 'boussole', 5, 'ideas', '2008-05-09'),
(72, 0x77752e622e2d, 'développer sa sensibilité poétique', 3, 'relations', '2008-05-09'),
(73, 0x6e2e6f2e2d742e6f2e2d732e752e2d27, 'en progrès', 5, 'ideas', '2008-05-09'),
(74, 0x732e752e2d6d2e752e2d642e752e2d27, 'onirique', 5, 'ideas', '2008-05-09'),
(75, 0x662e662e2d, 'eau', 3, 'relations', '2008-05-09'),
(76, 0x662e6e2e2d, 'sauvage', 3, 'relations', '2008-05-09'),
(77, 0x692e782e2d, 'travailler la matière', 3, 'relations', '2008-05-09'),
(78, 0x6e2e6f2e2d6c2e6f2e2d732e752e2d27, 'cosmique', 5, 'ideas', '2008-05-09'),
(79, 0x6c2e752e2d742e752e2d27, 'qualité', 5, 'ideas', '2008-05-09'),
(80, 0x6d2e692e2d622e692e2d27, 'parfum', 5, 'ideas', '2008-05-09'),
(81, 0x6d2e6e2e2d, 'ennui', 3, 'relations', '2008-05-09'),
(82, 0x622e6f2e2d6d2e6f2e2d732e752e2d27, 'beau', 5, 'ideas', '2008-05-09'),
(83, 0x6c2e6f2e2d622e6f2e2d27, 'composition', 5, 'ideas', '2008-05-09'),
(84, 0x6b2e752e2d622e752e2d642e752e2d27, 'révélé', 5, 'ideas', '2008-05-09'),
(85, 0x732e692e2d, 'interface', 3, 'relations', '2008-05-09'),
(86, 0x612e612e2d, 'contracter', 3, 'relations', '2008-05-09'),
(87, 0x6d2e752e2d6c2e752e2d642e752e2d27, 'rappelé à la mémoire', 5, 'ideas', '2008-05-09'),
(88, 0x6f2e77612e2d, 'agir dans le cadre du droit administratif / commercial', 3, 'relations', '2008-05-09'),
(89, 0x742e6f2e2d672e672e2d732e792e2d27, '(à venir)', 5, 'ideas', '2008-05-09'),
(90, 0x662e752e2d, 'sensation', 3, 'relations', '2008-05-09'),
(91, 0x6b2e652e2d742e612e2d77612e652e2d27, 'entraînement de la mémoire', 5, 'ideas', '2008-05-09'),
(92, 0x792e792e2d662e6f2e2d732e792e2d27, 'esthétique', 5, 'ideas', '2008-05-09'),
(93, 0x742e692e2d642e692e2d742e752e2d27, 'chronométré', 5, 'ideas', '2008-05-09'),
(94, 0x6f2e6f2e2d622e6f2e2d732e792e2d27, 'communication sociale', 5, 'ideas', '2008-05-09'),
(95, 0x6c2e6f2e2d6f2e6f2e2d27, '(à venir)', 5, 'ideas', '2008-05-09'),
(96, 0x642e652e2d662e692e2d27, 'performance physique', 5, 'ideas', '2008-05-09'),
(97, 0x6c2e6f2e2d732e6f2e2d27, 'exploration', 5, 'ideas', '2008-05-09'),
(98, 0x742e652e2d6e2e752e2d77612e652e2d27, 'écriture littéraire', 5, 'ideas', '2008-05-09'),
(99, 0x732e6f2e2d6e2e6f2e2d27, 'méditation', 5, 'ideas', '2008-05-09'),
(100, 0x662e6f2e2d792e792e2d732e792e2d27, '(à venir)', 5, 'ideas', '2008-05-09'),
(101, 0x6e2e6f2e2d662e6f2e2d27, 'santé', 5, 'ideas', '2008-05-09'),
(102, 0x642e652e2d6d2e692e2d27, 'goût', 5, 'ideas', '2008-05-09'),
(103, 0x642e612e2d622e612e2d27, 'production de spectacle', 5, 'ideas', '2008-05-09'),
(104, 0x682e682e2d6e2e6f2e2d732e792e2d27, 'études sur les droits humains', 5, 'ideas', '2008-05-09'),
(105, 0x6d2e692e2d6c2e692e2d742e752e2d27, 'vêtu / recouvert', 5, 'ideas', '2008-05-09'),
(106, 0x642e612e2d6d2e612e2d662e6f2e2d27, 'enfant', 5, 'ideas', '2008-05-09'),
(107, 0x642e732e2d, 'obscurité', 3, 'relations', '2008-05-09'),
(108, 0x732e752e2d732e752e2d27, 'idée', 5, 'ideas', '2008-05-09'),
(109, 0x6c2e6f2e2d652e652e2d732e792e2d27, '(à venir)', 5, 'ideas', '2008-05-09'),
(110, 0x6b2e6f2e2d6c2e6f2e2d732e752e2d27, 'institué', 5, 'ideas', '2008-05-09'),
(111, 0x742e632e2d, 'legs politique', 3, 'relations', '2008-05-09'),
(112, 0x612e77612e2d, 'créer une entreprise', 3, 'relations', '2008-05-09'),
(113, 0x742e752e2d6c2e752e2d642e752e2d27, 'photographié', 5, 'ideas', '2008-05-09'),
(114, 0x792e6b2e2d, 'ignorer les relations', 3, 'relations', '2008-05-09'),
(115, 0x6c2e77652e2d, 'responsabilité économique', 3, 'relations', '2008-05-09'),
(116, 0x612e6c2e2d, 'transgresser', 3, 'relations', '2008-05-09'),
(117, 0x732e6f2e2d6a2e6a2e2d732e792e2d27, '(à venir)', 5, 'ideas', '2008-05-09'),
(118, 0x77612e77752e2d, 'célébrer', 3, 'relations', '2008-05-09'),
(119, 0x6b2e692e2d662e692e2d27, 'bouche / système digestif', 5, 'ideas', '2008-05-09'),
(120, 0x622e692e2d, 'medium', 3, 'relations', '2008-05-09'),
(121, 0x632e652e2d, 'révolution / changement de pouvoir', 3, 'relations', '2008-05-09'),
(122, 0x6b2e782e2d, 'équipe de projet', 3, 'relations', '2008-05-09'),
(123, 0x77752e77612e2d, 'déplorer', 3, 'relations', '2008-05-09'),
(124, 0x622e6f2e2d702e702e2d732e792e2d27, '(à venir)', 5, 'ideas', '2008-05-09'),
(125, 0x6e2e6e2e2d, 'feu', 3, 'relations', '2008-05-09'),
(126, 0x77652e662e2d, 'satisfaire ses besoins primaires', 3, 'relations', '2008-05-09'),
(127, 0x642e612e2d642e612e2d662e6f2e2d27, 'inventeur', 5, 'ideas', '2008-05-09'),
(128, 0x642e612e2d732e612e2d27, 'étude', 5, 'ideas', '2008-05-09'),
(129, 0x752e792e2d77652e682e2d, 'préciser l''information', 5, 'ideas', '2008-05-09'),
(130, 0x6e2e6f2e2d652e652e2d27, '(à venir)', 5, 'ideas', '2008-05-09'),
(131, 0x642e612e2d6c2e612e2d27, 'renseignement', 5, 'ideas', '2008-05-09'),
(132, 0x622e652e2d742e752e2d27, 'cohérence logique', 5, 'ideas', '2008-05-09'),
(133, 0x752e752e2d662e6f2e2d732e792e2d27, 'musicologie', 5, 'ideas', '2008-05-09'),
(134, 0x782e782e2d622e6f2e2d27, 'supports de télécommunication', 5, 'ideas', '2008-05-09'),
(135, 0x702e702e2d742e6f2e2d732e792e2d27, 'histoire des relations internationales', 5, 'ideas', '2008-05-09'),
(136, 0x642e6f2e2d682e682e2d27, '(à venir)', 5, 'ideas', '2008-05-09'),
(137, 0x732e77612e2d, 'tactique', 3, 'relations', '2008-05-09'),
(138, 0x652e652e2d642e6f2e2d27, 'degré de compétence', 5, 'ideas', '2008-05-09'),
(139, 0x6c2e652e2d662e692e2d77612e652e2d27, 'biotechnologie', 5, 'ideas', '2008-05-09'),
(140, 0x632e662e2d, 'échec', 3, 'relations', '2008-05-09'),
(141, 0x732e652e2d6d2e752e2d27, 'jeu d''acteur', 5, 'ideas', '2008-05-09'),
(142, 0x742e652e2d6b2e752e2d27, 'symbole original', 5, 'ideas', '2008-05-09'),
(143, 0x6e2e6f2e2d6a2e6a2e2d732e792e2d27, '(à venir)', 5, 'ideas', '2008-05-09'),
(144, 0x6d2e6f2e2d6e2e6f2e2d732e752e2d27, 'sage', 5, 'ideas', '2008-05-09'),
(145, 0x782e77752e2d, 'nouvel instrument d''observation', 3, 'relations', '2008-05-09'),
(146, 0x742e642e2d, 'Automne', 3, 'relations', '2008-05-09'),
(147, 0x672e672e2d622e6f2e2d27, 'représentation transversale', 5, 'ideas', '2008-05-09'),
(148, 0x612e692e2d, 'poser sa candidature', 3, 'relations', '2008-05-09'),
(149, 0x6b2e6f2e2d782e782e2d732e792e2d27, '(à venir)', 5, 'ideas', '2008-05-09'),
(150, 0x776f2e682e2d, 'réfléchir aux sens possibles', 3, 'relations', '2008-05-09'),
(151, 0x732e672e2d, 'projet de communication', 3, 'relations', '2008-05-09'),
(152, 0x662e652e2d742e692e2d27, 'matériel entretenu', 5, 'ideas', '2008-05-09'),
(153, 0x6e2e6f2e2d622e6f2e2d27, 'style', 5, 'ideas', '2008-05-09'),
(154, 0x77612e662e2d, 'cultiver son énergie physique', 3, 'relations', '2008-05-09'),
(155, 0x782e, 'mutation matérielle', 2, 'events', '2008-05-09'),
(156, 0x662e6f2e2d6e2e6f2e2d27, 'danse', 5, 'ideas', '2008-05-09'),
(157, 0x622e6f2e2d742e6f2e2d27, 'promesse', 5, 'ideas', '2008-05-09'),
(158, 0x6b2e6f2e2d682e682e2d27, '(à venir)', 5, 'ideas', '2008-05-09'),
(159, 0x642e692e2d6c2e692e2d27, 'lieu / site', 5, 'ideas', '2008-05-09'),
(160, 0x752e752e2d642e6f2e2d732e792e2d27, 'sciences de la documentation', 5, 'ideas', '2008-05-09'),
(161, 0x776f2e702e2d, 'réfléchir aux objets possibles', 3, 'relations', '2008-05-09'),
(162, 0x662e742e2d, 'fleur', 3, 'relations', '2008-05-09'),
(163, 0x742e6f2e2d792e792e2d732e792e2d27, '(à venir)', 5, 'ideas', '2008-05-09'),
(164, 0x702e6c2e2d, 'suffisance', 3, 'relations', '2008-05-09'),
(165, 0x622e752e2d6d2e752e2d642e752e2d27, 'chant', 5, 'ideas', '2008-05-09'),
(166, 0x792e792e2d, 'maîtriser un domaine de connaissance', 3, 'relations', '2008-05-09'),
(167, 0x6e2e612e2d6c2e612e2d27, 'ordre public', 5, 'ideas', '2008-05-09'),
(168, 0x662e652e2d6c2e692e2d77612e652e2d27, 'maîtrise de la construction', 5, 'ideas', '2008-05-09'),
(169, 0x652e732e2d, 'négliger les codes', 3, 'relations', '2008-05-09'),
(170, 0x622e612e2d6b2e612e2d27, 'agir politique', 5, 'ideas', '2008-05-09'),
(171, 0x692e652e2d77652e682e2d, 'investir', 5, 'ideas', '2008-05-09'),
(172, 0x662e6f2e2d6e2e6f2e2d732e752e2d27, 'pas / démarche', 5, 'ideas', '2008-05-09'),
(173, 0x702e702e2d6d2e6f2e2d27, 'promotion d''une marque', 5, 'ideas', '2008-05-09'),
(174, 0x662e6f2e2d742e6f2e2d732e752e2d27, 'en croissance', 5, 'ideas', '2008-05-09'),
(175, 0x792e792e2d6d2e6f2e2d732e792e2d27, 'critique art/science', 5, 'ideas', '2008-05-09'),
(176, 0x77752e612e2d, 'étudier les caractères', 3, 'relations', '2008-05-09'),
(177, 0x622e652e2d642e752e2d27, 'objet de recherche', 5, 'ideas', '2008-05-09'),
(178, 0x6c2e692e2d742e692e2d742e752e2d27, 'fermé / emballé', 5, 'ideas', '2008-05-09'),
(179, 0x702e702e2d732e6f2e2d732e792e2d27, 'théorie de l''apprentissage', 5, 'ideas', '2008-05-09'),
(180, 0x742e682e2d, 'héritage spirituel', 3, 'relations', '2008-05-09'),
(181, 0x6b2e752e2d742e752e2d642e752e2d27, 'prémonitoire', 5, 'ideas', '2008-05-09'),
(182, 0x752e752e2d662e6f2e2d27, 'musique', 5, 'ideas', '2008-05-09'),
(183, 0x553a, 'virtuel', 1, 'elements', '2008-05-09'),
(184, 0x732e652e2d742e752e2d27, 'opération arithmétique', 5, 'ideas', '2008-05-09'),
(185, 0x6f2e792e2d77652e682e2d, 'orienter la recherche', 5, 'ideas', '2008-05-09'),
(186, 0x6f2e6f2e2d6d2e6f2e2d732e792e2d27, 'critique sociale', 5, 'ideas', '2008-05-09'),
(187, 0x6d2e77752e2d, 'goût de vivre', 3, 'relations', '2008-05-09'),
(188, 0x662e752e2d6d2e752e2d642e752e2d27, 'sentimental', 5, 'ideas', '2008-05-09'),
(189, 0x6d2e692e2d732e692e2d742e752e2d27, 'piégé', 5, 'ideas', '2008-05-09'),
(190, 0x642e792e2d, 'connaissance objective', 3, 'relations', '2008-05-09'),
(191, 0x672e77652e2d, 'initiation / nouveau nom', 3, 'relations', '2008-05-09'),
(192, 0x6d2e6f2e2d682e682e2d732e792e2d27, '(à venir)', 5, 'ideas', '2008-05-09'),
(193, 0x652e6f2e2d77652e682e2d, 'poser normes et standards', 5, 'ideas', '2008-05-09'),
(194, 0x6f2e732e2d, 'avoir des préjugés', 3, 'relations', '2008-05-09'),
(195, 0x642e752e2d732e752e2d642e752e2d27, 'cartographié', 5, 'ideas', '2008-05-09'),
(196, 0x742e752e2d662e752e2d642e752e2d27, 'séquentiel', 5, 'ideas', '2008-05-09'),
(197, 0x612e612e2d662e6f2e2d27, 'population humaine', 5, 'ideas', '2008-05-09'),
(198, 0x612e792e2d77652e682e2d, 'investir dans la recherche', 5, 'ideas', '2008-05-09'),
(199, 0x742e732e2d, 'nuit', 3, 'relations', '2008-05-09'),
(200, 0x622e692e2d732e692e2d742e752e2d27, 'atmosphérique', 5, 'ideas', '2008-05-09'),
(201, 0x6b2e6f2e2d642e6f2e2d732e752e2d27, 'honnête', 5, 'ideas', '2008-05-09'),
(202, 0x6e2e752e2d6c2e752e2d642e752e2d27, 'retracé', 5, 'ideas', '2008-05-09'),
(203, 0x642e652e2d642e692e2d27, 'geste précis', 5, 'ideas', '2008-05-09'),
(204, 0x642e652e2d732e692e2d27, 'synchronie corps-esprit', 5, 'ideas', '2008-05-09'),
(205, 0x6d2e752e2d6d2e752e2d27, 'visage', 5, 'ideas', '2008-05-09'),
(206, 0x732e6f2e2d672e672e2d27, '(à venir)', 5, 'ideas', '2008-05-09'),
(207, 0x6e2e752e2d6b2e752e2d27, 'vertu', 5, 'ideas', '2008-05-09'),
(208, 0x662e652e2d662e692e2d27, 'opération sur le corps', 5, 'ideas', '2008-05-09'),
(209, 0x732e6f2e2d692e692e2d27, '(à venir)', 5, 'ideas', '2008-05-09'),
(210, 0x6b2e652e2d6c2e612e2d27, 'sécurité personnelle', 5, 'ideas', '2008-05-09'),
(211, 0x622e6f2e2d612e612e2d732e792e2d27, '(à venir)', 5, 'ideas', '2008-05-09'),
(212, 0x662e6f2e2d632e632e2d732e792e2d27, '(à venir)', 5, 'ideas', '2008-05-09'),
(213, 0x742e6f2e2d662e6f2e2d732e752e2d27, 'périodique', 5, 'ideas', '2008-05-09'),
(214, 0x642e6f2e2d792e792e2d732e792e2d27, '(à venir)', 5, 'ideas', '2008-05-09'),
(215, 0x702e642e2d, 'erreur sur les faits', 3, 'relations', '2008-05-09'),
(216, 0x752e776f2e2d, 'publier ou exposer une oeuvre originale', 3, 'relations', '2008-05-09'),
(217, 0x6b2e6f2e2d702e702e2d27, '(à venir)', 5, 'ideas', '2008-05-09'),
(218, 0x662e752e2d6e2e752e2d642e752e2d27, 'attribué', 5, 'ideas', '2008-05-09'),
(219, 0x6b2e6f2e2d6f2e6f2e2d732e792e2d27, '(à venir)', 5, 'ideas', '2008-05-09'),
(220, 0x732e6f2e2d702e702e2d732e792e2d27, '(à venir)', 5, 'ideas', '2008-05-09'),
(221, 0x732e6f2e2d782e782e2d27, '(à venir)', 5, 'ideas', '2008-05-09'),
(222, 0x682e682e2d6c2e6f2e2d27, 'paysage sacré / espace', 5, 'ideas', '2008-05-09'),
(223, 0x732e6f2e2d612e612e2d27, '(à venir)', 5, 'ideas', '2008-05-09'),
(224, 0x752e622e2d, 'monologuer', 3, 'relations', '2008-05-09'),
(225, 0x662e692e2d742e692e2d27, 'graisse', 5, 'ideas', '2008-05-09'),
(226, 0x6e2e702e2d, 'évolution du marché', 3, 'relations', '2008-05-09'),
(227, 0x622e6f2e2d682e682e2d732e792e2d27, '(à venir)', 5, 'ideas', '2008-05-09'),
(228, 0x792e792e2d642e6f2e2d27, 'paradigme / épistémè', 5, 'ideas', '2008-05-09'),
(229, 0x6a2e732e2d, 'lapsus', 3, 'relations', '2008-05-09'),
(230, 0x622e6f2e2d692e692e2d732e792e2d27, '(à venir)', 5, 'ideas', '2008-05-09'),
(231, 0x6d2e752e2d662e752e2d642e752e2d27, 'agréable', 5, 'ideas', '2008-05-09'),
(232, 0x6d2e692e2d742e692e2d742e752e2d27, 'protégé', 5, 'ideas', '2008-05-09'),
(233, 0x622e77652e2d, 'climat médiatique', 3, 'relations', '2008-05-09'),
(234, 0x642e752e2d662e752e2d27, 'présence', 5, 'ideas', '2008-05-09'),
(235, 0x622e6f2e2d652e652e2d732e792e2d27, '(à venir)', 5, 'ideas', '2008-05-09'),
(236, 0x732e692e2d6d2e692e2d27, 'robot / mécanisme', 5, 'ideas', '2008-05-09'),
(237, 0x742e612e2d6b2e612e2d662e6f2e2d27, 'fonctionnaire', 5, 'ideas', '2008-05-09'),
(238, 0x632e632e2d6e2e6f2e2d27, 'singularité culturelle', 5, 'ideas', '2008-05-09'),
(239, 0x6e2e6f2e2d6c2e6f2e2d27, 'cosmos', 5, 'ideas', '2008-05-09'),
(240, 0x6d2e692e2d6d2e692e2d742e752e2d27, 'fétichisé', 5, 'ideas', '2008-05-09'),
(241, 0x6d2e652e2d6e2e612e2d27, 'personne choisie', 5, 'ideas', '2008-05-09'),
(242, 0x742e612e2d642e612e2d27, 'investissement', 5, 'ideas', '2008-05-09'),
(243, 0x6e2e692e2d6e2e692e2d742e752e2d27, 'source d''énergie', 5, 'ideas', '2008-05-09'),
(244, 0x622e6f2e2d682e682e2d27, '(à venir)', 5, 'ideas', '2008-05-09'),
(245, 0x672e6e2e2d, 'censure', 3, 'relations', '2008-05-09'),
(246, 0x732e612e2d662e612e2d27, 'psychothérapie', 5, 'ideas', '2008-05-09'),
(247, 0x792e77752e2d, 'assumer son identité personnelle', 3, 'relations', '2008-05-09'),
(248, 0x742e6b2e2d, 'Hiver', 3, 'relations', '2008-05-09'),
(249, 0x742e692e2d622e692e2d742e752e2d27, 'informatif', 5, 'ideas', '2008-05-09'),
(250, 0x6b2e6f2e2d6f2e6f2e2d27, '(à venir)', 5, 'ideas', '2008-05-09'),
(251, 0x662e622e2d, 'rouge', 3, 'relations', '2008-05-09'),
(252, 0x6e2e692e2d732e692e2d27, 'moteur', 5, 'ideas', '2008-05-09'),
(253, 0x6b2e752e2d732e752e2d642e752e2d27, 'symétrique', 5, 'ideas', '2008-05-09'),
(254, 0x742e6f2e2d6d2e6f2e2d732e752e2d27, 'espéré', 5, 'ideas', '2008-05-09'),
(255, 0x622e642e2d, 'aigu', 3, 'relations', '2008-05-09'),
(256, 0x622e6f2e2d792e792e2d27, '(à venir)', 5, 'ideas', '2008-05-09'),
(257, 0x6f2e692e2d77652e682e2d, 'orienter la production', 5, 'ideas', '2008-05-09'),
(258, 0x622e682e2d, 'réinterprétation du contexte', 3, 'relations', '2008-05-09'),
(259, 0x6e2e652e2d6d2e612e2d27, 'entente', 5, 'ideas', '2008-05-09'),
(260, 0x642e612e2d6b2e612e2d662e6f2e2d27, 'inspecteur', 5, 'ideas', '2008-05-09'),
(261, 0x77752e702e2d, 're-évaluer l''objet', 3, 'relations', '2008-05-09'),
(262, 0x6d2e652e2d732e612e2d27, 'apprendre des autres', 5, 'ideas', '2008-05-09'),
(263, 0x692e692e2d742e6f2e2d732e792e2d27, 'modèle prédictif', 5, 'ideas', '2008-05-09'),
(264, 0x6c2e6f2e2d6e2e6f2e2d732e752e2d27, 'spatial', 5, 'ideas', '2008-05-09'),
(265, 0x776f2e6e2e2d, 'changer de représentation du monde', 3, 'relations', '2008-05-09'),
(266, 0x6f2e782e2d, 'orienter son travail', 3, 'relations', '2008-05-09'),
(267, 0x692e6d2e2d, 'utiliser les armes', 3, 'relations', '2008-05-09'),
(268, 0x77612e672e2d, 'transformer la documentation', 3, 'relations', '2008-05-09'),
(269, 0x652e, 'pouvoir', 2, 'events', '2008-05-09'),
(270, 0x682e642e2d, 'imitation', 3, 'relations', '2008-05-09'),
(271, 0x732e6f2e2d732e6f2e2d27, 'esprit', 5, 'ideas', '2008-05-09'),
(272, 0x732e77652e2d, 'souci de l''environnement', 3, 'relations', '2008-05-09'),
(273, 0x6b2e612e2d732e612e2d27, 'diplomatie', 5, 'ideas', '2008-05-09'),
(274, 0x672e782e2d, 'commandement', 3, 'relations', '2008-05-09'),
(275, 0x6b2e6f2e2d622e6f2e2d27, 'conversation', 5, 'ideas', '2008-05-09'),
(276, 0x642e6f2e2d642e6f2e2d732e752e2d27, 'examiné', 5, 'ideas', '2008-05-09'),
(277, 0x682e792e2d, 'cadre conceptuel', 3, 'relations', '2008-05-09'),
(278, 0x642e752e2d6b2e752e2d27, 'temple', 5, 'ideas', '2008-05-09'),
(279, 0x6d2e6f2e2d692e692e2d27, '(à venir)', 5, 'ideas', '2008-05-09'),
(280, 0x612e702e2d, 's''impliquer dans son sujet', 3, 'relations', '2008-05-09'),
(281, 0x6d2e652e2d622e612e2d77612e652e2d27, 'sages paroles', 5, 'ideas', '2008-05-09'),
(282, 0x662e6b2e2d, 'mer', 3, 'relations', '2008-05-09'),
(283, 0x6e2e672e2d, 'changement de comportement du public', 3, 'relations', '2008-05-09'),
(284, 0x77612e692e2d, 'utiliser l''équipement', 3, 'relations', '2008-05-09'),
(285, 0x662e752e2d6d2e752e2d27, 'sensibilité', 5, 'ideas', '2008-05-09'),
(286, 0x732e612e2d732e612e2d662e6f2e2d27, 'philosophe', 5, 'ideas', '2008-05-09'),
(287, 0x742e652e2d6b2e752e2d77612e652e2d27, 'création de symbole', 5, 'ideas', '2008-05-09'),
(288, 0x4d2e4d2e2d4d2e4d2e2d27, 'cycle naturel', 4, 'cycles', '2008-05-09'),
(289, 0x612e642e2d, 'être superficiel', 3, 'relations', '2008-05-09'),
(290, 0x732e692e2d6d2e692e2d742e752e2d27, 'mécanique', 5, 'ideas', '2008-05-09'),
(291, 0x672e662e2d, 'opposition', 3, 'relations', '2008-05-09'),
(292, 0x622e652e2d, 'capacité de raisonner', 3, 'relations', '2008-05-09'),
(293, 0x742e612e2d642e612e2d662e6f2e2d27, 'investisseur', 5, 'ideas', '2008-05-09'),
(294, 0x4f2e4d2e2d4f2e4f2e2d27, 'cycle de puissance', 4, 'cycles', '2008-05-09'),
(295, 0x6c2e6e2e2d, 'plein', 3, 'relations', '2008-05-09'),
(296, 0x6d2e6f2e2d6a2e6a2e2d732e792e2d27, '(à venir)', 5, 'ideas', '2008-05-09'),
(297, 0x6d2e612e2d662e612e2d27, 'aide', 5, 'ideas', '2008-05-09'),
(298, 0x6c2e6f2e2d6c2e6f2e2d732e752e2d27, 'complexe', 5, 'ideas', '2008-05-09'),
(299, 0x792e792e2d732e6f2e2d27, 'méthode scientifique', 5, 'ideas', '2008-05-09'),
(300, 0x732e792e2d, 'connaissance organisée', 3, 'relations', '2008-05-09'),
(301, 0x6d2e692e2d662e692e2d742e752e2d27, 'caressé', 5, 'ideas', '2008-05-09'),
(302, 0x732e, 'pensée', 2, 'events', '2008-05-09'),
(303, 0x6d2e752e2d732e752e2d642e752e2d27, 'fantasmé', 5, 'ideas', '2008-05-09'),
(304, 0x622e612e2d742e612e2d27, 'comptes', 5, 'ideas', '2008-05-09'),
(305, 0x6a2e776f2e2d, 'tournant de la réflexion', 3, 'relations', '2008-05-09'),
(306, 0x622e612e2d642e612e2d662e6f2e2d27, 'publicitaire', 5, 'ideas', '2008-05-09'),
(307, 0x612e6f2e2d, 'juger', 3, 'relations', '2008-05-09'),
(308, 0x6f2e6f2e2d742e6f2e2d27, 'identité institutionnelle', 5, 'ideas', '2008-05-09'),
(309, 0x6b2e6c2e2d, 'étendue', 3, 'relations', '2008-05-09'),
(310, 0x732e692e2d662e692e2d27, 'système nerveux / système immunitaire', 5, 'ideas', '2008-05-09'),
(311, 0x672e672e2d732e6f2e2d732e792e2d27, 'théories de la communication', 5, 'ideas', '2008-05-09'),
(312, 0x662e6f2e2d652e652e2d27, '(à venir)', 5, 'ideas', '2008-05-09'),
(313, 0x672e6b2e2d, 'non respect des normes', 3, 'relations', '2008-05-09'),
(314, 0x662e732e2d, 'animal', 3, 'relations', '2008-05-09'),
(315, 0x732e652e2d6e2e752e2d77612e652e2d27, 'vocabulaire', 5, 'ideas', '2008-05-09'),
(316, 0x672e77612e2d, 'rétroaction', 3, 'relations', '2008-05-09'),
(317, 0x6e2e652e2d6c2e612e2d77612e652e2d27, 'protéger un groupe', 5, 'ideas', '2008-05-09'),
(318, 0x742e6f2e2d682e682e2d732e792e2d27, '(à venir)', 5, 'ideas', '2008-05-09'),
(319, 0x682e77752e2d, 'changement de perception du même objet', 3, 'relations', '2008-05-09'),
(320, 0x622e692e2d6c2e692e2d742e752e2d27, 'relié', 5, 'ideas', '2008-05-09'),
(321, 0x6e2e6f2e2d6b2e6f2e2d732e752e2d27, 'religieux', 5, 'ideas', '2008-05-09'),
(322, 0x662e652e2d6e2e692e2d27, 'industrie', 5, 'ideas', '2008-05-09'),
(323, 0x642e6f2e2d6e2e6f2e2d27, 'science', 5, 'ideas', '2008-05-09'),
(324, 0x77652e6f2e2d, 'renouveler les objectifs', 3, 'relations', '2008-05-09'),
(325, 0x702e, 'mutation de référent', 2, 'events', '2008-05-09'),
(326, 0x6e2e652e2d742e612e2d77612e652e2d27, 'initier une tradition', 5, 'ideas', '2008-05-09'),
(327, 0x642e612e2d6e2e612e2d27, 'témoignage', 5, 'ideas', '2008-05-09'),
(328, 0x6d2e692e2d622e692e2d742e752e2d27, 'parfumé', 5, 'ideas', '2008-05-09'),
(329, 0x6b2e612e2d732e612e2d662e6f2e2d27, 'diplomate', 5, 'ideas', '2008-05-09'),
(330, 0x6d2e6f2e2d672e672e2d27, '(à venir)', 5, 'ideas', '2008-05-09'),
(331, 0x662e692e2d6c2e692e2d27, 'charpente', 5, 'ideas', '2008-05-09'),
(332, 0x622e6f2e2d6e2e6f2e2d27, 'poésie', 5, 'ideas', '2008-05-09'),
(333, 0x6b2e672e2d, 'respect des normes et standards', 3, 'relations', '2008-05-09'),
(334, 0x622e752e2d622e752e2d27, 'hypertexte', 5, 'ideas', '2008-05-09'),
(335, 0x77652e6b2e2d, 'constituer des liens sociaux', 3, 'relations', '2008-05-09'),
(336, 0x6e2e6f2e2d6e2e6f2e2d732e752e2d27, 'humain', 5, 'ideas', '2008-05-09'),
(337, 0x6e2e652e2d742e612e2d27, 'civilisation', 5, 'ideas', '2008-05-09'),
(338, 0x692e692e2d6c2e6f2e2d732e792e2d27, 'physique', 5, 'ideas', '2008-05-09'),
(339, 0x642e652e2d742e692e2d77612e652e2d27, 'conduire un véhicule', 5, 'ideas', '2008-05-09'),
(340, 0x6d2e6f2e2d622e6f2e2d27, 'expression', 5, 'ideas', '2008-05-09'),
(341, 0x6d2e612e2d642e612e2d27, 'partenariat', 5, 'ideas', '2008-05-09'),
(342, 0x642e652e2d6b2e692e2d27, 'esprit d''équipe', 5, 'ideas', '2008-05-09'),
(343, 0x682e682e2d662e6f2e2d732e792e2d27, 'bioéthique / éthique médicale', 5, 'ideas', '2008-05-09'),
(344, 0x77612e782e2d, 'transformer le système technique', 3, 'relations', '2008-05-09'),
(345, 0x6e2e782e2d, 'transformation matérielle', 3, 'relations', '2008-05-09'),
(346, 0x792e6f2e2d77652e682e2d, 'définir les problèmes', 5, 'ideas', '2008-05-09'),
(347, 0x6e2e6b2e2d, 'campement', 3, 'relations', '2008-05-09'),
(348, 0x642e752e2d6c2e752e2d642e752e2d27, 'soupçonné', 5, 'ideas', '2008-05-09'),
(349, 0x732e692e2d742e692e2d742e752e2d27, 'filtré', 5, 'ideas', '2008-05-09'),
(350, 0x642e6f2e2d662e6f2e2d27, 'expérience', 5, 'ideas', '2008-05-09'),
(351, 0x6f2e6f2e2d6b2e6f2e2d27, 'régime politique', 5, 'ideas', '2008-05-09'),
(352, 0x77652e, 'reconstituer', 2, 'events', '2008-05-09'),
(353, 0x632e742e2d, 'obsolescence', 3, 'relations', '2008-05-09'),
(354, 0x6b2e692e2d6b2e692e2d742e752e2d27, 'économique', 5, 'ideas', '2008-05-09'),
(355, 0x642e6f2e2d792e792e2d27, '(à venir)', 5, 'ideas', '2008-05-09'),
(356, 0x6e2e692e2d732e692e2d742e752e2d27, 'en mouvement', 5, 'ideas', '2008-05-09'),
(357, 0x6b2e612e2d742e612e2d662e6f2e2d27, 'secrétaire', 5, 'ideas', '2008-05-09'),
(358, 0x6c2e6f2e2d642e6f2e2d27, 'orientation', 5, 'ideas', '2008-05-09'),
(359, 0x792e792e2d6d2e6f2e2d27, 'objet de controverse', 5, 'ideas', '2008-05-09'),
(360, 0x662e6f2e2d662e6f2e2d27, 'corps', 5, 'ideas', '2008-05-09'),
(361, 0x6d2e652e2d642e612e2d27, 'méthode d''enquête', 5, 'ideas', '2008-05-09'),
(362, 0x642e752e2d622e752e2d27, 'avertissement', 5, 'ideas', '2008-05-09'),
(363, 0x702e702e2d742e6f2e2d27, 'relation internationale', 5, 'ideas', '2008-05-09'),
(364, 0x6d2e672e2d, 'empathie', 3, 'relations', '2008-05-09'),
(365, 0x742e652e2d742e752e2d27, 'cognition augmentée', 5, 'ideas', '2008-05-09'),
(366, 0x622e652e2d6e2e752e2d77612e652e2d27, 'érudition littéraire', 5, 'ideas', '2008-05-09'),
(367, 0x6d2e752e2d642e752e2d27, 'maquillage', 5, 'ideas', '2008-05-09'),
(368, 0x6d2e6f2e2d6b2e6f2e2d27, 'compassion', 5, 'ideas', '2008-05-09'),
(369, 0x6c2e692e2d662e692e2d742e752e2d27, 'fort / agile', 5, 'ideas', '2008-05-09'),
(370, 0x6e2e692e2d742e692e2d27, 'carburant', 5, 'ideas', '2008-05-09'),
(371, 0x622e752e2d6e2e752e2d642e752e2d27, 'agissant', 5, 'ideas', '2008-05-09'),
(372, 0x642e6f2e2d672e672e2d732e792e2d27, '(à venir)', 5, 'ideas', '2008-05-09'),
(373, 0x742e672e2d, 'budget', 3, 'relations', '2008-05-09'),
(374, 0x6c2e752e2d, 'trace', 3, 'relations', '2008-05-09'),
(375, 0x642e652e2d622e692e2d77612e652e2d27, 'danser', 5, 'ideas', '2008-05-09'),
(376, 0x652e742e2d, 'offenser', 3, 'relations', '2008-05-09'),
(377, 0x6e2e692e2d622e692e2d27, 'éclairage', 5, 'ideas', '2008-05-09'),
(378, 0x6c2e692e2d622e692e2d27, 'simulation', 5, 'ideas', '2008-05-09'),
(379, 0x642e612e2d6b2e612e2d27, 'inspection', 5, 'ideas', '2008-05-09'),
(380, 0x792e652e2d77652e682e2d, 'proposer des solutions', 5, 'ideas', '2008-05-09'),
(381, '', 'cycle', 4, 'cycles', '2008-05-09'),
(382, 0x662e752e2d662e752e2d642e752e2d27, 'illusoire', 5, 'ideas', '2008-05-09'),
(383, 0x6c2e6f2e2d792e792e2d732e792e2d27, '(à venir)', 5, 'ideas', '2008-05-09'),
(384, 0x652e6b2e2d, 'être emporté par ses passions', 3, 'relations', '2008-05-09'),
(385, 0x662e6f2e2d752e752e2d27, '(à venir)', 5, 'ideas', '2008-05-09'),
(386, 0x6f2e6f2e2d6d2e6f2e2d27, 'problème social', 5, 'ideas', '2008-05-09'),
(387, 0x6b2e752e2d662e752e2d27, 'sainteté', 5, 'ideas', '2008-05-09'),
(388, 0x782e752e2d, 'rédaction', 3, 'relations', '2008-05-09'),
(389, 0x6e2e612e2d742e612e2d662e6f2e2d27, 'avocat', 5, 'ideas', '2008-05-09'),
(390, 0x6d2e6f2e2d672e672e2d732e792e2d27, '(à venir)', 5, 'ideas', '2008-05-09'),
(391, 0x6d2e612e2d6b2e612e2d662e6f2e2d27, 'voisin', 5, 'ideas', '2008-05-09'),
(392, 0x776f2e6d2e2d, 'conscience des émotions', 3, 'relations', '2008-05-09'),
(393, 0x742e6f2e2d782e782e2d732e792e2d27, '(à venir)', 5, 'ideas', '2008-05-09'),
(394, 0x6c2e6f2e2d612e612e2d27, '(à venir)', 5, 'ideas', '2008-05-09'),
(395, 0x742e752e2d732e752e2d27, 'caractère / typographie', 5, 'ideas', '2008-05-09'),
(396, 0x6e2e652e2d6e2e612e2d27, 'raffinement moral', 5, 'ideas', '2008-05-09'),
(397, 0x662e6f2e2d672e672e2d732e792e2d27, '(à venir)', 5, 'ideas', '2008-05-09'),
(398, 0x6e2e612e2d732e612e2d27, 'majorité', 5, 'ideas', '2008-05-09'),
(399, 0x622e652e2d642e752e2d77612e652e2d27, 'documentation', 5, 'ideas', '2008-05-09'),
(400, 0x662e612e2d6e2e612e2d662e6f2e2d27, 'travailleur social', 5, 'ideas', '2008-05-09'),
(401, 0x4f2e4d2e2d4d2e4d2e2d27, 'cycle d''obstacles', 4, 'cycles', '2008-05-09'),
(402, 0x6c2e692e2d642e692e2d742e752e2d27, 'orienté', 5, 'ideas', '2008-05-09'),
(403, 0x6d2e752e2d6d2e752e2d642e752e2d27, 'autre', 5, 'ideas', '2008-05-09'),
(404, 0x652e662e2d, 'être incompétent', 3, 'relations', '2008-05-09'),
(405, 0x6b2e652e2d6e2e612e2d27, 'éthique', 5, 'ideas', '2008-05-09'),
(406, 0x6c2e612e2d742e612e2d27, 'atlas', 5, 'ideas', '2008-05-09'),
(407, 0x6b2e6f2e2d752e752e2d27, '(à venir)', 5, 'ideas', '2008-05-09'),
(408, 0x6c2e692e2d732e692e2d742e752e2d27, 'ouvert', 5, 'ideas', '2008-05-09'),
(409, 0x622e612e2d6c2e612e2d27, 'transport', 5, 'ideas', '2008-05-09'),
(410, 0x6a2e6a2e2d622e6f2e2d27, 'structure formelle', 5, 'ideas', '2008-05-09'),
(411, 0x662e652e2d6e2e692e2d77612e652e2d27, 'maîtrise de la production', 5, 'ideas', '2008-05-09'),
(412, 0x6c2e6f2e2d652e652e2d27, '(à venir)', 5, 'ideas', '2008-05-09'),
(413, 0x622e692e2d662e692e2d27, 'système circulatoire / système respiratoire', 5, 'ideas', '2008-05-09'),
(414, 0x702e702e2d6e2e6f2e2d732e792e2d27, 'études de gouvernance internationales', 5, 'ideas', '2008-05-09'),
(415, 0x622e612e2d622e612e2d662e6f2e2d27, 'auteur', 5, 'ideas', '2008-05-09'),
(416, 0x642e, 'vérité', 2, 'events', '2008-05-09'),
(417, 0x6e2e6f2e2d752e752e2d732e792e2d27, '(à venir)', 5, 'ideas', '2008-05-09'),
(418, 0x792e6a2e2d, 'examiner les media possibles', 3, 'relations', '2008-05-09'),
(419, 0x702e652e2d, 'domaine de compétence', 3, 'relations', '2008-05-09'),
(420, 0x642e652e2d622e692e2d27, 'grâce', 5, 'ideas', '2008-05-09'),
(421, 0x6d2e642e2d, 'repos', 3, 'relations', '2008-05-09'),
(422, 0x682e6b2e2d, 'trahison', 3, 'relations', '2008-05-09'),
(423, 0x742e6f2e2d692e692e2d27, '(à venir)', 5, 'ideas', '2008-05-09'),
(424, 0x6c2e6f2e2d662e6f2e2d732e752e2d27, 'résidant', 5, 'ideas', '2008-05-09'),
(425, 0x6c2e6f2e2d622e6f2e2d732e752e2d27, 'composé', 5, 'ideas', '2008-05-09'),
(426, 0x752e77752e2d, 's''exprimer dans les média', 3, 'relations', '2008-05-09'),
(427, 0x692e692e2d662e6f2e2d732e792e2d27, 'biologie', 5, 'ideas', '2008-05-09'),
(428, 0x682e702e2d, 'critère', 3, 'relations', '2008-05-09'),
(429, 0x642e702e2d, 'intelligence économique', 3, 'relations', '2008-05-09'),
(430, 0x6d2e6f2e2d6d2e6f2e2d27, 'amour', 5, 'ideas', '2008-05-09'),
(431, 0x742e612e2d742e612e2d27, 'fondation', 5, 'ideas', '2008-05-09'),
(432, 0x732e752e2d6b2e752e2d642e752e2d27, 'visualisé', 5, 'ideas', '2008-05-09'),
(433, 0x6c2e702e2d, 'réseau de compétences', 3, 'relations', '2008-05-09'),
(434, 0x652e652e2d642e6f2e2d732e792e2d27, 'tests', 5, 'ideas', '2008-05-09'),
(435, 0x6b2e652e2d6d2e612e2d27, 'autonomie affective', 5, 'ideas', '2008-05-09'),
(436, 0x742e652e2d6c2e752e2d27, 'découverte scientifique', 5, 'ideas', '2008-05-09'),
(437, 0x6c2e652e2d662e692e2d27, 'bioévolution modifiée', 5, 'ideas', '2008-05-09'),
(438, 0x792e612e2d77652e682e2d, 'innover en matière sociale', 5, 'ideas', '2008-05-09'),
(439, 0x792e77612e2d, 'assumer une identité collective / corporative', 3, 'relations', '2008-05-09'),
(440, 0x6e2e682e2d, 'acculturation', 3, 'relations', '2008-05-09'),
(441, 0x642e622e2d, 'grave', 3, 'relations', '2008-05-09'),
(442, 0x6b2e612e2d622e612e2d27, 'spectacle', 5, 'ideas', '2008-05-09'),
(443, '', 'relation', 3, 'relations', '2008-05-09'),
(444, 0x6c2e6f2e2d6a2e6a2e2d732e792e2d27, '(à venir)', 5, 'ideas', '2008-05-09'),
(445, 0x662e612e2d6b2e612e2d662e6f2e2d27, 'hôte', 5, 'ideas', '2008-05-09'),
(446, 0x6b2e6f2e2d742e6f2e2d27, 'histoire', 5, 'ideas', '2008-05-09'),
(447, 0x692e612e2d, 'obtenir', 3, 'relations', '2008-05-09'),
(448, 0x652e652e2d662e6f2e2d732e792e2d27, 'éducation physique', 5, 'ideas', '2008-05-09'),
(449, 0x702e702e2d622e6f2e2d27, 'puissance du discours', 5, 'ideas', '2008-05-09'),
(450, 0x4d2e4f2e2d4f2e4d2e2d27, 'cycle de condition', 4, 'cycles', '2008-05-09'),
(451, 0x742e692e2d662e692e2d742e752e2d27, 'génétique', 5, 'ideas', '2008-05-09'),
(452, 0x6e2e6f2e2d792e792e2d27, '(à venir)', 5, 'ideas', '2008-05-09'),
(453, 0x77652e6e2e2d, 'accepter le jugement des pairs', 3, 'relations', '2008-05-09'),
(454, 0x6d2e782e2d, 'atmosphère de collaboration', 3, 'relations', '2008-05-09'),
(455, 0x6c2e652e2d732e692e2d27, 'compatibilité', 5, 'ideas', '2008-05-09'),
(456, 0x732e6f2e2d6d2e6f2e2d732e752e2d27, 'comique', 5, 'ideas', '2008-05-09'),
(457, 0x652e652e2d742e6f2e2d732e792e2d27, 'histoire des métiers', 5, 'ideas', '2008-05-09'),
(458, 0x6c2e612e2d622e612e2d662e6f2e2d27, 'agent de relation publique', 5, 'ideas', '2008-05-09'),
(459, 0x662e6f2e2d702e702e2d27, '(à venir)', 5, 'ideas', '2008-05-09'),
(460, 0x6f2e77752e2d, 'agir dans le cadre du droit pénal', 3, 'relations', '2008-05-09'),
(461, 0x776f2e642e2d, 'méditer des vérités alternatives', 3, 'relations', '2008-05-09'),
(462, 0x782e732e2d, 'inertie', 3, 'relations', '2008-05-09'),
(463, 0x732e752e2d742e752e2d642e752e2d27, 'schématisé', 5, 'ideas', '2008-05-09'),
(464, 0x4d2e4d2e2d4f2e4f2e2d27, 'sources du sens', 4, 'cycles', '2008-05-09'),
(465, 0x6a2e6a2e2d6b2e6f2e2d27, 'écosystème cognitif', 5, 'ideas', '2008-05-09'),
(466, 0x642e6d2e2d, 'faim / soif', 3, 'relations', '2008-05-09'),
(467, 0x4d2e4f2e2d4f2e4f2e2d27, 'cycle d''impermanence', 4, 'cycles', '2008-05-09'),
(468, 0x662e612e2d732e612e2d27, 'consultation', 5, 'ideas', '2008-05-09'),
(469, 0x782e702e2d, 'prêt', 3, 'relations', '2008-05-09'),
(470, 0x792e6f2e2d, 'établir des priorités', 3, 'relations', '2008-05-09'),
(471, 0x642e6f2e2d642e6f2e2d27, 'enquête', 5, 'ideas', '2008-05-09'),
(472, '', 'éléments', 1, 'elements', '2008-05-09'),
(473, 0x6c2e6f2e2d752e752e2d27, '(à venir)', 5, 'ideas', '2008-05-09'),
(474, 0x6a2e77652e2d, 'conséquences des actes', 3, 'relations', '2008-05-09'),
(475, 0x642e752e2d6d2e752e2d27, 'réaction physique', 5, 'ideas', '2008-05-09'),
(476, 0x6e2e612e2d6b2e612e2d662e6f2e2d27, 'réformateur', 5, 'ideas', '2008-05-09'),
(477, 0x652e652e2d6c2e6f2e2d27, 'emploi', 5, 'ideas', '2008-05-09'),
(478, 0x662e612e2d662e612e2d27, 'culture / élevage', 5, 'ideas', '2008-05-09'),
(479, 0x632e6a2e2d, 'évolution juridique', 3, 'relations', '2008-05-09'),
(480, 0x632e632e2d742e6f2e2d732e792e2d27, 'sciences historiques', 5, 'ideas', '2008-05-09'),
(481, 0x732e6f2e2d752e752e2d27, '(à venir)', 5, 'ideas', '2008-05-09'),
(482, 0x702e682e2d, 'discernement', 3, 'relations', '2008-05-09'),
(483, 0x6c2e77752e2d, 'liberté d''expression', 3, 'relations', '2008-05-09'),
(484, 0x752e752e2d6d2e6f2e2d732e792e2d27, 'philologie', 5, 'ideas', '2008-05-09'),
(485, 0x642e77612e2d, 'contrainte éthique', 3, 'relations', '2008-05-09'),
(486, 0x652e6a2e2d, 'maîtriser un medium', 3, 'relations', '2008-05-09'),
(487, 0x732e752e2d6e2e752e2d642e752e2d27, 'conceptuel', 5, 'ideas', '2008-05-09'),
(488, 0x6d2e652e2d6c2e612e2d27, 'force de la loi', 5, 'ideas', '2008-05-09'),
(489, 0x6b2e692e2d6c2e692e2d27, 'maison / bâtiment', 5, 'ideas', '2008-05-09'),
(490, 0x752e752e2d642e6f2e2d27, 'dossier', 5, 'ideas', '2008-05-09'),
(491, 0x6b2e692e2d6c2e692e2d742e752e2d27, 'bâti', 5, 'ideas', '2008-05-09'),
(492, 0x732e612e2d662e612e2d662e6f2e2d27, 'psychologue', 5, 'ideas', '2008-05-09'),
(493, 0x6b2e6f2e2d792e792e2d27, '(à venir)', 5, 'ideas', '2008-05-09'),
(494, 0x782e672e2d, 'contr''ordre', 3, 'relations', '2008-05-09'),
(495, 0x77612e6c2e2d, 'étendre la portée de l''action', 3, 'relations', '2008-05-09'),
(496, 0x682e6a2e2d, 'questionnement', 3, 'relations', '2008-05-09'),
(497, 0x6d2e692e2d6e2e692e2d742e752e2d27, 'nettoyé', 5, 'ideas', '2008-05-09'),
(498, 0x692e6a2e2d, 'raffiner son langage', 3, 'relations', '2008-05-09'),
(499, 0x652e77652e2d, 'contrôler la reproduction', 3, 'relations', '2008-05-09'),
(500, 0x77652e782e2d, 'unifier le système technique', 3, 'relations', '2008-05-09'),
(501, 0x662e652e2d642e692e2d27, 'mesure', 5, 'ideas', '2008-05-09'),
(502, 0x732e652e2d622e752e2d27, 'ouverture culturelle', 5, 'ideas', '2008-05-09'),
(503, 0x642e6f2e2d6f2e6f2e2d27, '(à venir)', 5, 'ideas', '2008-05-09'),
(504, 0x6c2e732e2d, 'bas', 3, 'relations', '2008-05-09'),
(505, 0x642e6f2e2d612e612e2d732e792e2d27, '(à venir)', 5, 'ideas', '2008-05-09'),
(506, 0x622e612e2d732e612e2d662e6f2e2d27, 'lecteur', 5, 'ideas', '2008-05-09'),
(507, 0x632e612e2d, 'renoncement', 3, 'relations', '2008-05-09'),
(508, 0x752e752e2d77652e682e2d, 'mettre en cohérence', 5, 'ideas', '2008-05-09'),
(509, 0x672e672e2d6b2e6f2e2d732e792e2d27, 'études du journalism', 5, 'ideas', '2008-05-09'),
(510, 0x612e77652e2d, 'créer une famille', 3, 'relations', '2008-05-09'),
(511, 0x672e672e2d662e6f2e2d27, 'contrôle écosystèmes', 5, 'ideas', '2008-05-09'),
(512, 0x6d2e652e2d662e612e2d77612e652e2d27, 'procurer du bien-être', 5, 'ideas', '2008-05-09'),
(513, 0x662e652e2d742e692e2d77612e652e2d27, 'maintenance', 5, 'ideas', '2008-05-09'),
(514, 0x622e6f2e2d642e6f2e2d27, 'clarté', 5, 'ideas', '2008-05-09'),
(515, 0x6c2e6f2e2d612e612e2d732e792e2d27, '(à venir)', 5, 'ideas', '2008-05-09'),
(516, 0x662e612e2d6d2e612e2d662e6f2e2d27, 'mère', 5, 'ideas', '2008-05-09'),
(517, 0x782e782e2d732e6f2e2d27, 'méthodes d''enseignement', 5, 'ideas', '2008-05-09'),
(518, 0x732e6f2e2d6f2e6f2e2d732e792e2d27, '(à venir)', 5, 'ideas', '2008-05-09'),
(519, 0x6e2e6f2e2d792e792e2d732e792e2d27, '(à venir)', 5, 'ideas', '2008-05-09'),
(520, 0x742e752e2d, 'marque', 3, 'relations', '2008-05-09'),
(521, 0x6f2e652e2d, 'diriger', 3, 'relations', '2008-05-09'),
(522, 0x632e632e2d732e6f2e2d732e792e2d27, 'anthropologie', 5, 'ideas', '2008-05-09'),
(523, 0x642e6f2e2d6c2e6f2e2d27, 'ordre', 5, 'ideas', '2008-05-09'),
(524, 0x632e6c2e2d, 'exil', 3, 'relations', '2008-05-09'),
(525, 0x632e632e2d6c2e6f2e2d732e792e2d27, 'géographie', 5, 'ideas', '2008-05-09'),
(526, 0x6c2e6f2e2d632e632e2d27, '(à venir)', 5, 'ideas', '2008-05-09'),
(527, 0x642e612e2d622e612e2d662e6f2e2d27, 'producteur', 5, 'ideas', '2008-05-09'),
(528, 0x742e752e2d742e752e2d642e752e2d27, 'quantité', 5, 'ideas', '2008-05-09'),
(529, 0x782e782e2d662e6f2e2d732e792e2d27, 'biologie médicale', 5, 'ideas', '2008-05-09'),
(530, 0x6d2e6f2e2d632e632e2d27, '(à venir)', 5, 'ideas', '2008-05-09'),
(531, 0x612e612e2d742e6f2e2d27, 'lignée', 5, 'ideas', '2008-05-09'),
(532, 0x742e652e2d732e752e2d27, 'design original', 5, 'ideas', '2008-05-09'),
(533, 0x732e6f2e2d652e652e2d732e792e2d27, '(à venir)', 5, 'ideas', '2008-05-09'),
(534, 0x742e652e2d622e752e2d27, 'public conquis', 5, 'ideas', '2008-05-09'),
(535, 0x6a2e6a2e2d6b2e6f2e2d732e792e2d27, 'écologie cognitive', 5, 'ideas', '2008-05-09'),
(536, 0x662e6f2e2d6f2e6f2e2d27, '(à venir)', 5, 'ideas', '2008-05-09'),
(537, 0x732e612e2d6d2e612e2d662e6f2e2d27, 'époux', 5, 'ideas', '2008-05-09'),
(538, 0x732e752e2d662e752e2d642e752e2d27, 'perçu', 5, 'ideas', '2008-05-09'),
(539, 0x652e652e2d77652e682e2d, 'résoudre les problèmes', 5, 'ideas', '2008-05-09'),
(540, 0x6d2e612e2d6c2e612e2d27, 'fabrication', 5, 'ideas', '2008-05-09'),
(541, 0x6d2e682e2d, 'cohérence entre actes et paroles', 3, 'relations', '2008-05-09'),
(542, 0x692e6c2e2d, 'tomber dans un piège', 3, 'relations', '2008-05-09'),
(543, 0x622e752e2d662e752e2d27, 'forme / genre littéraire', 5, 'ideas', '2008-05-09'),
(544, 0x752e632e2d, 's''engager à changer', 3, 'relations', '2008-05-09'),
(545, 0x622e6f2e2d702e702e2d27, '(à venir)', 5, 'ideas', '2008-05-09'),
(546, 0x6d2e6f2e2d612e612e2d732e792e2d27, '(à venir)', 5, 'ideas', '2008-05-09'),
(547, 0x752e6a2e2d, 'analyser son langage', 3, 'relations', '2008-05-09'),
(548, 0x742e6f2e2d752e752e2d732e792e2d27, '(à venir)', 5, 'ideas', '2008-05-09'),
(549, 0x732e6f2e2d612e612e2d732e792e2d27, '(à venir)', 5, 'ideas', '2008-05-09'),
(550, 0x662e752e2d642e752e2d27, 'exclamation', 5, 'ideas', '2008-05-09'),
(551, 0x6f2e612e2d, 'convenir', 3, 'relations', '2008-05-09'),
(552, 0x6c2e752e2d6c2e752e2d27, 'matière', 5, 'ideas', '2008-05-09'),
(553, 0x6c2e652e2d6c2e692e2d77612e652e2d27, 'architecte', 5, 'ideas', '2008-05-09'),
(554, 0x4d2e4f2e2d4d2e4d2e2d27, 'cycle d''épreuves', 4, 'cycles', '2008-05-09'),
(555, 0x6e2e692e2d642e692e2d27, 'roue / levier', 5, 'ideas', '2008-05-09'),
(556, 0x792e6d2e2d, 'ignorer les émotions', 3, 'relations', '2008-05-09'),
(557, 0x642e6f2e2d6b2e6f2e2d27, 'sécurité', 5, 'ideas', '2008-05-09'),
(558, 0x672e702e2d, 'preuve', 3, 'relations', '2008-05-09'),
(559, 0x77652e752e2d, 'rafraîchir sa documentation', 3, 'relations', '2008-05-09'),
(560, 0x6d2e752e2d642e752e2d642e752e2d27, 'maquillé', 5, 'ideas', '2008-05-09'),
(561, 0x6d2e6f2e2d752e752e2d27, '(à venir)', 5, 'ideas', '2008-05-09'),
(562, 0x6a2e782e2d, 'mutation économique', 3, 'relations', '2008-05-09'),
(563, 0x6e2e692e2d662e692e2d742e752e2d27, 'pris / possédé', 5, 'ideas', '2008-05-09'),
(564, 0x642e652e2d662e692e2d77612e652e2d27, 'athlétisme', 5, 'ideas', '2008-05-09'),
(565, 0x682e682e2d642e6f2e2d27, 'pratiques et croyances religieuses', 5, 'ideas', '2008-05-09'),
(566, 0x782e782e2d6c2e6f2e2d732e792e2d27, 'études logistique / transports', 5, 'ideas', '2008-05-09'),
(567, 0x6e2e752e2d662e752e2d27, 'couleur', 5, 'ideas', '2008-05-09'),
(568, 0x6d2e752e2d742e752e2d642e752e2d27, 'masqué', 5, 'ideas', '2008-05-09'),
(569, 0x742e6f2e2d622e6f2e2d732e752e2d27, 'narré', 5, 'ideas', '2008-05-09'),
(570, 0x6d2e6f2e2d6e2e6f2e2d27, 'sagesse', 5, 'ideas', '2008-05-09'),
(571, 0x662e752e2d732e752e2d642e752e2d27, 'imaginé', 5, 'ideas', '2008-05-09'),
(572, 0x742e612e2d622e612e2d27, 'édition', 5, 'ideas', '2008-05-09'),
(573, 0x6b2e752e2d662e752e2d642e752e2d27, 'saint', 5, 'ideas', '2008-05-09'),
(574, 0x742e692e2d742e692e2d27, 'dispositif d''enregistrement', 5, 'ideas', '2008-05-09'),
(575, 0x6b2e6f2e2d752e752e2d732e792e2d27, '(à venir)', 5, 'ideas', '2008-05-09'),
(576, 0x662e6f2e2d612e612e2d27, '(à venir)', 5, 'ideas', '2008-05-09'),
(577, 0x692e692e2d77652e682e2d, 'assurer la compatibilité', 5, 'ideas', '2008-05-09'),
(578, 0x702e77752e2d, 'création / destruction d''objet', 3, 'relations', '2008-05-09'),
(579, 0x622e612e2d6d2e612e2d662e6f2e2d27, 'amant / amante', 5, 'ideas', '2008-05-09'),
(580, 0x742e752e2d622e752e2d642e752e2d27, 'écrit', 5, 'ideas', '2008-05-09'),
(581, 0x662e612e2d622e612e2d27, 'concert', 5, 'ideas', '2008-05-09'),
(582, 0x702e702e2d6d2e6f2e2d732e792e2d27, 'études de la publicité', 5, 'ideas', '2008-05-09'),
(583, 0x6b2e752e2d6c2e752e2d27, 'relique / dépouille', 5, 'ideas', '2008-05-09'),
(584, 0x6c2e692e2d6d2e692e2d742e752e2d27, 'meublé', 5, 'ideas', '2008-05-09'),
(585, 0x672e642e2d, 'erreur de calcul', 3, 'relations', '2008-05-09'),
(586, 0x612e776f2e2d, 'créer une oeuvre', 3, 'relations', '2008-05-09'),
(587, 0x6c2e652e2d, 'compétence en ingénierie', 3, 'relations', '2008-05-09'),
(588, 0x742e612e2d, 'scribe', 3, 'relations', '2008-05-09'),
(589, 0x792e792e2d662e6f2e2d27, 'règle de goût', 5, 'ideas', '2008-05-09'),
(590, 0x77752e77752e2d, 'découvrir', 3, 'relations', '2008-05-09'),
(591, 0x6e2e752e2d642e752e2d642e752e2d27, 'étiqueté', 5, 'ideas', '2008-05-09'),
(592, '', 'idée', 5, 'ideas', '2008-05-09'),
(593, 0x6c2e6d2e2d, 'abri', 3, 'relations', '2008-05-09'),
(594, 0x782e6b2e2d, 'incoordination', 3, 'relations', '2008-05-09'),
(595, 0x642e692e2d732e692e2d27, 'circuit intégré', 5, 'ideas', '2008-05-09'),
(596, 0x652e652e2d6b2e6f2e2d27, 'corporation', 5, 'ideas', '2008-05-09'),
(597, 0x632e6d2e2d, 'persécution', 3, 'relations', '2008-05-09'),
(598, 0x702e702e2d6c2e6f2e2d27, 'rapport de force', 5, 'ideas', '2008-05-09'),
(599, 0x792e682e2d, 'examiner les sens possibles', 3, 'relations', '2008-05-09'),
(600, 0x792e792e2d77652e682e2d, 'clarifier la connaissance', 5, 'ideas', '2008-05-09'),
(601, 0x622e6d2e2d, 'rire', 3, 'relations', '2008-05-09'),
(602, 0x6a2e, 'mutation de signifiant', 2, 'events', '2008-05-09'),
(603, 0x692e692e2d742e6f2e2d27, 'relation de cause à effet', 5, 'ideas', '2008-05-09'),
(604, 0x6a2e77612e2d, 'changement de justifications', 3, 'relations', '2008-05-09'),
(605, 0x692e652e2d, 'prêter', 3, 'relations', '2008-05-09'),
(606, 0x782e682e2d, 'exécution', 3, 'relations', '2008-05-09'),
(607, 0x682e682e2d6b2e6f2e2d732e792e2d27, 'ecclésiologie', 5, 'ideas', '2008-05-09'),
(608, 0x792e792e2d622e6f2e2d732e792e2d27, 'diffusion / vulgarisation', 5, 'ideas', '2008-05-09'),
(609, 0x622e612e2d6d2e612e2d27, 'érotisme', 5, 'ideas', '2008-05-09'),
(610, 0x6e2e77652e2d, 'racines culturelles', 3, 'relations', '2008-05-09'),
(611, 0x792e652e2d, 'enseigner', 3, 'relations', '2008-05-09'),
(612, 0x732e652e2d662e752e2d27, 'performance musicale', 5, 'ideas', '2008-05-09'),
(613, 0x77652e732e2d, 'cultiver l''équilibre intellectuel', 3, 'relations', '2008-05-09'),
(614, 0x682e682e2d6e2e6f2e2d27, 'droits de l''homme', 5, 'ideas', '2008-05-09'),
(615, 0x612e612e2d6b2e6f2e2d732e792e2d27, 'études de la société civile', 5, 'ideas', '2008-05-09'),
(616, 0x742e6f2e2d752e752e2d27, '(à venir)', 5, 'ideas', '2008-05-09'),
(617, 0x6b2e6f2e2d6c2e6f2e2d27, 'institution', 5, 'ideas', '2008-05-09'),
(618, 0x682e622e2d, 'manipulation', 3, 'relations', '2008-05-09'),
(619, 0x672e6a2e2d, 'explicitation', 3, 'relations', '2008-05-09'),
(620, 0x692e692e2d6b2e6f2e2d27, 'technologie / procédé technique', 5, 'ideas', '2008-05-09'),
(621, 0x732e652e2d622e752e2d77612e652e2d27, 'parler une seconde langue', 5, 'ideas', '2008-05-09'),
(622, 0x702e6b2e2d, 'fermeture d''unité économique', 3, 'relations', '2008-05-09'),
(623, 0x6e2e752e2d622e752e2d642e752e2d27, 'proposé', 5, 'ideas', '2008-05-09'),
(624, 0x642e692e2d6b2e692e2d27, 'monnaie', 5, 'ideas', '2008-05-09'),
(625, 0x622e622e2d, 'souffle', 3, 'relations', '2008-05-09'),
(626, 0x692e692e2d6b2e6f2e2d732e792e2d27, 'recherche et développement', 5, 'ideas', '2008-05-09'),
(627, 0x782e6d2e2d, 'harcèlement', 3, 'relations', '2008-05-09'),
(628, 0x732e652e2d6b2e752e2d27, 'lecture / écriture', 5, 'ideas', '2008-05-09'),
(629, 0x642e6f2e2d782e782e2d27, '(à venir)', 5, 'ideas', '2008-05-09'),
(630, 0x642e6c2e2d, 'vertical', 3, 'relations', '2008-05-09'),
(631, 0x782e782e2d6c2e6f2e2d27, 'fourniture à grande échelle', 5, 'ideas', '2008-05-09'),
(632, 0x6b2e692e2d6d2e692e2d742e752e2d27, 'symbole de jeu', 5, 'ideas', '2008-05-09'),
(633, 0x642e692e2d662e692e2d27, 'organe sensoriel', 5, 'ideas', '2008-05-09'),
(634, 0x642e6f2e2d6a2e6a2e2d27, '(à venir)', 5, 'ideas', '2008-05-09'),
(635, 0x6c2e652e2d622e692e2d27, 'monde virtuel', 5, 'ideas', '2008-05-09'),
(636, 0x732e652e2d6d2e752e2d77612e652e2d27, 'jouer la comédie', 5, 'ideas', '2008-05-09'),
(637, 0x792e782e2d, 'revue des méthodes possibles', 3, 'relations', '2008-05-09'),
(638, 0x792e6c2e2d, 'ignorer ses ou les limites', 3, 'relations', '2008-05-09'),
(639, 0x672e632e2d, 'décision', 3, 'relations', '2008-05-09'),
(640, 0x742e6f2e2d632e632e2d732e792e2d27, '(à venir)', 5, 'ideas', '2008-05-09'),
(641, 0x6e2e752e2d732e752e2d642e752e2d27, 'total / intégral', 5, 'ideas', '2008-05-09'),
(642, 0x6d2e752e2d732e752e2d27, 'fantasme', 5, 'ideas', '2008-05-09'),
(643, 0x792e742e2d, 'être amnésique', 3, 'relations', '2008-05-09'),
(644, 0x732e612e2d6e2e612e2d27, 'avancée', 5, 'ideas', '2008-05-09'),
(645, 0x6f2e622e2d, 'accumuler les malentendus', 3, 'relations', '2008-05-09'),
(646, 0x612e612e2d6b2e6f2e2d27, 'mouvement social', 5, 'ideas', '2008-05-09'),
(647, 0x77752e752e2d, 'trouver l''information', 3, 'relations', '2008-05-09'),
(648, 0x652e622e2d, 'être incohérent', 3, 'relations', '2008-05-09'),
(649, 0x6a2e752e2d, 'message', 3, 'relations', '2008-05-09'),
(650, 0x6b2e612e2d6d2e612e2d27, 'fraternité', 5, 'ideas', '2008-05-09'),
(651, 0x6b2e6f2e2d652e652e2d27, '(à venir)', 5, 'ideas', '2008-05-09'),
(652, 0x792e77652e2d, 'assumer sa tradition ou son identité familiale', 3, 'relations', '2008-05-09');
INSERT INTO `ieml_onto` (`ieml_id`, `ieml_code`, `ieml_lib`, `ieml_niveau`, `ieml_parent`, `ieml_date`) VALUES 
(653, 0x732e652e2d6c2e752e2d27, 'nature', 5, 'ideas', '2008-05-09'),
(654, 0x672e672e2d732e6f2e2d27, 'communication inter-humaine', 5, 'ideas', '2008-05-09'),
(655, 0x732e6f2e2d642e6f2e2d732e752e2d27, 'humble', 5, 'ideas', '2008-05-09'),
(656, 0x732e752e2d6d2e752e2d27, 'rêve', 5, 'ideas', '2008-05-09'),
(657, 0x622e612e2d732e612e2d27, 'lecture', 5, 'ideas', '2008-05-09'),
(658, 0x622e732e2d, 'bleu', 3, 'relations', '2008-05-09'),
(659, 0x6f2e776f2e2d, 'agir dans le cadre du droit de propriété intellectuelle', 3, 'relations', '2008-05-09'),
(660, 0x6d2e752e2d622e752e2d642e752e2d27, 'ensorcelé', 5, 'ideas', '2008-05-09'),
(661, 0x732e692e2d6c2e692e2d27, 'articulation physique', 5, 'ideas', '2008-05-09'),
(662, 0x622e6f2e2d672e672e2d732e792e2d27, '(à venir)', 5, 'ideas', '2008-05-09'),
(663, 0x77752e, 'percevoir', 2, 'events', '2008-05-09'),
(664, 0x6d2e6f2e2d792e792e2d732e792e2d27, '(à venir)', 5, 'ideas', '2008-05-09'),
(665, 0x662e6f2e2d682e682e2d732e792e2d27, '(à venir)', 5, 'ideas', '2008-05-09'),
(666, 0x672e77752e2d, 'seuil de perception', 3, 'relations', '2008-05-09'),
(667, 0x752e752e2d6b2e6f2e2d732e792e2d27, 'socio-linguistique', 5, 'ideas', '2008-05-09'),
(668, 0x622e6f2e2d642e6f2e2d732e752e2d27, 'clair', 5, 'ideas', '2008-05-09'),
(669, 0x6c2e692e2d662e692e2d27, 'muscle / squelette', 5, 'ideas', '2008-05-09'),
(670, 0x732e652e2d732e752e2d77612e652e2d27, 'dessiner / peindre', 5, 'ideas', '2008-05-09'),
(671, 0x672e792e2d, 'diplôme / crédit de savoir', 3, 'relations', '2008-05-09'),
(672, 0x6d2e652e2d6d2e612e2d77612e652e2d27, 'sollicitude', 5, 'ideas', '2008-05-09'),
(673, 0x652e776f2e2d, 'posséder un talent ou un don', 3, 'relations', '2008-05-09'),
(674, 0x652e6c2e2d, 'être irréaliste', 3, 'relations', '2008-05-09'),
(675, 0x662e692e2d622e692e2d742e752e2d27, 'médicamenté', 5, 'ideas', '2008-05-09'),
(676, 0x6c2e6f2e2d742e6f2e2d732e752e2d27, 'loin', 5, 'ideas', '2008-05-09'),
(677, 0x6f2e6f2e2d6e2e6f2e2d27, 'loi / règlement', 5, 'ideas', '2008-05-09'),
(678, 0x732e782e2d, 'projet technique', 3, 'relations', '2008-05-09'),
(679, 0x662e77752e2d, 'éclat des perceptions', 3, 'relations', '2008-05-09'),
(680, 0x732e612e2d622e612e2d662e6f2e2d27, 'acteur', 5, 'ideas', '2008-05-09'),
(681, 0x652e612e2d77652e682e2d, 'enrichir sa communauté', 5, 'ideas', '2008-05-09'),
(682, 0x77652e6d2e2d, 'cultiver l''équilibre émotionnel', 3, 'relations', '2008-05-09'),
(683, 0x782e6a2e2d, 'évolution de la computation', 3, 'relations', '2008-05-09'),
(684, 0x6d2e692e2d732e692e2d27, 'appât', 5, 'ideas', '2008-05-09'),
(685, 0x692e692e2d732e6f2e2d27, 'possibilité conditionnée', 5, 'ideas', '2008-05-09'),
(686, 0x752e752e2d6c2e6f2e2d27, 'réseau sémantique', 5, 'ideas', '2008-05-09'),
(687, 0x6c2e, 'espace', 2, 'events', '2008-05-09'),
(688, 0x77612e752e2d, 'étudier la documentation', 3, 'relations', '2008-05-09'),
(689, 0x632e682e2d, 'évolution des valeurs', 3, 'relations', '2008-05-09'),
(690, 0x642e612e2d6d2e612e2d27, 'descendance', 5, 'ideas', '2008-05-09'),
(691, 0x732e752e2d622e752e2d642e752e2d27, 'énoncé', 5, 'ideas', '2008-05-09'),
(692, 0x6e2e612e2d622e612e2d27, 'nouvelle', 5, 'ideas', '2008-05-09'),
(693, 0x6c2e6f2e2d6b2e6f2e2d27, 'territoire', 5, 'ideas', '2008-05-09'),
(694, 0x6e2e652e2d6b2e612e2d77612e652e2d27, 'être un exemple', 5, 'ideas', '2008-05-09'),
(695, 0x632e632e2d732e6f2e2d27, 'espèce humaine', 5, 'ideas', '2008-05-09'),
(696, 0x612e622e2d, 'plagier', 3, 'relations', '2008-05-09'),
(697, 0x692e77652e2d, 'équiper un ménage', 3, 'relations', '2008-05-09'),
(698, 0x6b2e77612e2d, 'communauté d''action', 3, 'relations', '2008-05-09'),
(699, 0x742e752e2d6e2e752e2d642e752e2d27, 'unique', 5, 'ideas', '2008-05-09'),
(700, 0x612e612e2d642e6f2e2d732e792e2d27, 'statistiques', 5, 'ideas', '2008-05-09'),
(701, 0x682e682e2d622e6f2e2d27, 'enseignement spirituel', 5, 'ideas', '2008-05-09'),
(702, 0x732e692e2d6b2e692e2d742e752e2d27, 'récolté', 5, 'ideas', '2008-05-09'),
(703, 0x6c2e6f2e2d6e2e6f2e2d27, 'architecture', 5, 'ideas', '2008-05-09'),
(704, 0x6e2e752e2d6e2e752e2d27, 'question', 5, 'ideas', '2008-05-09'),
(705, 0x6b2e652e2d6c2e612e2d77612e652e2d27, 'auto-protection', 5, 'ideas', '2008-05-09'),
(706, 0x642e692e2d6c2e692e2d742e752e2d27, 'adresse / indicateur', 5, 'ideas', '2008-05-09'),
(707, 0x732e6f2e2d632e632e2d27, '(à venir)', 5, 'ideas', '2008-05-09'),
(708, 0x742e6f2e2d692e692e2d732e792e2d27, '(à venir)', 5, 'ideas', '2008-05-09'),
(709, 0x6e2e612e2d622e612e2d662e6f2e2d27, 'journaliste', 5, 'ideas', '2008-05-09'),
(710, 0x642e612e2d662e612e2d27, 'leçon', 5, 'ideas', '2008-05-09'),
(711, 0x672e672e2d642e6f2e2d27, 'raisonnement valid', 5, 'ideas', '2008-05-09'),
(712, 0x6e2e612e2d732e612e2d662e6f2e2d27, 'adulte', 5, 'ideas', '2008-05-09'),
(713, 0x642e6f2e2d612e612e2d27, '(à venir)', 5, 'ideas', '2008-05-09'),
(714, 0x6b2e612e2d642e612e2d662e6f2e2d27, 'vendeur', 5, 'ideas', '2008-05-09'),
(715, 0x6e2e752e2d662e752e2d642e752e2d27, 'visuel', 5, 'ideas', '2008-05-09'),
(716, 0x6c2e6f2e2d792e792e2d27, '(à venir)', 5, 'ideas', '2008-05-09'),
(717, 0x782e692e2d, 'produit', 3, 'relations', '2008-05-09'),
(718, 0x6e2e612e2d742e612e2d27, 'procès', 5, 'ideas', '2008-05-09'),
(719, 0x742e692e2d622e692e2d27, 'document', 5, 'ideas', '2008-05-09'),
(720, 0x642e752e2d6c2e752e2d27, 'indice', 5, 'ideas', '2008-05-09'),
(721, 0x6d2e6f2e2d702e702e2d732e792e2d27, '(à venir)', 5, 'ideas', '2008-05-09'),
(722, 0x6e2e752e2d6d2e752e2d27, 'imitation', 5, 'ideas', '2008-05-09'),
(723, 0x632e632e2d662e6f2e2d27, 'relations de genre / de sexe', 5, 'ideas', '2008-05-09'),
(724, 0x702e702e2d6b2e6f2e2d27, 'production / échange / consommation', 5, 'ideas', '2008-05-09'),
(725, 0x752e752e2d6c2e6f2e2d732e792e2d27, 'cartographie sémantique', 5, 'ideas', '2008-05-09'),
(726, 0x6b2e6f2e2d6e2e6f2e2d27, 'justice', 5, 'ideas', '2008-05-09'),
(727, 0x533a, 'signe', 1, 'elements', '2008-05-09'),
(728, 0x682e682e2d732e6f2e2d27, 'transcendance', 5, 'ideas', '2008-05-09'),
(729, 0x6b2e6f2e2d732e6f2e2d27, 'gouvernement', 5, 'ideas', '2008-05-09'),
(730, 0x6b2e652e2d6b2e612e2d77612e652e2d27, 'suivre une discipline', 5, 'ideas', '2008-05-09'),
(731, 0x662e6f2e2d622e6f2e2d732e752e2d27, 'joué', 5, 'ideas', '2008-05-09'),
(732, 0x6e2e6f2e2d672e672e2d27, '(à venir)', 5, 'ideas', '2008-05-09'),
(733, 0x732e652e2d6c2e752e2d77612e652e2d27, 'lire les signes naturels', 5, 'ideas', '2008-05-09'),
(734, 0x6b2e6b2e2d, 'centre', 3, 'relations', '2008-05-09'),
(735, 0x4f2e4f2e2d4d2e4f2e2d27, 'cycle de gouvernance', 4, 'cycles', '2008-05-09'),
(736, 0x622e652e2d6d2e752e2d27, 'scène culturelle', 5, 'ideas', '2008-05-09'),
(737, 0x742e6f2e2d6b2e6f2e2d27, 'tradition', 5, 'ideas', '2008-05-09'),
(738, 0x6e2e692e2d742e692e2d742e752e2d27, 'consommé', 5, 'ideas', '2008-05-09'),
(739, 0x77652e77612e2d, 'vieillir', 3, 'relations', '2008-05-09'),
(740, 0x782e782e2d732e6f2e2d732e792e2d27, 'didactique', 5, 'ideas', '2008-05-09'),
(741, 0x6e2e6f2e2d702e702e2d27, '(à venir)', 5, 'ideas', '2008-05-09'),
(742, 0x662e6f2e2d612e612e2d732e792e2d27, '(à venir)', 5, 'ideas', '2008-05-09'),
(743, 0x662e6a2e2d, 'vibration esthétique', 3, 'relations', '2008-05-09'),
(744, 0x732e612e2d742e612e2d662e6f2e2d27, 'informaticien', 5, 'ideas', '2008-05-09'),
(745, 0x662e752e2d6b2e752e2d27, 'vision', 5, 'ideas', '2008-05-09'),
(746, 0x622e612e2d6e2e612e2d27, 'accusation', 5, 'ideas', '2008-05-09'),
(747, 0x77752e6f2e2d, 'se remettre en question', 3, 'relations', '2008-05-09'),
(748, 0x632e792e2d, 'école / opérateur d''apprentissage', 3, 'relations', '2008-05-09'),
(749, 0x622e6f2e2d6c2e6f2e2d27, 'transmission', 5, 'ideas', '2008-05-09'),
(750, 0x6d2e752e2d6c2e752e2d27, 'souvenir', 5, 'ideas', '2008-05-09'),
(751, 0x6f2e6e2e2d, 'habiter une niche étroite', 3, 'relations', '2008-05-09'),
(752, 0x662e612e2d6e2e612e2d27, 'protection sociale', 5, 'ideas', '2008-05-09'),
(753, 0x702e702e2d642e6f2e2d732e792e2d27, 'sciences du renseignement', 5, 'ideas', '2008-05-09'),
(754, 0x622e6f2e2d6d2e6f2e2d27, 'beauté', 5, 'ideas', '2008-05-09'),
(755, 0x622e692e2d6d2e692e2d27, 'bijou', 5, 'ideas', '2008-05-09'),
(756, 0x6e2e6f2e2d612e612e2d27, '(à venir)', 5, 'ideas', '2008-05-09'),
(757, 0x692e792e2d, 'computer', 3, 'relations', '2008-05-09'),
(758, 0x732e6f2e2d622e6f2e2d27, 'inspiration', 5, 'ideas', '2008-05-09'),
(759, 0x682e77652e2d, 'variation du contexte', 3, 'relations', '2008-05-09'),
(760, 0x682e6d2e2d, 'incohérence parole/acte', 3, 'relations', '2008-05-09'),
(761, 0x6f2e6f2e2d642e6f2e2d27, 'transparence financière', 5, 'ideas', '2008-05-09'),
(762, 0x6d2e692e2d6b2e692e2d742e752e2d27, 'ludique', 5, 'ideas', '2008-05-09'),
(763, 0x732e6f2e2d6c2e6f2e2d732e752e2d27, 'proportionné', 5, 'ideas', '2008-05-09'),
(764, 0x782e782e2d6e2e6f2e2d732e792e2d27, 'éthique juridique / criminologie', 5, 'ideas', '2008-05-09'),
(765, 0x776f2e632e2d, 'réfléchir à la communauté', 3, 'relations', '2008-05-09'),
(766, 0x6e2e6f2e2d782e782e2d27, '(à venir)', 5, 'ideas', '2008-05-09'),
(767, 0x4f2e4f2e2d4f2e4d2e2d27, 'cycle de comportement', 4, 'cycles', '2008-05-09'),
(768, 0x632e752e2d, 'destinataire', 3, 'relations', '2008-05-09'),
(769, 0x692e702e2d, 'construire son sujet', 3, 'relations', '2008-05-09'),
(770, 0x692e692e2d, 'produire', 3, 'relations', '2008-05-09'),
(771, 0x642e692e2d642e692e2d742e752e2d27, 'quantifié', 5, 'ideas', '2008-05-09'),
(772, 0x642e782e2d, 'procédure', 3, 'relations', '2008-05-09'),
(773, 0x752e782e2d, 'expliquer son travail', 3, 'relations', '2008-05-09'),
(774, 0x662e632e2d, 'élection / nomination', 3, 'relations', '2008-05-09'),
(775, 0x6b2e6f2e2d732e6f2e2d732e752e2d27, 'gouverné', 5, 'ideas', '2008-05-09'),
(776, 0x6c2e612e2d662e612e2d662e6f2e2d27, 'écologiste', 5, 'ideas', '2008-05-09'),
(777, 0x6e2e6f2e2d702e702e2d732e792e2d27, '(à venir)', 5, 'ideas', '2008-05-09'),
(778, 0x612e6d2e2d, 'abandonner', 3, 'relations', '2008-05-09'),
(779, 0x776f2e622e2d, 'augmenter les ressources linguistiques', 3, 'relations', '2008-05-09'),
(780, 0x6c2e612e2d622e612e2d27, 'réputation', 5, 'ideas', '2008-05-09'),
(781, 0x776f2e77752e2d, 'jouer', 3, 'relations', '2008-05-09'),
(782, 0x6a2e6a2e2d662e6f2e2d27, 'dynamique évolutive', 5, 'ideas', '2008-05-09'),
(783, 0x732e6b2e2d, 'Nord', 3, 'relations', '2008-05-09'),
(784, 0x742e752e2d642e752e2d642e752e2d27, 'indexé', 5, 'ideas', '2008-05-09'),
(785, 0x6b2e612e2d742e612e2d27, 'administration / bureau', 5, 'ideas', '2008-05-09'),
(786, 0x672e752e2d, 'mise à jour', 3, 'relations', '2008-05-09'),
(787, 0x662e612e2d732e612e2d662e6f2e2d27, 'consultant', 5, 'ideas', '2008-05-09'),
(788, 0x742e692e2d6b2e692e2d742e752e2d27, 'stocké', 5, 'ideas', '2008-05-09'),
(789, 0x662e6d2e2d, 'fécondité', 3, 'relations', '2008-05-09'),
(790, 0x642e6a2e2d, 'expression distincte', 3, 'relations', '2008-05-09'),
(791, 0x752e702e2d, 'expliquer son sujet', 3, 'relations', '2008-05-09'),
(792, 0x682e752e2d, 'contexte', 3, 'relations', '2008-05-09'),
(793, 0x652e6d2e2d, 'commettre une fraude', 3, 'relations', '2008-05-09'),
(794, 0x6c2e692e2d6b2e692e2d742e752e2d27, 'foncier', 5, 'ideas', '2008-05-09'),
(795, 0x6b2e6f2e2d672e672e2d732e792e2d27, '(à venir)', 5, 'ideas', '2008-05-09'),
(796, 0x6d2e652e2d622e612e2d27, 'dialogue', 5, 'ideas', '2008-05-09'),
(797, 0x732e742e2d, 'jour', 3, 'relations', '2008-05-09'),
(798, 0x642e692e2d, 'instrument de mesure', 3, 'relations', '2008-05-09'),
(799, 0x6e2e692e2d, 'technique de transformation', 3, 'relations', '2008-05-09'),
(800, 0x6e2e652e2d622e612e2d77612e652e2d27, 'représenter un groupe', 5, 'ideas', '2008-05-09'),
(801, 0x742e6f2e2d632e632e2d27, '(à venir)', 5, 'ideas', '2008-05-09'),
(802, 0x702e742e2d, 'perte', 3, 'relations', '2008-05-09'),
(803, 0x6f2e6f2e2d742e6f2e2d732e792e2d27, 'mémoire institutionelle', 5, 'ideas', '2008-05-09'),
(804, 0x662e692e2d662e692e2d27, 'organisme', 5, 'ideas', '2008-05-09'),
(805, 0x662e692e2d642e692e2d27, 'capteur', 5, 'ideas', '2008-05-09'),
(806, 0x732e692e2d6e2e692e2d742e752e2d27, 'réfrigéré', 5, 'ideas', '2008-05-09'),
(807, 0x662e6f2e2d, 'corps vivant', 3, 'relations', '2008-05-09'),
(808, 0x682e682e2d742e6f2e2d27, 'sens de l''histoire', 5, 'ideas', '2008-05-09'),
(809, 0x732e6f2e2d632e632e2d732e792e2d27, '(à venir)', 5, 'ideas', '2008-05-09'),
(810, 0x6b2e612e2d6c2e612e2d662e6f2e2d27, 'syndiqué', 5, 'ideas', '2008-05-09'),
(811, 0x6d2e77652e2d, 'acceptation des contraintes', 3, 'relations', '2008-05-09'),
(812, 0x6a2e6a2e2d622e6f2e2d732e792e2d27, 'mathématiques', 5, 'ideas', '2008-05-09'),
(813, 0x612e612e2d6d2e6f2e2d27, 'âme', 5, 'ideas', '2008-05-09'),
(814, 0x732e692e2d622e692e2d27, 'studio multimedia', 5, 'ideas', '2008-05-09'),
(815, 0x6a2e682e2d, 'ordre de priorité', 3, 'relations', '2008-05-09'),
(816, 0x702e6f2e2d, 'objet de désir', 3, 'relations', '2008-05-09'),
(817, 0x6c2e632e2d, 'migration', 3, 'relations', '2008-05-09'),
(818, 0x742e612e2d6d2e612e2d662e6f2e2d27, 'ancêtre', 5, 'ideas', '2008-05-09'),
(819, 0x642e6f2e2d662e6f2e2d732e752e2d27, 'empirique', 5, 'ideas', '2008-05-09'),
(820, 0x732e652e2d6e2e752e2d27, 'distinction sémantique', 5, 'ideas', '2008-05-09'),
(821, 0x732e6f2e2d622e6f2e2d732e752e2d27, 'inspiré', 5, 'ideas', '2008-05-09'),
(822, 0x662e692e2d6e2e692e2d27, 'arme', 5, 'ideas', '2008-05-09'),
(823, 0x77652e6a2e2d, 'unifier le langage', 3, 'relations', '2008-05-09'),
(824, 0x782e782e2d6d2e6f2e2d27, 'distribution sur le marché', 5, 'ideas', '2008-05-09'),
(825, 0x662e652e2d622e692e2d27, 'communication augmentée', 5, 'ideas', '2008-05-09'),
(826, 0x652e752e2d, 'promettre', 3, 'relations', '2008-05-09'),
(827, 0x612e6e2e2d, 'être corrompu ou corrompre', 3, 'relations', '2008-05-09'),
(828, 0x6c2e612e2d6c2e612e2d662e6f2e2d27, 'guerrier', 5, 'ideas', '2008-05-09'),
(829, 0x612e612e2d6e2e6f2e2d732e792e2d27, 'biographies / journaux', 5, 'ideas', '2008-05-09'),
(830, 0x6d2e742e2d, 'détachement', 3, 'relations', '2008-05-09'),
(831, 0x6c2e612e2d6d2e612e2d27, 'alliance', 5, 'ideas', '2008-05-09'),
(832, 0x662e6f2e2d6f2e6f2e2d732e792e2d27, '(à venir)', 5, 'ideas', '2008-05-09'),
(833, 0x6b2e652e2d6d2e612e2d77612e652e2d27, 'être en amitié avec soi-même', 5, 'ideas', '2008-05-09'),
(834, 0x6c2e752e2d622e752e2d642e752e2d27, 'transcrit', 5, 'ideas', '2008-05-09'),
(835, 0x6d2e652e2d742e612e2d27, 'force des liens personnels', 5, 'ideas', '2008-05-09'),
(836, 0x776f2e662e2d, 'expérimenter de nouvelles habitudes corporelles', 3, 'relations', '2008-05-09'),
(837, 0x6e2e6f2e2d642e6f2e2d732e752e2d27, 'évalué', 5, 'ideas', '2008-05-09'),
(838, 0x742e612e2d6e2e612e2d662e6f2e2d27, 'législateur', 5, 'ideas', '2008-05-09'),
(839, 0x6e2e6f2e2d6b2e6f2e2d27, 'religion', 5, 'ideas', '2008-05-09'),
(840, 0x6c2e612e2d642e612e2d662e6f2e2d27, 'entrepreneur', 5, 'ideas', '2008-05-09'),
(841, 0x682e672e2d, 'synthèse', 3, 'relations', '2008-05-09'),
(842, 0x632e632e2d742e6f2e2d27, 'mémoire collective', 5, 'ideas', '2008-05-09'),
(843, 0x642e6f2e2d6a2e6a2e2d732e792e2d27, '(à venir)', 5, 'ideas', '2008-05-09'),
(844, 0x782e742e2d, 'usure', 3, 'relations', '2008-05-09'),
(845, 0x642e6f2e2d702e702e2d27, '(à venir)', 5, 'ideas', '2008-05-09'),
(846, 0x642e742e2d, 'Printemps', 3, 'relations', '2008-05-09'),
(847, 0x742e752e2d622e752e2d27, 'texte', 5, 'ideas', '2008-05-09'),
(848, 0x6c2e782e2d, 'déménagement', 3, 'relations', '2008-05-09'),
(849, 0x692e6b2e2d, 'voler', 3, 'relations', '2008-05-09'),
(850, 0x6c2e652e2d742e692e2d77612e652e2d27, 'conception de véhicule', 5, 'ideas', '2008-05-09'),
(851, 0x672e6f2e2d, 'interdit', 3, 'relations', '2008-05-09'),
(852, 0x6b2e, 'société', 2, 'events', '2008-05-09'),
(853, 0x622e6f2e2d742e6f2e2d732e752e2d27, 'promis', 5, 'ideas', '2008-05-09'),
(854, 0x622e752e2d, 'parole', 3, 'relations', '2008-05-09'),
(855, 0x732e682e2d, 'projet culturel', 3, 'relations', '2008-05-09'),
(856, 0x622e652e2d6d2e752e2d77612e652e2d27, 'culture des arts de la scène', 5, 'ideas', '2008-05-09'),
(857, 0x692e77752e2d, 'équipement territorial', 3, 'relations', '2008-05-09'),
(858, 0x652e77612e2d, 'posséder un bien', 3, 'relations', '2008-05-09'),
(859, 0x672e742e2d, 'gaspillage', 3, 'relations', '2008-05-09'),
(860, 0x742e6f2e2d6b2e6f2e2d732e752e2d27, 'traditionnel', 5, 'ideas', '2008-05-09'),
(861, 0x6e2e6f2e2d6f2e6f2e2d732e792e2d27, '(à venir)', 5, 'ideas', '2008-05-09'),
(862, 0x652e6e2e2d, 'être suiviste', 3, 'relations', '2008-05-09'),
(863, 0x6c2e642e2d, 'horizontal', 3, 'relations', '2008-05-09'),
(864, 0x622e612e2d622e612e2d27, 'littérature', 5, 'ideas', '2008-05-09'),
(865, 0x6b2e6f2e2d6b2e6f2e2d732e752e2d27, 'pacifique', 5, 'ideas', '2008-05-09'),
(866, 0x662e752e2d742e752e2d642e752e2d27, 'partition', 5, 'ideas', '2008-05-09'),
(867, 0x6b2e612e2d6e2e612e2d27, 'tribunal', 5, 'ideas', '2008-05-09'),
(868, 0x6b2e612e2d642e612e2d27, 'vente', 5, 'ideas', '2008-05-09'),
(869, 0x6c2e652e2d6b2e692e2d77612e652e2d27, 'stratégie commerciale', 5, 'ideas', '2008-05-09'),
(870, 0x642e652e2d6e2e692e2d77612e652e2d27, 'sports extrêmes', 5, 'ideas', '2008-05-09'),
(871, 0x732e652e2d6b2e752e2d77612e652e2d27, 'lire / écrire', 5, 'ideas', '2008-05-09'),
(872, 0x652e692e2d, 'emprunter', 3, 'relations', '2008-05-09'),
(873, 0x692e792e2d77652e682e2d, 'outiller la pensée', 5, 'ideas', '2008-05-09'),
(874, 0x692e6f2e2d77652e682e2d, 'créer des opportunités', 5, 'ideas', '2008-05-09'),
(875, 0x642e642e2d, 'équilibre', 3, 'relations', '2008-05-09'),
(876, 0x6e2e6f2e2d672e672e2d732e792e2d27, '(à venir)', 5, 'ideas', '2008-05-09'),
(877, 0x732e6f2e2d782e782e2d732e792e2d27, '(à venir)', 5, 'ideas', '2008-05-09'),
(878, 0x622e792e2d, 'intelligence formelle', 3, 'relations', '2008-05-09'),
(879, 0x642e612e2d662e612e2d662e6f2e2d27, 'enseignant', 5, 'ideas', '2008-05-09'),
(880, 0x6b2e632e2d, 'renouveau du lien', 3, 'relations', '2008-05-09'),
(881, 0x622e6f2e2d6c2e6f2e2d732e752e2d27, 'adressé', 5, 'ideas', '2008-05-09'),
(882, 0x732e612e2d642e612e2d662e6f2e2d27, 'mentor', 5, 'ideas', '2008-05-09'),
(883, 0x742e752e2d6d2e752e2d642e752e2d27, 'auditif', 5, 'ideas', '2008-05-09'),
(884, 0x782e662e2d, 'panne', 3, 'relations', '2008-05-09'),
(885, 0x77612e612e2d, 'cultiver son caractère', 3, 'relations', '2008-05-09'),
(886, 0x662e6f2e2d6b2e6f2e2d732e752e2d27, 'rituel', 5, 'ideas', '2008-05-09'),
(887, 0x792e732e2d, 'ne pas savoir lire', 3, 'relations', '2008-05-09'),
(888, 0x662e652e2d, 'savoir-faire', 3, 'relations', '2008-05-09'),
(889, 0x662e652e2d732e692e2d77612e652e2d27, 'inventivité pratique', 5, 'ideas', '2008-05-09'),
(890, 0x632e692e2d, 'comportement', 3, 'relations', '2008-05-09'),
(891, 0x642e6f2e2d6d2e6f2e2d27, 'intuition', 5, 'ideas', '2008-05-09'),
(892, 0x642e752e2d6b2e752e2d642e752e2d27, 'dressé', 5, 'ideas', '2008-05-09'),
(893, 0x702e752e2d, 'thème / sujet', 3, 'relations', '2008-05-09'),
(894, 0x6a2e6d2e2d, 'cliché', 3, 'relations', '2008-05-09'),
(895, 0x6b2e652e2d662e612e2d77612e652e2d27, 'prendre soin de soi-même', 5, 'ideas', '2008-05-09'),
(896, 0x642e612e2d6e2e612e2d662e6f2e2d27, 'témoin', 5, 'ideas', '2008-05-09'),
(897, 0x732e752e2d6e2e752e2d27, 'nom commun', 5, 'ideas', '2008-05-09'),
(898, 0x6b2e612e2d6d2e612e2d662e6f2e2d27, 'frère / soeur', 5, 'ideas', '2008-05-09'),
(899, 0x6d2e692e2d6b2e692e2d27, 'jeu', 5, 'ideas', '2008-05-09'),
(900, 0x732e6f2e2d6b2e6f2e2d27, 'intelligence collective', 5, 'ideas', '2008-05-09'),
(901, 0x732e6f2e2d, 'souci de la pensée', 3, 'relations', '2008-05-09'),
(902, 0x6d2e6f2e2d6c2e6f2e2d732e752e2d27, 'offert', 5, 'ideas', '2008-05-09'),
(903, 0x682e682e2d6d2e6f2e2d27, 'saints / exemples', 5, 'ideas', '2008-05-09'),
(904, 0x782e782e2d642e6f2e2d732e792e2d27, 'sciences médico-légales', 5, 'ideas', '2008-05-09'),
(905, 0x752e752e2d, 'communiquer', 3, 'relations', '2008-05-09'),
(906, 0x6d2e652e2d732e612e2d77612e652e2d27, 'comprendre les autres', 5, 'ideas', '2008-05-09'),
(907, 0x692e682e2d, 'élaborer une interprétation', 3, 'relations', '2008-05-09'),
(908, 0x622e752e2d6b2e752e2d27, 'prière', 5, 'ideas', '2008-05-09'),
(909, 0x6c2e652e2d6e2e692e2d77612e652e2d27, 'conception d''outils / de robots', 5, 'ideas', '2008-05-09'),
(910, 0x622e652e2d732e752e2d77612e652e2d27, 'raffinement visuel', 5, 'ideas', '2008-05-09'),
(911, 0x742e6f2e2d6a2e6a2e2d732e792e2d27, '(à venir)', 5, 'ideas', '2008-05-09'),
(912, 0x662e752e2d6e2e752e2d27, 'attribut', 5, 'ideas', '2008-05-09'),
(913, 0x742e612e2d662e612e2d27, 'pharmacie', 5, 'ideas', '2008-05-09'),
(914, 0x632e77612e2d, 'changement d''alliance', 3, 'relations', '2008-05-09'),
(915, 0x682e6f2e2d, 'refoulement', 3, 'relations', '2008-05-09'),
(916, 0x6b2e612e2d662e612e2d27, 'repas', 5, 'ideas', '2008-05-09'),
(917, 0x6b2e692e2d742e692e2d742e752e2d27, 'entreposé', 5, 'ideas', '2008-05-09'),
(918, 0x6d2e6f2e2d752e752e2d732e792e2d27, '(à venir)', 5, 'ideas', '2008-05-09'),
(919, 0x6e2e6f2e2d6d2e6f2e2d732e752e2d27, 'confiant', 5, 'ideas', '2008-05-09'),
(920, 0x642e752e2d6e2e752e2d27, 'déictique', 5, 'ideas', '2008-05-09'),
(921, 0x732e6f2e2d652e652e2d27, '(à venir)', 5, 'ideas', '2008-05-09'),
(922, 0x662e692e2d6d2e692e2d27, 'sexe', 5, 'ideas', '2008-05-09'),
(923, 0x6d2e6f2e2d692e692e2d732e792e2d27, '(à venir)', 5, 'ideas', '2008-05-09'),
(924, 0x6d2e752e2d6b2e752e2d27, 'sacrifice', 5, 'ideas', '2008-05-09'),
(925, 0x622e692e2d742e692e2d742e752e2d27, 'support d''information', 5, 'ideas', '2008-05-09'),
(926, 0x6c2e692e2d6b2e692e2d27, 'terrain / champ', 5, 'ideas', '2008-05-09'),
(927, 0x6d2e612e2d6e2e612e2d662e6f2e2d27, 'bénévole', 5, 'ideas', '2008-05-09'),
(928, 0x6a2e6a2e2d6e2e6f2e2d27, 'univers', 5, 'ideas', '2008-05-09'),
(929, 0x6f2e6f2e2d642e6f2e2d732e792e2d27, 'comptabilité', 5, 'ideas', '2008-05-09'),
(930, 0x632e632e2d6d2e6f2e2d732e792e2d27, 'sciences de la mediation', 5, 'ideas', '2008-05-09'),
(931, 0x732e6f2e2d6a2e6a2e2d27, '(à venir)', 5, 'ideas', '2008-05-09'),
(932, 0x4f2e4d2e2d4f2e4d2e2d27, 'cycle de performance', 4, 'cycles', '2008-05-09'),
(933, 0x742e692e2d642e692e2d27, 'horloge', 5, 'ideas', '2008-05-09'),
(934, 0x6e2e752e2d6e2e752e2d642e752e2d27, 'inconnu', 5, 'ideas', '2008-05-09'),
(935, 0x622e6f2e2d612e612e2d27, '(à venir)', 5, 'ideas', '2008-05-09'),
(936, 0x632e622e2d, 'discrimination', 3, 'relations', '2008-05-09'),
(937, 0x792e792e2d6e2e6f2e2d27, 'taxon scientifique', 5, 'ideas', '2008-05-09'),
(938, 0x6b2e692e2d, 'don', 3, 'relations', '2008-05-09'),
(939, 0x702e702e2d732e6f2e2d27, 'méchanismes d''apprentissage', 5, 'ideas', '2008-05-09'),
(940, 0x652e752e2d77652e682e2d, 'outiller la recherche d''informations', 5, 'ideas', '2008-05-09'),
(941, 0x6f2e77652e2d, 'agir dans le cadre du droit de la famille', 3, 'relations', '2008-05-09'),
(942, 0x77612e6d2e2d, 'sublimer ses émotions', 3, 'relations', '2008-05-09'),
(943, 0x622e6e2e2d, 'amer', 3, 'relations', '2008-05-09'),
(944, 0x662e692e2d6b2e692e2d27, 'nourriture / boisson', 5, 'ideas', '2008-05-09'),
(945, 0x6c2e612e2d742e612e2d662e6f2e2d27, 'cartographe', 5, 'ideas', '2008-05-09'),
(946, 0x612e612e2d642e6f2e2d27, 'données économiques / sociales', 5, 'ideas', '2008-05-09'),
(947, 0x652e652e2d6d2e6f2e2d27, 'vocation', 5, 'ideas', '2008-05-09'),
(948, 0x742e612e2d742e612e2d662e6f2e2d27, 'fondateur', 5, 'ideas', '2008-05-09'),
(949, 0x742e6f2e2d672e672e2d27, '(à venir)', 5, 'ideas', '2008-05-09'),
(950, 0x782e776f2e2d, 'coup du sort', 3, 'relations', '2008-05-09'),
(951, 0x6b2e6a2e2d, 'communauté de langage', 3, 'relations', '2008-05-09'),
(952, 0x6c2e6f2e2d782e782e2d732e792e2d27, '(à venir)', 5, 'ideas', '2008-05-09'),
(953, 0x732e776f2e2d, 'stratégie intellectuelle', 3, 'relations', '2008-05-09'),
(954, 0x732e6f2e2d6b2e6f2e2d732e752e2d27, 'conscient', 5, 'ideas', '2008-05-09'),
(955, 0x782e782e2d6b2e6f2e2d27, 'échanges internationaux', 5, 'ideas', '2008-05-09'),
(956, 0x6a2e6a2e2d6c2e6f2e2d27, 'Terre', 5, 'ideas', '2008-05-09'),
(957, 0x6b2e6f2e2d632e632e2d27, '(à venir)', 5, 'ideas', '2008-05-09'),
(958, 0x6c2e612e2d6e2e612e2d662e6f2e2d27, 'défendeur', 5, 'ideas', '2008-05-09'),
(959, 0x622e662e2d, 'vert', 3, 'relations', '2008-05-09'),
(960, 0x732e612e2d742e612e2d27, 'donnée', 5, 'ideas', '2008-05-09'),
(961, 0x682e, 'mutation de sens', 2, 'events', '2008-05-09'),
(962, 0x672e6c2e2d, 'fermeture intellectuelle', 3, 'relations', '2008-05-09'),
(963, 0x792e, 'savoir', 2, 'events', '2008-05-09'),
(964, 0x6b2e692e2d622e692e2d27, 'système d''exploitation', 5, 'ideas', '2008-05-09'),
(965, 0x6e2e652e2d6e2e612e2d77612e652e2d27, 'poser des valeurs', 5, 'ideas', '2008-05-09'),
(966, 0x6e2e612e2d6d2e612e2d662e6f2e2d27, 'père', 5, 'ideas', '2008-05-09'),
(967, 0x642e6f2e2d632e632e2d732e792e2d27, '(à venir)', 5, 'ideas', '2008-05-09'),
(968, 0x77652e682e2d, 'unifier le sens', 3, 'relations', '2008-05-09'),
(969, 0x782e782e2d, 'mutation technique', 3, 'relations', '2008-05-09'),
(970, 0x4d2e4d2e2d4d2e4f2e2d27, 'cycle de création', 4, 'cycles', '2008-05-09'),
(971, 0x6d2e6f2e2d742e6f2e2d27, 'loyauté', 5, 'ideas', '2008-05-09'),
(972, 0x612e652e2d, 'demander', 3, 'relations', '2008-05-09'),
(973, 0x642e652e2d, 'habiletés sensorimotrices', 3, 'relations', '2008-05-09'),
(974, 0x6c2e682e2d, 'diffusion', 3, 'relations', '2008-05-09'),
(975, 0x6a2e6a2e2d6c2e6f2e2d732e792e2d27, 'sciences de la terre', 5, 'ideas', '2008-05-09'),
(976, 0x742e782e2d, 'échéance', 3, 'relations', '2008-05-09'),
(977, 0x6e2e652e2d662e612e2d27, 'guérison', 5, 'ideas', '2008-05-09'),
(978, 0x622e652e2d6b2e752e2d27, 'appropriation intellectuelle', 5, 'ideas', '2008-05-09'),
(979, 0x742e612e2d662e612e2d662e6f2e2d27, 'pharmacien', 5, 'ideas', '2008-05-09'),
(980, 0x612e612e2d6c2e6f2e2d732e792e2d27, 'cartographie des réseaux sociaux', 5, 'ideas', '2008-05-09'),
(981, 0x6e2e692e2d6d2e692e2d27, 'travail rémunéré', 5, 'ideas', '2008-05-09'),
(982, 0x702e792e2d, 'objet de connnaissance', 3, 'relations', '2008-05-09'),
(983, 0x752e752e2d732e6f2e2d27, 'systèmes de signes', 5, 'ideas', '2008-05-09'),
(984, 0x6b2e652e2d6e2e612e2d77612e652e2d27, 'auto-évaluation', 5, 'ideas', '2008-05-09'),
(985, 0x622e752e2d742e752e2d642e752e2d27, 'programmé', 5, 'ideas', '2008-05-09'),
(986, 0x642e752e2d6e2e752e2d642e752e2d27, 'contextuel', 5, 'ideas', '2008-05-09'),
(987, 0x662e6f2e2d782e782e2d732e792e2d27, '(à venir)', 5, 'ideas', '2008-05-09'),
(988, 0x6e2e652e2d662e612e2d77612e652e2d27, 'soigner', 5, 'ideas', '2008-05-09'),
(989, 0x692e6e2e2d, 'être victime d''accident', 3, 'relations', '2008-05-09'),
(990, 0x732e732e2d, 'ciel', 3, 'relations', '2008-05-09'),
(991, 0x742e6f2e2d6c2e6f2e2d27, 'harmonie', 5, 'ideas', '2008-05-09'),
(992, 0x672e672e2d6d2e6f2e2d732e792e2d27, 'sondages / enquêtes / opinions', 5, 'ideas', '2008-05-09'),
(993, 0x752e682e2d, 'énoncer le sens', 3, 'relations', '2008-05-09'),
(994, 0x612e612e2d732e6f2e2d732e792e2d27, 'sociologie', 5, 'ideas', '2008-05-09'),
(995, 0x6a2e792e2d, 'hypothèse', 3, 'relations', '2008-05-09'),
(996, 0x6c2e652e2d732e692e2d77612e652e2d27, 'interconnecter des systèmes', 5, 'ideas', '2008-05-09'),
(997, '', 'événement', 2, 'events', '2008-05-09'),
(998, 0x662e692e2d6d2e692e2d742e752e2d27, 'sexuel', 5, 'ideas', '2008-05-09'),
(999, 0x752e77612e2d, 'exposer les produits d''une activité économique', 3, 'relations', '2008-05-09'),
(1000, 0x776f2e652e2d, 'identifier les compétences', 3, 'relations', '2008-05-09'),
(1001, 0x752e752e2d6e2e6f2e2d732e792e2d27, 'lexicologie / dictionnaires', 5, 'ideas', '2008-05-09'),
(1002, 0x642e77752e2d, 'contrainte esthétique', 3, 'relations', '2008-05-09'),
(1003, 0x732e612e2d6d2e612e2d27, 'mariage', 5, 'ideas', '2008-05-09'),
(1004, 0x6a2e6a2e2d, 'mutation intellectuelle', 3, 'relations', '2008-05-09'),
(1005, 0x6f2e6f2e2d6c2e6f2e2d732e792e2d27, 'organigrames / annuaires', 5, 'ideas', '2008-05-09'),
(1006, 0x702e692e2d, 'maquette', 3, 'relations', '2008-05-09'),
(1007, 0x752e692e2d, 'donner', 3, 'relations', '2008-05-09'),
(1008, 0x732e6f2e2d682e682e2d27, '(à venir)', 5, 'ideas', '2008-05-09'),
(1009, 0x662e, 'vie', 2, 'events', '2008-05-09'),
(1010, 0x622e652e2d662e752e2d27, 'scène musicale', 5, 'ideas', '2008-05-09'),
(1011, 0x672e672e2d742e6f2e2d27, 'inscription ancienne', 5, 'ideas', '2008-05-09'),
(1012, 0x742e612e2d6c2e612e2d662e6f2e2d27, 'archiviste', 5, 'ideas', '2008-05-09'),
(1013, 0x6d2e6f2e2d682e682e2d27, '(à venir)', 5, 'ideas', '2008-05-09'),
(1014, 0x622e6f2e2d732e6f2e2d732e752e2d27, 'interprété', 5, 'ideas', '2008-05-09'),
(1015, 0x6c2e776f2e2d, 'liberté de pensée', 3, 'relations', '2008-05-09'),
(1016, 0x632e702e2d, 'héritage / legs', 3, 'relations', '2008-05-09'),
(1017, 0x742e6a2e2d, 'référence artistique', 3, 'relations', '2008-05-09'),
(1018, 0x622e692e2d6c2e692e2d27, 'canal / voie', 5, 'ideas', '2008-05-09'),
(1019, 0x6b2e642e2d, 'Ouest', 3, 'relations', '2008-05-09'),
(1020, 0x6c2e692e2d622e692e2d742e752e2d27, 'simulé', 5, 'ideas', '2008-05-09'),
(1021, 0x742e652e2d6d2e752e2d77612e652e2d27, 'mise en scène / réalisation', 5, 'ideas', '2008-05-09'),
(1022, 0x413a, 'actuel', 1, 'elements', '2008-05-09'),
(1023, 0x77752e742e2d, 'comprendre les causes', 3, 'relations', '2008-05-09'),
(1024, 0x6b2e682e2d, 'création collective', 3, 'relations', '2008-05-09'),
(1025, 0x622e6f2e2d752e752e2d732e792e2d27, '(à venir)', 5, 'ideas', '2008-05-09'),
(1026, 0x662e6f2e2d672e672e2d27, '(à venir)', 5, 'ideas', '2008-05-09'),
(1027, 0x642e692e2d6e2e692e2d27, 'instrument de pilotage', 5, 'ideas', '2008-05-09'),
(1028, 0x672e672e2d6c2e6f2e2d27, 'accueil commercial', 5, 'ideas', '2008-05-09'),
(1029, 0x6f2e672e2d, 'choisir son propos', 3, 'relations', '2008-05-09'),
(1030, 0x662e752e2d662e752e2d27, 'illusion', 5, 'ideas', '2008-05-09'),
(1031, 0x6d2e692e2d6e2e692e2d27, 'instrument de nettoyage', 5, 'ideas', '2008-05-09'),
(1032, 0x662e752e2d622e752e2d642e752e2d27, 'accentué', 5, 'ideas', '2008-05-09'),
(1033, 0x792e642e2d, 'être handicapé moteur', 3, 'relations', '2008-05-09'),
(1034, 0x622e672e2d, 'contenu du message', 3, 'relations', '2008-05-09'),
(1035, 0x682e682e2d6d2e6f2e2d732e792e2d27, 'hagiographie', 5, 'ideas', '2008-05-09'),
(1036, 0x652e6f2e2d, 'discerner', 3, 'relations', '2008-05-09'),
(1037, 0x622e6f2e2d632e632e2d732e792e2d27, '(à venir)', 5, 'ideas', '2008-05-09'),
(1038, 0x732e6f2e2d662e6f2e2d732e752e2d27, 'incarné', 5, 'ideas', '2008-05-09'),
(1039, 0x622e6f2e2d6a2e6a2e2d732e792e2d27, '(à venir)', 5, 'ideas', '2008-05-09'),
(1040, 0x642e662e2d, 'arbre', 3, 'relations', '2008-05-09'),
(1041, 0x732e6f2e2d702e702e2d27, '(à venir)', 5, 'ideas', '2008-05-09'),
(1042, 0x742e692e2d6e2e692e2d742e752e2d27, 'chauffé', 5, 'ideas', '2008-05-09'),
(1043, 0x776f2e792e2d, 's''orienter dans les savoirs', 3, 'relations', '2008-05-09'),
(1044, 0x612e742e2d, 'commettre une contrefaçon', 3, 'relations', '2008-05-09'),
(1045, 0x6c2e752e2d642e752e2d27, 'échantillion', 5, 'ideas', '2008-05-09'),
(1046, 0x732e752e2d6c2e752e2d642e752e2d27, 'obscur', 5, 'ideas', '2008-05-09'),
(1047, 0x612e77752e2d, 'mener une action politique / communautaire', 3, 'relations', '2008-05-09'),
(1048, 0x742e6c2e2d, 'droite', 3, 'relations', '2008-05-09'),
(1049, 0x622e6f2e2d692e692e2d27, '(à venir)', 5, 'ideas', '2008-05-09'),
(1050, 0x6c2e652e2d6c2e692e2d27, 'structuration de l''espace', 5, 'ideas', '2008-05-09'),
(1051, 0x752e642e2d, 'manquer de précision', 3, 'relations', '2008-05-09'),
(1052, 0x6e2e6f2e2d662e6f2e2d732e752e2d27, 'sain', 5, 'ideas', '2008-05-09'),
(1053, 0x6f2e742e2d, 'être en retard', 3, 'relations', '2008-05-09'),
(1054, 0x6d2e632e2d, 'respect des personnes', 3, 'relations', '2008-05-09'),
(1055, 0x6d2e6f2e2d782e782e2d27, '(à venir)', 5, 'ideas', '2008-05-09'),
(1056, 0x622e77752e2d, 'rencontre esthétique', 3, 'relations', '2008-05-09'),
(1057, 0x662e776f2e2d, 'exercice intellectuel', 3, 'relations', '2008-05-09'),
(1058, 0x682e776f2e2d, 'conversion', 3, 'relations', '2008-05-09'),
(1059, 0x4f2e4f2e2d4d2e4d2e2d27, 'bases de l''action', 4, 'cycles', '2008-05-09'),
(1060, 0x782e652e2d, 'usage / utilisation', 3, 'relations', '2008-05-09'),
(1061, 0x792e672e2d, 'envisager les discours possibles', 3, 'relations', '2008-05-09'),
(1062, 0x732e692e2d6b2e692e2d27, 'engrais', 5, 'ideas', '2008-05-09'),
(1063, 0x6b2e752e2d, 'symbole', 3, 'relations', '2008-05-09'),
(1064, 0x6d2e6f2e2d732e6f2e2d27, 'intérêt', 5, 'ideas', '2008-05-09'),
(1065, 0x672e692e2d, 'plan', 3, 'relations', '2008-05-09'),
(1066, 0x682e732e2d, 'confusion', 3, 'relations', '2008-05-09'),
(1067, 0x642e612e2d, 'chercheur', 3, 'relations', '2008-05-09'),
(1068, 0x682e682e2d6b2e6f2e2d27, 'organisation des fidèles', 5, 'ideas', '2008-05-09'),
(1069, 0x6b2e692e2d6d2e692e2d27, 'terrain de jeu', 5, 'ideas', '2008-05-09'),
(1070, 0x6b2e652e2d642e612e2d77612e652e2d27, 'reconnaître les faits', 5, 'ideas', '2008-05-09'),
(1071, 0x6c2e6f2e2d6c2e6f2e2d27, 'complexité', 5, 'ideas', '2008-05-09'),
(1072, 0x692e, 'faire', 2, 'events', '2008-05-09'),
(1073, 0x6b2e702e2d, 'création de biens', 3, 'relations', '2008-05-09'),
(1074, 0x6f2e702e2d, 'choisir un sujet', 3, 'relations', '2008-05-09'),
(1075, 0x632e6e2e2d, 'stagnation', 3, 'relations', '2008-05-09'),
(1076, 0x6b2e752e2d642e752e2d27, 'aura', 5, 'ideas', '2008-05-09'),
(1077, 0x742e752e2d642e752e2d27, 'index', 5, 'ideas', '2008-05-09'),
(1078, 0x6b2e6f2e2d6a2e6a2e2d27, '(à venir)', 5, 'ideas', '2008-05-09'),
(1079, 0x6e2e6f2e2d732e6f2e2d27, 'culture', 5, 'ideas', '2008-05-09'),
(1080, 0x632e632e2d642e6f2e2d732e792e2d27, 'études financières', 5, 'ideas', '2008-05-09'),
(1081, 0x692e692e2d6c2e6f2e2d27, 'phénomène physique', 5, 'ideas', '2008-05-09'),
(1082, 0x642e6f2e2d622e6f2e2d27, 'description', 5, 'ideas', '2008-05-09'),
(1083, 0x682e682e2d732e6f2e2d732e792e2d27, 'théologie', 5, 'ideas', '2008-05-09'),
(1084, 0x6b2e752e2d622e752e2d27, 'révélation', 5, 'ideas', '2008-05-09'),
(1085, 0x622e692e2d642e692e2d27, 'dispositif d''affichage', 5, 'ideas', '2008-05-09'),
(1086, 0x662e6f2e2d642e6f2e2d27, 'attention', 5, 'ideas', '2008-05-09'),
(1087, 0x6c2e692e2d6c2e692e2d27, 'réseau', 5, 'ideas', '2008-05-09'),
(1088, 0x4f2e4f2e2d4f2e4f2e2d27, 'cycle de vie', 4, 'cycles', '2008-05-09'),
(1089, 0x6c2e692e2d6d2e692e2d27, 'meuble', 5, 'ideas', '2008-05-09'),
(1090, 0x622e742e2d, 'sucre', 3, 'relations', '2008-05-09'),
(1091, 0x732e652e2d732e752e2d27, 'dessin / peinture', 5, 'ideas', '2008-05-09'),
(1092, 0x77612e732e2d, 'se soucier de l''action', 3, 'relations', '2008-05-09'),
(1093, 0x6e2e612e2d6e2e612e2d662e6f2e2d27, 'guide spirituel', 5, 'ideas', '2008-05-09'),
(1094, 0x6d2e652e2d6e2e612e2d77612e652e2d27, 'capacité de jugement moral', 5, 'ideas', '2008-05-09'),
(1095, 0x622e692e2d642e692e2d742e752e2d27, 'affiché', 5, 'ideas', '2008-05-09'),
(1096, 0x662e652e2d6b2e692e2d27, 'transaction commerciale', 5, 'ideas', '2008-05-09'),
(1097, 0x672e672e2d6e2e6f2e2d732e792e2d27, 'études transculturelles', 5, 'ideas', '2008-05-09'),
(1098, 0x6b2e692e2d732e692e2d742e752e2d27, 'à recycler', 5, 'ideas', '2008-05-09'),
(1099, 0x782e77652e2d, 'mutation de l''environnement naturel', 3, 'relations', '2008-05-09'),
(1100, 0x6b2e752e2d6d2e752e2d642e752e2d27, 'stigmatisé', 5, 'ideas', '2008-05-09'),
(1101, 0x642e752e2d742e752e2d27, 'hyperlien', 5, 'ideas', '2008-05-09'),
(1102, 0x732e652e2d642e752e2d27, 'information obtenue', 5, 'ideas', '2008-05-09'),
(1103, 0x782e782e2d6d2e6f2e2d732e792e2d27, 'études du marketing', 5, 'ideas', '2008-05-09'),
(1104, 0x6c2e752e2d6b2e752e2d27, 'miracle', 5, 'ideas', '2008-05-09'),
(1105, 0x672e672e2d6c2e6f2e2d732e792e2d27, 'études tourisme / hôtellerie', 5, 'ideas', '2008-05-09'),
(1106, 0x6f2e6f2e2d77652e682e2d, 'approfondir la vision', 5, 'ideas', '2008-05-09'),
(1107, 0x642e6f2e2d692e692e2d732e792e2d27, '(à venir)', 5, 'ideas', '2008-05-09'),
(1108, 0x77612e77652e2d, 'enfanter', 3, 'relations', '2008-05-09'),
(1109, 0x77652e742e2d, 'régler son emploi du temps', 3, 'relations', '2008-05-09'),
(1110, 0x6d2e612e2d742e612e2d27, 'contrat', 5, 'ideas', '2008-05-09'),
(1111, 0x77612e652e2d, 'maîtriser les compétences', 3, 'relations', '2008-05-09'),
(1112, 0x622e652e2d662e752e2d77612e652e2d27, 'culture musicale', 5, 'ideas', '2008-05-09'),
(1113, 0x6b2e6f2e2d632e632e2d732e792e2d27, '(à venir)', 5, 'ideas', '2008-05-09'),
(1114, 0x742e, 'mémoire', 2, 'events', '2008-05-09'),
(1115, 0x6d2e652e2d742e612e2d77612e652e2d27, 'fidélité', 5, 'ideas', '2008-05-09'),
(1116, 0x682e782e2d, 'choix', 3, 'relations', '2008-05-09'),
(1117, 0x6c2e6f2e2d6d2e6f2e2d732e752e2d27, 'libre', 5, 'ideas', '2008-05-09'),
(1118, 0x642e6f2e2d652e652e2d27, '(à venir)', 5, 'ideas', '2008-05-09'),
(1119, 0x732e642e2d, 'lumière', 3, 'relations', '2008-05-09'),
(1120, 0x742e612e2d6d2e612e2d27, 'ascendance', 5, 'ideas', '2008-05-09'),
(1121, 0x682e6c2e2d, 'intégrisme', 3, 'relations', '2008-05-09'),
(1122, 0x6b2e752e2d6b2e752e2d27, 'divin', 5, 'ideas', '2008-05-09'),
(1123, 0x642e6f2e2d742e6f2e2d27, 'apprentissage', 5, 'ideas', '2008-05-09'),
(1124, 0x622e692e2d622e692e2d27, 'cyberspace', 5, 'ideas', '2008-05-09'),
(1125, 0x622e6f2e2d6f2e6f2e2d732e792e2d27, '(à venir)', 5, 'ideas', '2008-05-09'),
(1126, 0x702e632e2d, 'changement de propriétaire', 3, 'relations', '2008-05-09'),
(1127, 0x6e2e6f2e2d782e782e2d732e792e2d27, '(à venir)', 5, 'ideas', '2008-05-09'),
(1128, 0x642e752e2d, 'pointeur', 3, 'relations', '2008-05-09'),
(1129, 0x6a2e612e2d, 'consentement / adhésion', 3, 'relations', '2008-05-09'),
(1130, 0x77652e632e2d, 'unifier la communauté', 3, 'relations', '2008-05-09'),
(1131, 0x6d2e622e2d, 'pleur', 3, 'relations', '2008-05-09'),
(1132, 0x682e652e2d, 'classe / catégorie', 3, 'relations', '2008-05-09'),
(1133, 0x6e2e692e2d6b2e692e2d742e752e2d27, 'à vendre', 5, 'ideas', '2008-05-09'),
(1134, 0x6e2e6f2e2d742e6f2e2d27, 'progrès', 5, 'ideas', '2008-05-09'),
(1135, 0x702e776f2e2d, 'changement d''intérêt', 3, 'relations', '2008-05-09'),
(1136, 0x6a2e6a2e2d6e2e6f2e2d732e792e2d27, 'cosmologie', 5, 'ideas', '2008-05-09'),
(1137, 0x732e692e2d742e692e2d27, 'filtre', 5, 'ideas', '2008-05-09'),
(1138, 0x642e612e2d742e612e2d662e6f2e2d27, 'banquier', 5, 'ideas', '2008-05-09'),
(1139, 0x6e2e77612e2d, 'techniques disponibles', 3, 'relations', '2008-05-09'),
(1140, 0x6b2e692e2d6e2e692e2d27, 'atelier', 5, 'ideas', '2008-05-09'),
(1141, 0x702e662e2d, 'exploitation', 3, 'relations', '2008-05-09'),
(1142, 0x682e77612e2d, 'retournement de situation', 3, 'relations', '2008-05-09'),
(1143, 0x77612e776f2e2d, 'dormir', 3, 'relations', '2008-05-09'),
(1144, 0x776f2e742e2d, 'se remémorer', 3, 'relations', '2008-05-09'),
(1145, 0x792e792e2d742e6f2e2d732e792e2d27, 'histoire des sciences / histoire des arts', 5, 'ideas', '2008-05-09'),
(1146, 0x752e, 'énoncer', 2, 'events', '2008-05-09'),
(1147, 0x6d2e652e2d6c2e612e2d77612e652e2d27, 'respecter la loi', 5, 'ideas', '2008-05-09'),
(1148, 0x742e77652e2d, 'régularités', 3, 'relations', '2008-05-09'),
(1149, 0x6c2e752e2d6b2e752e2d642e752e2d27, 'miraculeux', 5, 'ideas', '2008-05-09'),
(1150, 0x6e2e6f2e2d, 'volonté de cosmos', 3, 'relations', '2008-05-09'),
(1151, 0x692e692e2d642e6f2e2d27, 'fait empirique', 5, 'ideas', '2008-05-09'),
(1152, 0x6d2e6f2e2d702e702e2d27, '(à venir)', 5, 'ideas', '2008-05-09'),
(1153, 0x682e692e2d, 'adaptation', 3, 'relations', '2008-05-09'),
(1154, 0x782e782e2d6b2e6f2e2d732e792e2d27, 'études commerce international', 5, 'ideas', '2008-05-09'),
(1155, 0x752e742e2d, 'dilapider le patrimoine', 3, 'relations', '2008-05-09'),
(1156, 0x622e652e2d622e752e2d77612e652e2d27, 'interprétariat / guide', 5, 'ideas', '2008-05-09'),
(1157, 0x6b2e692e2d6b2e692e2d27, 'bien économique', 5, 'ideas', '2008-05-09'),
(1158, 0x752e752e2d6b2e6f2e2d27, 'manière de parler', 5, 'ideas', '2008-05-09'),
(1159, 0x732e6f2e2d6d2e6f2e2d27, 'humour', 5, 'ideas', '2008-05-09'),
(1160, 0x6e2e6f2e2d6d2e6f2e2d27, 'foi', 5, 'ideas', '2008-05-09'),
(1161, 0x6e2e6f2e2d752e752e2d27, '(à venir)', 5, 'ideas', '2008-05-09'),
(1162, 0x682e682e2d662e6f2e2d27, 'droit du vivant', 5, 'ideas', '2008-05-09'),
(1163, 0x6e2e6c2e2d, 'vide', 3, 'relations', '2008-05-09'),
(1164, 0x692e77612e2d, 'équiper une activité économique ou des entreprises', 3, 'relations', '2008-05-09'),
(1165, 0x742e652e2d6c2e752e2d77612e652e2d27, 'recherche scientifique', 5, 'ideas', '2008-05-09'),
(1166, 0x692e692e2d6d2e6f2e2d27, 'cure', 5, 'ideas', '2008-05-09'),
(1167, 0x672e672e2d742e6f2e2d732e792e2d27, 'langues anciennes / épigraphie', 5, 'ideas', '2008-05-09'),
(1168, 0x6e2e752e2d732e752e2d27, 'forme / structure d''ensemble', 5, 'ideas', '2008-05-09'),
(1169, 0x752e612e2d77652e682e2d, 'cultiver la mémoire collective', 5, 'ideas', '2008-05-09'),
(1170, 0x742e692e2d6e2e692e2d27, 'dispositif de chauffage', 5, 'ideas', '2008-05-09'),
(1171, 0x6b2e752e2d6b2e752e2d642e752e2d27, 'sacré', 5, 'ideas', '2008-05-09'),
(1172, 0x672e672e2d6d2e6f2e2d27, 'tendance de l''opinion', 5, 'ideas', '2008-05-09'),
(1173, 0x662e692e2d, 'organe', 3, 'relations', '2008-05-09'),
(1174, 0x662e782e2d, 'utilisateur', 3, 'relations', '2008-05-09'),
(1175, 0x662e652e2d732e692e2d27, 'solution pratique', 5, 'ideas', '2008-05-09'),
(1176, 0x642e652e2d6c2e692e2d27, 'combat', 5, 'ideas', '2008-05-09'),
(1177, 0x742e6f2e2d6d2e6f2e2d27, 'espérance', 5, 'ideas', '2008-05-09'),
(1178, 0x6c2e6f2e2d752e752e2d732e792e2d27, '(à venir)', 5, 'ideas', '2008-05-09'),
(1179, 0x6e2e742e2d, 'avant', 3, 'relations', '2008-05-09'),
(1180, 0x732e612e2d6c2e612e2d27, 'innovation', 5, 'ideas', '2008-05-09'),
(1181, 0x632e632e2d, 'mutation du lien social', 3, 'relations', '2008-05-09'),
(1182, 0x612e612e2d6d2e6f2e2d732e792e2d27, 'psychologie', 5, 'ideas', '2008-05-09'),
(1183, 0x612e6b2e2d, 'attiser le conflit', 3, 'relations', '2008-05-09'),
(1184, 0x6f2e682e2d, 'choisir une interprétation', 3, 'relations', '2008-05-09'),
(1185, 0x792e752e2d77652e682e2d, 'enregistrer une oeuvre de l''esprit', 5, 'ideas', '2008-05-09'),
(1186, 0x752e77652e2d, 's''entraider', 3, 'relations', '2008-05-09'),
(1187, 0x612e792e2d, 'mener une recherche', 3, 'relations', '2008-05-09'),
(1188, 0x622e752e2d6e2e752e2d27, 'verbe', 5, 'ideas', '2008-05-09'),
(1189, 0x792e792e2d6e2e6f2e2d732e792e2d27, 'encyclopédie', 5, 'ideas', '2008-05-09'),
(1190, 0x732e6f2e2d742e6f2e2d732e752e2d27, 'créé', 5, 'ideas', '2008-05-09'),
(1191, 0x6e2e6d2e2d, 'divertissement', 3, 'relations', '2008-05-09'),
(1192, 0x6f2e752e2d, 'analyser', 3, 'relations', '2008-05-09'),
(1193, 0x77752e652e2d, 'évaluer les compétences', 3, 'relations', '2008-05-09'),
(1194, 0x742e6f2e2d6f2e6f2e2d732e792e2d27, '(à venir)', 5, 'ideas', '2008-05-09'),
(1195, 0x662e652e2d622e692e2d77612e652e2d27, 'maîtrise des techniques de communication', 5, 'ideas', '2008-05-09'),
(1196, 0x77612e702e2d, 'transformer l''objet', 3, 'relations', '2008-05-09'),
(1197, 0x622e652e2d622e752e2d27, 'échange culturel', 5, 'ideas', '2008-05-09'),
(1198, 0x732e752e2d732e752e2d642e752e2d27, 'idéal', 5, 'ideas', '2008-05-09'),
(1199, 0x642e692e2d6d2e692e2d27, 'prix / médaille', 5, 'ideas', '2008-05-09'),
(1200, 0x77752e77652e2d, 'aimer', 3, 'relations', '2008-05-09'),
(1201, 0x622e6f2e2d, 'articulation linguistique', 3, 'relations', '2008-05-09'),
(1202, 0x662e6f2e2d6a2e6a2e2d27, '(à venir)', 5, 'ideas', '2008-05-09'),
(1203, 0x742e6f2e2d792e792e2d27, '(à venir)', 5, 'ideas', '2008-05-09'),
(1204, 0x77652e792e2d, 'reconstruire les savoirs', 3, 'relations', '2008-05-09'),
(1205, 0x6d2e6f2e2d6b2e6f2e2d732e752e2d27, 'bienveillant', 5, 'ideas', '2008-05-09'),
(1206, 0x632e77652e2d, 'transformation corporelle', 3, 'relations', '2008-05-09'),
(1207, 0x6c2e612e2d6b2e612e2d662e6f2e2d27, 'officier', 5, 'ideas', '2008-05-09'),
(1208, 0x732e622e2d, 'jaune', 3, 'relations', '2008-05-09'),
(1209, 0x612e692e2d77652e682e2d, 'organiser le travail', 5, 'ideas', '2008-05-09'),
(1210, 0x692e6f2e2d, 'conseiller', 3, 'relations', '2008-05-09'),
(1211, 0x6d2e652e2d662e612e2d27, 'bien-être', 5, 'ideas', '2008-05-09'),
(1212, 0x6b2e692e2d732e692e2d27, 'recyclage', 5, 'ideas', '2008-05-09'),
(1213, 0x6c2e752e2d732e752e2d642e752e2d27, 'moulé', 5, 'ideas', '2008-05-09'),
(1214, 0x662e752e2d642e752e2d642e752e2d27, 'remarquable', 5, 'ideas', '2008-05-09'),
(1215, 0x742e77752e2d, 'fil conducteur', 3, 'relations', '2008-05-09'),
(1216, 0x6d2e6f2e2d6a2e6a2e2d27, '(à venir)', 5, 'ideas', '2008-05-09'),
(1217, 0x742e6e2e2d, 'après', 3, 'relations', '2008-05-09'),
(1218, 0x77612e, 'opérer', 2, 'events', '2008-05-09'),
(1219, 0x742e692e2d6c2e692e2d742e752e2d27, 'urbain', 5, 'ideas', '2008-05-09'),
(1220, 0x732e6f2e2d662e6f2e2d27, 'incarnation', 5, 'ideas', '2008-05-09'),
(1221, 0x77752e692e2d, 'tester l''équipement', 3, 'relations', '2008-05-09'),
(1222, 0x6d2e6f2e2d, 'implication émotionnelle', 3, 'relations', '2008-05-09'),
(1223, 0x6d2e6f2e2d632e632e2d732e792e2d27, '(à venir)', 5, 'ideas', '2008-05-09'),
(1224, 0x6d2e612e2d622e612e2d27, 'jeu', 5, 'ideas', '2008-05-09'),
(1225, 0x6d2e612e2d742e612e2d662e6f2e2d27, 'notaire', 5, 'ideas', '2008-05-09'),
(1226, 0x6c2e6f2e2d732e6f2e2d732e752e2d27, 'exploré', 5, 'ideas', '2008-05-09'),
(1227, 0x6c2e6f2e2d6f2e6f2e2d732e792e2d27, '(à venir)', 5, 'ideas', '2008-05-09'),
(1228, 0x6b2e692e2d642e692e2d27, 'marché', 5, 'ideas', '2008-05-09'),
(1229, 0x6c2e612e2d642e612e2d27, 'entreprise', 5, 'ideas', '2008-05-09'),
(1230, 0x732e692e2d6c2e692e2d742e752e2d27, 'articulé', 5, 'ideas', '2008-05-09'),
(1231, 0x782e6c2e2d, 'expulsion', 3, 'relations', '2008-05-09'),
(1232, 0x662e6f2e2d642e6f2e2d732e752e2d27, 'focal', 5, 'ideas', '2008-05-09'),
(1233, 0x792e612e2d, 'voter', 3, 'relations', '2008-05-09'),
(1234, 0x632e642e2d, 'rupture de contrat', 3, 'relations', '2008-05-09'),
(1235, 0x6c2e6f2e2d702e702e2d27, '(à venir)', 5, 'ideas', '2008-05-09'),
(1236, 0x732e612e2d642e612e2d27, 'conseil personnel', 5, 'ideas', '2008-05-09'),
(1237, 0x77752e6a2e2d, 're-évaluer le langage', 3, 'relations', '2008-05-09'),
(1238, 0x6a2e6c2e2d, 'autisme', 3, 'relations', '2008-05-09'),
(1239, 0x6b2e77752e2d, 'communauté de goût', 3, 'relations', '2008-05-09'),
(1240, 0x776f2e672e2d, 'réfléchir à la documentation possible', 3, 'relations', '2008-05-09'),
(1241, 0x6b2e752e2d732e752e2d27, 'mandala', 5, 'ideas', '2008-05-09'),
(1242, 0x776f2e692e2d, 'choisir l''équipement', 3, 'relations', '2008-05-09'),
(1243, 0x77752e792e2d, 'questionner les savoirs reçus', 3, 'relations', '2008-05-09'),
(1244, 0x6f2e612e2d77652e682e2d, 'affirmer des valeurs culturelles', 5, 'ideas', '2008-05-09'),
(1245, 0x642e752e2d6d2e752e2d642e752e2d27, 'réflexe', 5, 'ideas', '2008-05-09'),
(1246, 0x77752e776f2e2d, 'survivre', 3, 'relations', '2008-05-09'),
(1247, 0x742e6f2e2d642e6f2e2d27, 'pertinence', 5, 'ideas', '2008-05-09'),
(1248, 0x662e77612e2d, 'activité physique', 3, 'relations', '2008-05-09'),
(1249, 0x742e6f2e2d6e2e6f2e2d732e752e2d27, 'date', 5, 'ideas', '2008-05-09'),
(1250, 0x6b2e622e2d, 'chaud', 3, 'relations', '2008-05-09'),
(1251, 0x792e692e2d77652e682e2d, 'transférer les connaissances à la pratique', 5, 'ideas', '2008-05-09'),
(1252, 0x6e2e6f2e2d632e632e2d27, '(à venir)', 5, 'ideas', '2008-05-09'),
(1253, 0x6d2e6a2e2d, 'écho public', 3, 'relations', '2008-05-09'),
(1254, 0x742e692e2d732e692e2d742e752e2d27, 'en transit', 5, 'ideas', '2008-05-09'),
(1255, 0x742e752e2d742e752e2d27, 'nombre', 5, 'ideas', '2008-05-09'),
(1256, 0x6c2e612e2d6b2e612e2d27, 'armée', 5, 'ideas', '2008-05-09'),
(1257, 0x752e692e2d77652e682e2d, 'donner la parole / écouter', 5, 'ideas', '2008-05-09'),
(1258, 0x642e752e2d642e752e2d27, 'signal', 5, 'ideas', '2008-05-09'),
(1259, 0x742e6f2e2d622e6f2e2d27, 'récit', 5, 'ideas', '2008-05-09'),
(1260, 0x622e752e2d6c2e752e2d27, 'citation', 5, 'ideas', '2008-05-09'),
(1261, 0x6e2e77752e2d, 'imagination créatrice', 3, 'relations', '2008-05-09'),
(1262, 0x742e692e2d662e692e2d27, 'ADN', 5, 'ideas', '2008-05-09'),
(1263, 0x6c2e612e2d732e612e2d662e6f2e2d27, 'manager', 5, 'ideas', '2008-05-09'),
(1264, 0x6a2e6a2e2d662e6f2e2d732e792e2d27, 'théorie de l''évolution', 5, 'ideas', '2008-05-09'),
(1265, 0x6b2e6f2e2d652e652e2d732e792e2d27, '(à venir)', 5, 'ideas', '2008-05-09'),
(1266, 0x662e692e2d6e2e692e2d742e752e2d27, 'armé', 5, 'ideas', '2008-05-09'),
(1267, 0x622e6f2e2d662e6f2e2d27, 'courage', 5, 'ideas', '2008-05-09'),
(1268, 0x4d2e4d2e2d4f2e4d2e2d27, 'cycle de développement humain', 4, 'cycles', '2008-05-09'),
(1269, 0x742e612e2d622e612e2d662e6f2e2d27, 'éditeur', 5, 'ideas', '2008-05-09'),
(1270, 0x6c2e652e2d6e2e692e2d27, 'outil / machine', 5, 'ideas', '2008-05-09'),
(1271, 0x672e672e2d642e6f2e2d732e792e2d27, 'psychologie cognitive', 5, 'ideas', '2008-05-09'),
(1272, 0x6f2e6f2e2d6c2e6f2e2d27, 'données personnelles', 5, 'ideas', '2008-05-09'),
(1273, 0x6f2e6c2e2d, 'subir le chaos', 3, 'relations', '2008-05-09'),
(1274, 0x732e752e2d622e752e2d27, 'phrase', 5, 'ideas', '2008-05-09'),
(1275, 0x732e612e2d6c2e612e2d662e6f2e2d27, 'innovateur', 5, 'ideas', '2008-05-09'),
(1276, 0x6e2e642e2d, 'plus', 3, 'relations', '2008-05-09'),
(1277, 0x642e692e2d732e692e2d742e752e2d27, 'électronique / photonique', 5, 'ideas', '2008-05-09'),
(1278, 0x642e6f2e2d6c2e6f2e2d732e752e2d27, 'ordonné', 5, 'ideas', '2008-05-09'),
(1279, 0x6b2e6e2e2d, 'désert', 3, 'relations', '2008-05-09'),
(1280, 0x752e752e2d6d2e6f2e2d27, 'littérature ancienne', 5, 'ideas', '2008-05-09'),
(1281, 0x77752e632e2d, 're-évaluer la communauté', 3, 'relations', '2008-05-09'),
(1282, 0x6a2e6a2e2d732e6f2e2d732e792e2d27, 'philosophie', 5, 'ideas', '2008-05-09'),
(1283, 0x6d2e612e2d6b2e612e2d27, 'voisin', 5, 'ideas', '2008-05-09'),
(1284, 0x692e672e2d, 'élaborer son propos', 3, 'relations', '2008-05-09'),
(1285, 0x6f2e662e2d, 'souffrir', 3, 'relations', '2008-05-09'),
(1286, 0x6a2e742e2d, 'archaïsme', 3, 'relations', '2008-05-09'),
(1287, 0x742e652e2d742e752e2d77612e652e2d27, 'conception de logiciels', 5, 'ideas', '2008-05-09'),
(1288, 0x776f2e77612e2d, 'travailler', 3, 'relations', '2008-05-09'),
(1289, 0x6d2e692e2d742e692e2d27, 'dispositif de sécurité', 5, 'ideas', '2008-05-09'),
(1290, 0x742e752e2d6c2e752e2d27, 'photo', 5, 'ideas', '2008-05-09'),
(1291, 0x652e652e2d622e6f2e2d27, 'développement professionnel', 5, 'ideas', '2008-05-09'),
(1292, 0x6a2e662e2d, 'langue de bois', 3, 'relations', '2008-05-09'),
(1293, 0x6c2e622e2d, 'dedans', 3, 'relations', '2008-05-09'),
(1294, 0x6e2e692e2d642e692e2d742e752e2d27, 'rapide', 5, 'ideas', '2008-05-09'),
(1295, 0x6e2e752e2d, 'nom', 3, 'relations', '2008-05-09'),
(1296, 0x6d2e612e2d6c2e612e2d662e6f2e2d27, 'ouvrier', 5, 'ideas', '2008-05-09'),
(1297, 0x6f2e632e2d, 'orienter son cheminement', 3, 'relations', '2008-05-09'),
(1298, 0x632e632e2d6c2e6f2e2d27, 'relation locale', 5, 'ideas', '2008-05-09'),
(1299, 0x6d2e6f2e2d652e652e2d27, '(à venir)', 5, 'ideas', '2008-05-09'),
(1300, 0x612e612e2d6c2e6f2e2d27, 'réseau de personnes', 5, 'ideas', '2008-05-09'),
(1301, 0x692e776f2e2d, 'équiper une activité scientifique / artistique', 3, 'relations', '2008-05-09'),
(1302, 0x6d2e6f2e2d662e6f2e2d732e752e2d27, 'séduisant', 5, 'ideas', '2008-05-09'),
(1303, 0x622e752e2d622e752e2d642e752e2d27, 'signifiant', 5, 'ideas', '2008-05-09'),
(1304, 0x782e782e2d6e2e6f2e2d27, 'crime / délit', 5, 'ideas', '2008-05-09'),
(1305, 0x642e6f2e2d702e702e2d732e792e2d27, '(à venir)', 5, 'ideas', '2008-05-09'),
(1306, 0x652e792e2d, 'apprendre', 3, 'relations', '2008-05-09');
INSERT INTO `ieml_onto` (`ieml_id`, `ieml_code`, `ieml_lib`, `ieml_niveau`, `ieml_parent`, `ieml_date`) VALUES 
(1307, 0x742e6f2e2d682e682e2d27, '(à venir)', 5, 'ideas', '2008-05-09'),
(1308, 0x632e732e2d, 'résistance', 3, 'relations', '2008-05-09'),
(1309, 0x632e77752e2d, 'déplacement de l''attention', 3, 'relations', '2008-05-09'),
(1310, 0x642e6f2e2d752e752e2d27, '(à venir)', 5, 'ideas', '2008-05-09'),
(1311, 0x776f2e6b2e2d, 'semer des graines de changement social', 3, 'relations', '2008-05-09'),
(1312, 0x682e742e2d, 'oubli', 3, 'relations', '2008-05-09'),
(1313, 0x742e6f2e2d702e702e2d732e792e2d27, '(à venir)', 5, 'ideas', '2008-05-09'),
(1314, 0x732e6f2e2d732e6f2e2d732e752e2d27, 'intelligent', 5, 'ideas', '2008-05-09'),
(1315, 0x652e652e2d622e6f2e2d732e792e2d27, 'sciences de l''éducation et de la formation', 5, 'ideas', '2008-05-09'),
(1316, 0x776f2e732e2d, 'brasser des idées', 3, 'relations', '2008-05-09'),
(1317, 0x742e692e2d6c2e692e2d27, 'ville', 5, 'ideas', '2008-05-09'),
(1318, 0x6f2e752e2d77652e682e2d, 'filtrer l''information', 5, 'ideas', '2008-05-09'),
(1319, 0x742e692e2d732e692e2d27, 'véhicule', 5, 'ideas', '2008-05-09'),
(1320, 0x6d2e692e2d, 'jouet', 3, 'relations', '2008-05-09'),
(1321, 0x6b2e6f2e2d692e692e2d27, '(à venir)', 5, 'ideas', '2008-05-09'),
(1322, 0x782e612e2d, 'progression de carrière', 3, 'relations', '2008-05-09'),
(1323, 0x742e692e2d6b2e692e2d27, 'capital', 5, 'ideas', '2008-05-09'),
(1324, 0x622e752e2d742e752e2d27, 'instruction', 5, 'ideas', '2008-05-09'),
(1325, 0x6e2e752e2d622e752e2d27, 'proposition', 5, 'ideas', '2008-05-09'),
(1326, 0x672e732e2d, 'silence', 3, 'relations', '2008-05-09'),
(1327, 0x6b2e612e2d6c2e612e2d27, 'syndicat', 5, 'ideas', '2008-05-09'),
(1328, 0x622e612e2d6c2e612e2d662e6f2e2d27, 'transporteur', 5, 'ideas', '2008-05-09'),
(1329, 0x642e682e2d, 'différence culturelle', 3, 'relations', '2008-05-09'),
(1330, 0x662e6f2e2d6c2e6f2e2d27, 'organisation', 5, 'ideas', '2008-05-09'),
(1331, 0x692e692e2d622e6f2e2d27, 'image scientifique', 5, 'ideas', '2008-05-09'),
(1332, 0x6e2e692e2d622e692e2d742e752e2d27, 'éclairé', 5, 'ideas', '2008-05-09'),
(1333, 0x742e652e2d662e752e2d27, 'musique originale', 5, 'ideas', '2008-05-09'),
(1334, 0x642e632e2d, 'authenticité', 3, 'relations', '2008-05-09'),
(1335, 0x662e6f2e2d682e682e2d27, '(à venir)', 5, 'ideas', '2008-05-09'),
(1336, 0x792e632e2d, 'examiner son cheminement', 3, 'relations', '2008-05-09'),
(1337, 0x742e612e2d6e2e612e2d27, 'loi', 5, 'ideas', '2008-05-09'),
(1338, 0x6b2e652e2d622e612e2d77612e652e2d27, 'parler sincèrement', 5, 'ideas', '2008-05-09'),
(1339, 0x6e2e732e2d, 'astre', 3, 'relations', '2008-05-09'),
(1340, 0x77652e612e2d, 'renouveler ses engagements', 3, 'relations', '2008-05-09'),
(1341, 0x6f2e6f2e2d732e6f2e2d27, 'gestion', 5, 'ideas', '2008-05-09'),
(1342, 0x6e2e752e2d742e752e2d642e752e2d27, 'emblématique', 5, 'ideas', '2008-05-09'),
(1343, 0x752e652e2d, 'prouver', 3, 'relations', '2008-05-09'),
(1344, 0x742e692e2d742e692e2d742e752e2d27, 'enregistré', 5, 'ideas', '2008-05-09'),
(1345, 0x732e692e2d622e692e2d742e752e2d27, 'multimedia', 5, 'ideas', '2008-05-09'),
(1346, 0x732e6a2e2d, 'projet poétique', 3, 'relations', '2008-05-09'),
(1347, 0x6e2e612e2d6e2e612e2d27, 'communauté spirituelle', 5, 'ideas', '2008-05-09'),
(1348, 0x612e752e2d, 'délibérer', 3, 'relations', '2008-05-09'),
(1349, 0x732e6f2e2d752e752e2d732e792e2d27, '(à venir)', 5, 'ideas', '2008-05-09'),
(1350, 0x672e682e2d, 'analyse', 3, 'relations', '2008-05-09'),
(1351, 0x662e752e2d6c2e752e2d642e752e2d27, 'agé', 5, 'ideas', '2008-05-09'),
(1352, 0x622e692e2d732e692e2d27, 'atmosphère', 5, 'ideas', '2008-05-09'),
(1353, 0x642e6b2e2d, 'Est', 3, 'relations', '2008-05-09'),
(1354, 0x702e782e2d, 'emprunt', 3, 'relations', '2008-05-09'),
(1355, 0x6d2e692e2d662e692e2d27, 'peau', 5, 'ideas', '2008-05-09'),
(1356, 0x622e6f2e2d622e6f2e2d732e752e2d27, 'contraire', 5, 'ideas', '2008-05-09'),
(1357, 0x692e642e2d, 'couper l''alimentation', 3, 'relations', '2008-05-09'),
(1358, 0x6d2e, 'affect', 2, 'events', '2008-05-09'),
(1359, 0x622e652e2d6c2e752e2d27, 'compréhension scientifique', 5, 'ideas', '2008-05-09'),
(1360, 0x622e652e2d742e752e2d77612e652e2d27, 'logique / programmation', 5, 'ideas', '2008-05-09'),
(1361, 0x652e672e2d, 's''approprier un discours', 3, 'relations', '2008-05-09'),
(1362, 0x752e6d2e2d, 'se tromper de diagnostic', 3, 'relations', '2008-05-09'),
(1363, 0x742e652e2d642e752e2d27, 'problématique informationnelle', 5, 'ideas', '2008-05-09'),
(1364, 0x662e692e2d742e692e2d742e752e2d27, 'nourri', 5, 'ideas', '2008-05-09'),
(1365, 0x622e612e2d662e612e2d27, 'soin', 5, 'ideas', '2008-05-09'),
(1366, 0x662e6f2e2d782e782e2d27, '(à venir)', 5, 'ideas', '2008-05-09'),
(1367, 0x622e702e2d, 'promotion du produit', 3, 'relations', '2008-05-09'),
(1368, 0x6c2e6f2e2d742e6f2e2d27, 'voyage', 5, 'ideas', '2008-05-09'),
(1369, 0x642e652e2d6b2e692e2d77612e652e2d27, 'sports d''équipe', 5, 'ideas', '2008-05-09'),
(1370, 0x682e662e2d, 'rupture', 3, 'relations', '2008-05-09'),
(1371, 0x612e612e2d662e6f2e2d732e792e2d27, 'démographies', 5, 'ideas', '2008-05-09'),
(1372, 0x732e612e2d732e612e2d27, 'ordre symbolique', 5, 'ideas', '2008-05-09'),
(1373, 0x642e6f2e2d732e6f2e2d27, 'raisonnement', 5, 'ideas', '2008-05-09'),
(1374, 0x77752e732e2d, 'développer sa sensibilité intellectuelle', 3, 'relations', '2008-05-09'),
(1375, 0x642e652e2d6d2e692e2d77612e652e2d27, 'subtilité des sens', 5, 'ideas', '2008-05-09'),
(1376, 0x6d2e6d2e2d, 'désir', 3, 'relations', '2008-05-09'),
(1377, 0x77612e6b2e2d, 'agir social / communautaire', 3, 'relations', '2008-05-09'),
(1378, 0x612e662e2d, 'aggresser physiquement', 3, 'relations', '2008-05-09'),
(1379, 0x6b2e752e2d6e2e752e2d27, 'totem', 5, 'ideas', '2008-05-09'),
(1380, 0x662e652e2d6d2e692e2d27, 'code physique / vestimentaire', 5, 'ideas', '2008-05-09'),
(1381, 0x6a2e77752e2d, 'nouvelle grille de perception', 3, 'relations', '2008-05-09'),
(1382, 0x652e652e2d662e6f2e2d27, 'développemt physique', 5, 'ideas', '2008-05-09'),
(1383, 0x6d2e6c2e2d, 'peur', 3, 'relations', '2008-05-09'),
(1384, 0x732e6f2e2d792e792e2d27, '(à venir)', 5, 'ideas', '2008-05-09'),
(1385, 0x77752e642e2d, 'observer', 3, 'relations', '2008-05-09'),
(1386, 0x642e6f2e2d6d2e6f2e2d732e752e2d27, 'intuitif', 5, 'ideas', '2008-05-09'),
(1387, 0x622e752e2d6b2e752e2d642e752e2d27, 'demandé', 5, 'ideas', '2008-05-09'),
(1388, 0x622e652e2d6e2e752e2d27, 'vie littéraire', 5, 'ideas', '2008-05-09'),
(1389, 0x6d2e6f2e2d662e6f2e2d27, 'séduction', 5, 'ideas', '2008-05-09'),
(1390, 0x6d2e6f2e2d6f2e6f2e2d27, '(à venir)', 5, 'ideas', '2008-05-09'),
(1391, 0x77612e77612e2d, 's''accomplir', 3, 'relations', '2008-05-09'),
(1392, 0x6f2e6a2e2d, 'choisir son mode d''expression', 3, 'relations', '2008-05-09'),
(1393, 0x662e672e2d, 'porte-parole', 3, 'relations', '2008-05-09'),
(1394, 0x6d2e612e2d642e612e2d662e6f2e2d27, 'partenaire', 5, 'ideas', '2008-05-09'),
(1395, 0x702e702e2d6e2e6f2e2d27, 'communauté internationale', 5, 'ideas', '2008-05-09'),
(1396, 0x612e632e2d, 'accepter sa transformation', 3, 'relations', '2008-05-09'),
(1397, 0x632e632e2d6e2e6f2e2d732e792e2d27, 'études ethniques', 5, 'ideas', '2008-05-09'),
(1398, 0x742e652e2d6e2e752e2d27, 'texte littéraire', 5, 'ideas', '2008-05-09'),
(1399, 0x622e752e2d662e752e2d642e752e2d27, 'conforme / genre littéraire', 5, 'ideas', '2008-05-09'),
(1400, 0x77652e77652e2d, 'mourir', 3, 'relations', '2008-05-09'),
(1401, 0x742e6f2e2d732e6f2e2d732e752e2d27, 'futur', 5, 'ideas', '2008-05-09'),
(1402, 0x6f2e792e2d, 'interroger', 3, 'relations', '2008-05-09'),
(1403, 0x662e612e2d6c2e612e2d662e6f2e2d27, 'secouriste', 5, 'ideas', '2008-05-09'),
(1404, 0x6c2e652e2d6d2e692e2d77612e652e2d27, 'artiste', 5, 'ideas', '2008-05-09'),
(1405, 0x702e702e2d662e6f2e2d27, 'santé publique', 5, 'ideas', '2008-05-09'),
(1406, 0x652e642e2d, 'négliger le corps', 3, 'relations', '2008-05-09'),
(1407, 0x6c2e662e2d, 'vallée', 3, 'relations', '2008-05-09'),
(1408, 0x742e792e2d, 'gestion de la mémoire', 3, 'relations', '2008-05-09'),
(1409, 0x6c2e6f2e2d6b2e6f2e2d732e752e2d27, 'territorial', 5, 'ideas', '2008-05-09'),
(1410, 0x77652e692e2d, 'renouveler l''équipement', 3, 'relations', '2008-05-09'),
(1411, 0x6c2e692e2d732e692e2d27, 'ouverture / porte-fenêtre', 5, 'ideas', '2008-05-09'),
(1412, 0x732e752e2d6c2e752e2d27, 'ombre', 5, 'ideas', '2008-05-09'),
(1413, 0x692e742e2d, 'briser', 3, 'relations', '2008-05-09'),
(1414, 0x692e692e2d642e6f2e2d732e792e2d27, 'protocole expérimental / protocole d''observation', 5, 'ideas', '2008-05-09'),
(1415, 0x682e682e2d6c2e6f2e2d732e792e2d27, 'géographie ', 5, 'ideas', '2008-05-09'),
(1416, 0x6a2e6a2e2d642e6f2e2d732e792e2d27, 'logique', 5, 'ideas', '2008-05-09'),
(1417, 0x6c2e6c2e2d, 'terre', 3, 'relations', '2008-05-09'),
(1418, 0x6e2e6f2e2d682e682e2d732e792e2d27, '(à venir)', 5, 'ideas', '2008-05-09'),
(1419, 0x622e652e2d732e752e2d27, 'culture visuelle', 5, 'ideas', '2008-05-09'),
(1420, 0x6b2e752e2d6d2e752e2d27, 'stigmates', 5, 'ideas', '2008-05-09'),
(1421, 0x6d2e652e2d6b2e612e2d27, 'compétence collective', 5, 'ideas', '2008-05-09'),
(1422, 0x6c2e612e2d6e2e612e2d27, 'défense', 5, 'ideas', '2008-05-09'),
(1423, 0x792e792e2d732e6f2e2d732e792e2d27, 'épistémologie', 5, 'ideas', '2008-05-09'),
(1424, 0x77612e622e2d, 's''exprimer par les actes', 3, 'relations', '2008-05-09'),
(1425, 0x6a2e692e2d, 'stratégie', 3, 'relations', '2008-05-09'),
(1426, 0x622e612e2d6b2e612e2d662e6f2e2d27, 'activiste', 5, 'ideas', '2008-05-09'),
(1427, 0x6b2e6f2e2d792e792e2d732e792e2d27, '(à venir)', 5, 'ideas', '2008-05-09'),
(1428, 0x692e622e2d, 'rompre la communication', 3, 'relations', '2008-05-09'),
(1429, 0x672e6d2e2d, 'médisance', 3, 'relations', '2008-05-09'),
(1430, 0x732e77752e2d, 'analyse des perceptions', 3, 'relations', '2008-05-09'),
(1431, 0x642e692e2d6e2e692e2d742e752e2d27, 'piloté', 5, 'ideas', '2008-05-09'),
(1432, 0x622e776f2e2d, 'échange intellectuel', 3, 'relations', '2008-05-09'),
(1433, 0x622e612e2d, 'conteur', 3, 'relations', '2008-05-09'),
(1434, 0x662e692e2d732e692e2d742e752e2d27, 'assisté', 5, 'ideas', '2008-05-09'),
(1435, 0x77752e782e2d, 're-évaluer le système technique', 3, 'relations', '2008-05-09'),
(1436, 0x6c2e612e2d662e612e2d27, 'environnement naturel', 5, 'ideas', '2008-05-09'),
(1437, 0x752e752e2d622e6f2e2d732e792e2d27, 'linguistique', 5, 'ideas', '2008-05-09'),
(1438, 0x612e612e2d732e6f2e2d27, 'communauté humaine', 5, 'ideas', '2008-05-09'),
(1439, 0x732e692e2d732e692e2d742e752e2d27, 'allumé', 5, 'ideas', '2008-05-09'),
(1440, 0x752e6f2e2d77652e682e2d, 'résumer en vue de la gouvernance', 5, 'ideas', '2008-05-09'),
(1441, 0x622e6f2e2d652e652e2d27, '(à venir)', 5, 'ideas', '2008-05-09'),
(1442, 0x652e652e2d6c2e6f2e2d732e792e2d27, 'marché du travail', 5, 'ideas', '2008-05-09'),
(1443, 0x742e612e2d6c2e612e2d27, 'archive', 5, 'ideas', '2008-05-09'),
(1444, 0x642e692e2d742e692e2d742e752e2d27, 'compté / mesuré', 5, 'ideas', '2008-05-09'),
(1445, 0x6a2e6a2e2d6d2e6f2e2d732e792e2d27, 'beaux-arts', 5, 'ideas', '2008-05-09'),
(1446, 0x6e2e652e2d6c2e612e2d27, 'sécurité collective', 5, 'ideas', '2008-05-09'),
(1447, 0x622e6f2e2d6a2e6a2e2d27, '(à venir)', 5, 'ideas', '2008-05-09'),
(1448, 0x642e672e2d, 'qualité du document', 3, 'relations', '2008-05-09'),
(1449, 0x742e612e2d732e612e2d27, 'traduction', 5, 'ideas', '2008-05-09'),
(1450, 0x642e6f2e2d, 'valeur de vérité', 3, 'relations', '2008-05-09'),
(1451, 0x642e652e2d6e2e692e2d27, 'survie', 5, 'ideas', '2008-05-09'),
(1452, 0x732e6f2e2d672e672e2d732e792e2d27, '(à venir)', 5, 'ideas', '2008-05-09'),
(1453, 0x732e652e2d742e752e2d77612e652e2d27, 'compter / calculer', 5, 'ideas', '2008-05-09'),
(1454, 0x6c2e6f2e2d782e782e2d27, '(à venir)', 5, 'ideas', '2008-05-09'),
(1455, 0x6d2e692e2d6d2e692e2d27, 'fétiche', 5, 'ideas', '2008-05-09'),
(1456, 0x622e692e2d6d2e692e2d742e752e2d27, 'brillant', 5, 'ideas', '2008-05-09'),
(1457, 0x782e6e2e2d, 'rejet / renvoi', 3, 'relations', '2008-05-09'),
(1458, 0x6e2e652e2d732e612e2d77612e652e2d27, 'indiquer le sens à un groupe', 5, 'ideas', '2008-05-09'),
(1459, 0x782e782e2d742e6f2e2d27, 'patrimoine collectif', 5, 'ideas', '2008-05-09'),
(1460, 0x6e2e6f2e2d652e652e2d732e792e2d27, '(à venir)', 5, 'ideas', '2008-05-09'),
(1461, 0x6d2e652e2d6b2e612e2d77612e652e2d27, 'attitude collaborative', 5, 'ideas', '2008-05-09'),
(1462, 0x742e6f2e2d6c2e6f2e2d732e752e2d27, 'simultané', 5, 'ideas', '2008-05-09'),
(1463, 0x752e672e2d, 'prononcer un discours', 3, 'relations', '2008-05-09'),
(1464, 0x662e6f2e2d702e702e2d732e792e2d27, '(à venir)', 5, 'ideas', '2008-05-09'),
(1465, 0x6d2e702e2d, 'service rendu', 3, 'relations', '2008-05-09'),
(1466, 0x6b2e6f2e2d6d2e6f2e2d732e752e2d27, 'amical', 5, 'ideas', '2008-05-09'),
(1467, 0x6e2e6f2e2d6e2e6f2e2d27, 'être humain', 5, 'ideas', '2008-05-09'),
(1468, 0x742e6f2e2d652e652e2d732e792e2d27, '(à venir)', 5, 'ideas', '2008-05-09'),
(1469, 0x6c2e612e2d, 'gardien', 3, 'relations', '2008-05-09'),
(1470, 0x622e652e2d6c2e752e2d77612e652e2d27, 'culture scientifique', 5, 'ideas', '2008-05-09'),
(1471, 0x622e632e2d, 'capacité de rassemblement', 3, 'relations', '2008-05-09'),
(1472, 0x662e692e2d662e692e2d742e752e2d27, 'organique', 5, 'ideas', '2008-05-09'),
(1473, 0x662e752e2d6b2e752e2d642e752e2d27, 'aperçu', 5, 'ideas', '2008-05-09'),
(1474, 0x742e77612e2d, 'hasard', 3, 'relations', '2008-05-09'),
(1475, 0x662e752e2d6c2e752e2d27, 'âge', 5, 'ideas', '2008-05-09'),
(1476, 0x652e632e2d, 'se préparer au changement', 3, 'relations', '2008-05-09'),
(1477, 0x6a2e672e2d, 'explication', 3, 'relations', '2008-05-09'),
(1478, 0x702e77652e2d, 'événement familial', 3, 'relations', '2008-05-09'),
(1479, 0x6e2e612e2d642e612e2d662e6f2e2d27, 'client', 5, 'ideas', '2008-05-09'),
(1480, 0x6e2e652e2d6d2e612e2d77612e652e2d27, 'inspirer l''harmonie', 5, 'ideas', '2008-05-09'),
(1481, 0x732e632e2d, 'projet politique', 3, 'relations', '2008-05-09'),
(1482, 0x632e6b2e2d, 'sclérose du lien', 3, 'relations', '2008-05-09'),
(1483, 0x742e612e2d732e612e2d662e6f2e2d27, 'traducteur', 5, 'ideas', '2008-05-09'),
(1484, 0x6c2e6f2e2d692e692e2d732e792e2d27, '(à venir)', 5, 'ideas', '2008-05-09'),
(1485, 0x702e622e2d, 'dégoût', 3, 'relations', '2008-05-09'),
(1486, 0x662e77652e2d, 'loisir', 3, 'relations', '2008-05-09'),
(1487, 0x742e652e2d622e752e2d77612e652e2d27, 'éloquence', 5, 'ideas', '2008-05-09'),
(1488, 0x732e6f2e2d642e6f2e2d27, 'humilité', 5, 'ideas', '2008-05-09'),
(1489, 0x77612e6a2e2d, 'transformer le langage', 3, 'relations', '2008-05-09'),
(1490, 0x6d2e6f2e2d642e6f2e2d27, 'sincérité', 5, 'ideas', '2008-05-09'),
(1491, 0x6e2e752e2d642e752e2d27, 'etiquette', 5, 'ideas', '2008-05-09'),
(1492, 0x6d2e612e2d6e2e612e2d27, 'cause', 5, 'ideas', '2008-05-09'),
(1493, 0x732e692e2d732e692e2d27, 'commutateur', 5, 'ideas', '2008-05-09'),
(1494, 0x6c2e6f2e2d702e702e2d732e792e2d27, '(à venir)', 5, 'ideas', '2008-05-09'),
(1495, 0x632e632e2d662e6f2e2d732e792e2d27, 'études féministes / des genres', 5, 'ideas', '2008-05-09'),
(1496, 0x622e6f2e2d752e752e2d27, '(à venir)', 5, 'ideas', '2008-05-09'),
(1497, 0x662e6f2e2d732e6f2e2d732e752e2d27, 'surréel / mythique', 5, 'ideas', '2008-05-09'),
(1498, 0x6b2e6f2e2d662e6f2e2d27, 'collaboration', 5, 'ideas', '2008-05-09'),
(1499, 0x622e6f2e2d732e6f2e2d27, 'interprétation', 5, 'ideas', '2008-05-09'),
(1500, 0x662e652e2d6d2e692e2d77612e652e2d27, 'esthétique / mode', 5, 'ideas', '2008-05-09'),
(1501, 0x752e752e2d742e6f2e2d27, 'système de communication', 5, 'ideas', '2008-05-09'),
(1502, 0x692e752e2d, 'prendre', 3, 'relations', '2008-05-09'),
(1503, 0x6e2e612e2d6c2e612e2d662e6f2e2d27, 'policier', 5, 'ideas', '2008-05-09'),
(1504, 0x752e6b2e2d, 'parler en jargon', 3, 'relations', '2008-05-09'),
(1505, 0x642e752e2d742e752e2d642e752e2d27, 'ancre', 5, 'ideas', '2008-05-09'),
(1506, 0x612e612e2d77652e682e2d, 'créer la confiance', 5, 'ideas', '2008-05-09'),
(1507, 0x6b2e652e2d732e612e2d27, 'autonomie psychique', 5, 'ideas', '2008-05-09'),
(1508, 0x6f2e6d2e2d, 'être indifférent', 3, 'relations', '2008-05-09'),
(1509, 0x6b2e652e2d662e612e2d27, 'autonomie physique', 5, 'ideas', '2008-05-09'),
(1510, 0x662e6f2e2d6d2e6f2e2d27, 'joie', 5, 'ideas', '2008-05-09'),
(1511, 0x6e2e652e2d732e612e2d27, 'démarche collective', 5, 'ideas', '2008-05-09'),
(1512, 0x642e6f2e2d742e6f2e2d732e752e2d27, 'appris', 5, 'ideas', '2008-05-09'),
(1513, 0x6b2e6f2e2d692e692e2d732e792e2d27, '(à venir)', 5, 'ideas', '2008-05-09'),
(1514, 0x662e6f2e2d6d2e6f2e2d732e752e2d27, 'joyeux', 5, 'ideas', '2008-05-09'),
(1515, 0x6d2e752e2d742e752e2d27, 'masque', 5, 'ideas', '2008-05-09'),
(1516, 0x6e2e652e2d642e612e2d77612e652e2d27, 'publier la vérité', 5, 'ideas', '2008-05-09'),
(1517, 0x6f2e652e2d77652e682e2d, 'éduquer', 5, 'ideas', '2008-05-09'),
(1518, 0x642e6f2e2d682e682e2d732e792e2d27, '(à venir)', 5, 'ideas', '2008-05-09'),
(1519, 0x622e692e2d6b2e692e2d742e752e2d27, 'monumental', 5, 'ideas', '2008-05-09'),
(1520, 0x642e612e2d6c2e612e2d662e6f2e2d27, 'agent de renseignement', 5, 'ideas', '2008-05-09'),
(1521, 0x6c2e6f2e2d632e632e2d732e792e2d27, '(à venir)', 5, 'ideas', '2008-05-09'),
(1522, 0x662e792e2d, 'intelligence du corps', 3, 'relations', '2008-05-09'),
(1523, 0x6b2e652e2d622e612e2d27, 'crédibilité', 5, 'ideas', '2008-05-09'),
(1524, 0x742e752e2d6b2e752e2d27, 'écritures', 5, 'ideas', '2008-05-09'),
(1525, 0x692e662e2d, 'être malade ou blessé', 3, 'relations', '2008-05-09'),
(1526, 0x662e752e2d622e752e2d27, 'accent', 5, 'ideas', '2008-05-09'),
(1527, 0x742e652e2d, 'capacité de convaincre', 3, 'relations', '2008-05-09'),
(1528, 0x6d2e692e2d642e692e2d742e752e2d27, 'ciblé', 5, 'ideas', '2008-05-09'),
(1529, 0x622e612e2d642e612e2d27, 'publicité', 5, 'ideas', '2008-05-09'),
(1530, 0x642e692e2d662e692e2d742e752e2d27, 'perçu', 5, 'ideas', '2008-05-09'),
(1531, 0x77652e622e2d, 'cultiver un système d''information', 3, 'relations', '2008-05-09'),
(1532, 0x6b2e6f2e2d682e682e2d732e792e2d27, '(à venir)', 5, 'ideas', '2008-05-09'),
(1533, 0x6d2e752e2d6b2e752e2d642e752e2d27, 'sacrifié', 5, 'ideas', '2008-05-09'),
(1534, 0x6e2e6f2e2d682e682e2d27, '(à venir)', 5, 'ideas', '2008-05-09'),
(1535, 0x6b2e692e2d742e692e2d27, 'magasin / entrepôt', 5, 'ideas', '2008-05-09'),
(1536, 0x6c2e6f2e2d682e682e2d732e792e2d27, '(à venir)', 5, 'ideas', '2008-05-09'),
(1537, 0x742e742e2d, 'cycle', 3, 'relations', '2008-05-09'),
(1538, 0x6d2e6f2e2d782e782e2d732e792e2d27, '(à venir)', 5, 'ideas', '2008-05-09'),
(1539, 0x6d2e732e2d, 'contemplation', 3, 'relations', '2008-05-09'),
(1540, 0x6b2e612e2d6b2e612e2d662e6f2e2d27, 'citoyen', 5, 'ideas', '2008-05-09'),
(1541, 0x742e6f2e2d6e2e6f2e2d27, 'calendrier', 5, 'ideas', '2008-05-09'),
(1542, 0x776f2e6a2e2d, 'réfléchir aux langages possibles', 3, 'relations', '2008-05-09'),
(1543, 0x732e6e2e2d, 'nuage', 3, 'relations', '2008-05-09'),
(1544, 0x622e6f2e2d6b2e6f2e2d27, 'communication', 5, 'ideas', '2008-05-09'),
(1545, 0x652e652e2d732e6f2e2d27, 'condition de travail', 5, 'ideas', '2008-05-09'),
(1546, 0x6c2e652e2d742e692e2d27, 'système de transport', 5, 'ideas', '2008-05-09'),
(1547, 0x672e652e2d, 'édit / ordonnance', 3, 'relations', '2008-05-09'),
(1548, 0x6e2e6f2e2d6a2e6a2e2d27, '(à venir)', 5, 'ideas', '2008-05-09'),
(1549, 0x6d2e776f2e2d, 'appel de l''inconnu', 3, 'relations', '2008-05-09'),
(1550, 0x742e6d2e2d, 'attachement', 3, 'relations', '2008-05-09'),
(1551, 0x622e612e2d662e612e2d662e6f2e2d27, 'infirmier / soignant', 5, 'ideas', '2008-05-09'),
(1552, 0x662e6f2e2d6c2e6f2e2d732e752e2d27, 'organisé', 5, 'ideas', '2008-05-09'),
(1553, 0x622e6f2e2d6b2e6f2e2d732e752e2d27, 'communiqué', 5, 'ideas', '2008-05-09'),
(1554, 0x776f2e, 'générer possibles', 2, 'events', '2008-05-09'),
(1555, 0x672e672e2d6e2e6f2e2d27, 'relations transculturelles', 5, 'ideas', '2008-05-09'),
(1556, 0x732e752e2d, 'image', 3, 'relations', '2008-05-09'),
(1557, 0x662e6f2e2d732e6f2e2d27, 'imaginaire', 5, 'ideas', '2008-05-09'),
(1558, 0x652e652e2d742e6f2e2d27, 'métier', 5, 'ideas', '2008-05-09'),
(1559, 0x6c2e652e2d6d2e692e2d27, 'univers poétique', 5, 'ideas', '2008-05-09'),
(1560, 0x6b2e652e2d642e612e2d27, 'jugement', 5, 'ideas', '2008-05-09'),
(1561, 0x692e692e2d662e6f2e2d27, 'phénomène biologique', 5, 'ideas', '2008-05-09'),
(1562, 0x612e, 's''engager', 2, 'events', '2008-05-09'),
(1563, 0x742e702e2d, 'gain', 3, 'relations', '2008-05-09'),
(1564, 0x622e692e2d6b2e692e2d27, 'place publique', 5, 'ideas', '2008-05-09'),
(1565, 0x6e2e752e2d6d2e752e2d642e752e2d27, 'imité', 5, 'ideas', '2008-05-09'),
(1566, 0x662e612e2d642e612e2d27, 'réparation', 5, 'ideas', '2008-05-09'),
(1567, 0x612e672e2d, 's''engager dans son discours', 3, 'relations', '2008-05-09'),
(1568, 0x6b2e6f2e2d642e6f2e2d27, 'honnêteté', 5, 'ideas', '2008-05-09'),
(1569, 0x732e6f2e2d692e692e2d732e792e2d27, '(à venir)', 5, 'ideas', '2008-05-09'),
(1570, 0x6e2e6f2e2d6f2e6f2e2d27, '(à venir)', 5, 'ideas', '2008-05-09'),
(1571, 0x6e2e662e2d, 'domestique', 3, 'relations', '2008-05-09'),
(1572, 0x742e652e2d642e752e2d77612e652e2d27, 'architecture d''information', 5, 'ideas', '2008-05-09'),
(1573, 0x6d2e612e2d6d2e612e2d662e6f2e2d27, 'familier', 5, 'ideas', '2008-05-09'),
(1574, 0x732e612e2d6b2e612e2d662e6f2e2d27, 'politicien', 5, 'ideas', '2008-05-09'),
(1575, 0x642e6f2e2d672e672e2d27, '(à venir)', 5, 'ideas', '2008-05-09'),
(1576, 0x642e6e2e2d, 'moins', 3, 'relations', '2008-05-09'),
(1577, 0x642e652e2d6c2e692e2d77612e652e2d27, 'arts martiaux', 5, 'ideas', '2008-05-09'),
(1578, 0x6c2e652e2d6b2e692e2d27, 'prospérité', 5, 'ideas', '2008-05-09'),
(1579, 0x6b2e6f2e2d, 'désir de lien social', 3, 'relations', '2008-05-09'),
(1580, 0x6b2e612e2d6e2e612e2d662e6f2e2d27, 'juré', 5, 'ideas', '2008-05-09'),
(1581, 0x6c2e752e2d6d2e752e2d642e752e2d27, 'habituel', 5, 'ideas', '2008-05-09'),
(1582, 0x632e632e2d622e6f2e2d27, 'flux d''information significative', 5, 'ideas', '2008-05-09'),
(1583, 0x6b2e77652e2d, 'communauté de résidence', 3, 'relations', '2008-05-09'),
(1584, 0x642e692e2d742e692e2d27, 'compteur', 5, 'ideas', '2008-05-09'),
(1585, 0x702e702e2d6b2e6f2e2d732e792e2d27, 'économie', 5, 'ideas', '2008-05-09'),
(1586, 0x6c2e742e2d, 'gauche', 3, 'relations', '2008-05-09'),
(1587, 0x77652e702e2d, 'unifier l''objet', 3, 'relations', '2008-05-09'),
(1588, 0x742e6f2e2d612e612e2d732e792e2d27, '(à venir)', 5, 'ideas', '2008-05-09'),
(1589, 0x652e652e2d6e2e6f2e2d732e792e2d27, 'taxonomie de compétences', 5, 'ideas', '2008-05-09'),
(1590, 0x792e792e2d6c2e6f2e2d27, 'objet présenté', 5, 'ideas', '2008-05-09'),
(1591, 0x702e702e2d662e6f2e2d732e792e2d27, 'sciences de la santé', 5, 'ideas', '2008-05-09'),
(1592, 0x662e6f2e2d792e792e2d27, '(à venir)', 5, 'ideas', '2008-05-09'),
(1593, 0x662e692e2d622e692e2d27, 'drogue / médicament', 5, 'ideas', '2008-05-09'),
(1594, 0x6d2e77612e2d, 'audace', 3, 'relations', '2008-05-09'),
(1595, 0x642e692e2d642e692e2d27, 'données quantitatives', 5, 'ideas', '2008-05-09'),
(1596, 0x692e752e2d77652e682e2d, 'prendre la parole', 5, 'ideas', '2008-05-09'),
(1597, 0x6c2e652e2d622e692e2d77612e652e2d27, 'ingénierie informatique', 5, 'ideas', '2008-05-09'),
(1598, 0x622e6f2e2d6f2e6f2e2d27, '(à venir)', 5, 'ideas', '2008-05-09'),
(1599, 0x6e2e692e2d6b2e692e2d27, 'marchandise', 5, 'ideas', '2008-05-09'),
(1600, 0x622e782e2d, 'environnement collaboratif', 3, 'relations', '2008-05-09'),
(1601, 0x742e752e2d6e2e752e2d27, 'nom propre', 5, 'ideas', '2008-05-09'),
(1602, 0x702e6a2e2d, 'mutation de l''apprentissage', 3, 'relations', '2008-05-09'),
(1603, 0x642e752e2d662e752e2d642e752e2d27, 'présent', 5, 'ideas', '2008-05-09'),
(1604, 0x6b2e692e2d622e692e2d742e752e2d27, 'logiciel', 5, 'ideas', '2008-05-09'),
(1605, 0x6e2e6a2e2d, 'originalité', 3, 'relations', '2008-05-09'),
(1606, 0x622e77612e2d, 'négociation', 3, 'relations', '2008-05-09'),
(1607, 0x702e732e2d, 'manque', 3, 'relations', '2008-05-09'),
(1608, 0x632e, 'mutation personelle', 2, 'events', '2008-05-09'),
(1609, 0x77752e6e2e2d, 'cultiver la clarté du sens', 3, 'relations', '2008-05-09'),
(1610, 0x6e2e622e2d, 'acide', 3, 'relations', '2008-05-09'),
(1611, 0x792e6e2e2d, 'ignorer les principes', 3, 'relations', '2008-05-09'),
(1612, 0x742e6f2e2d6f2e6f2e2d27, '(à venir)', 5, 'ideas', '2008-05-09'),
(1613, 0x77612e742e2d, 'prendre des risques', 3, 'relations', '2008-05-09'),
(1614, 0x652e782e2d, 's''approprier des outils', 3, 'relations', '2008-05-09'),
(1615, 0x77752e662e2d, 'immersion sensorielle', 3, 'relations', '2008-05-09'),
(1616, 0x6e2e6f2e2d632e632e2d732e792e2d27, '(à venir)', 5, 'ideas', '2008-05-09'),
(1617, 0x6e2e6f2e2d732e6f2e2d732e752e2d27, 'cultivé', 5, 'ideas', '2008-05-09'),
(1618, 0x6b2e6f2e2d672e672e2d27, '(à venir)', 5, 'ideas', '2008-05-09'),
(1619, 0x776f2e776f2e2d, 'naître', 3, 'relations', '2008-05-09'),
(1620, 0x732e6c2e2d, 'haut', 3, 'relations', '2008-05-09'),
(1621, 0x642e6f2e2d782e782e2d732e792e2d27, '(à venir)', 5, 'ideas', '2008-05-09'),
(1622, 0x642e6f2e2d6f2e6f2e2d732e792e2d27, '(à venir)', 5, 'ideas', '2008-05-09'),
(1623, 0x742e6f2e2d612e612e2d27, '(à venir)', 5, 'ideas', '2008-05-09'),
(1624, 0x672e672e2d6b2e6f2e2d27, 'discours public', 5, 'ideas', '2008-05-09'),
(1625, 0x6c2e652e2d642e692e2d27, 'système de coordonnées', 5, 'ideas', '2008-05-09'),
(1626, 0x6e2e612e2d6d2e612e2d27, 'homme', 5, 'ideas', '2008-05-09'),
(1627, 0x752e6c2e2d, 'salir ou se salir', 3, 'relations', '2008-05-09'),
(1628, 0x622e6a2e2d, 'innovation sémiotique', 3, 'relations', '2008-05-09'),
(1629, 0x662e612e2d6d2e612e2d27, 'femme', 5, 'ideas', '2008-05-09'),
(1630, 0x6f2e6b2e2d, 'briser le lien social', 3, 'relations', '2008-05-09'),
(1631, 0x6e2e692e2d662e692e2d27, 'main / pied', 5, 'ideas', '2008-05-09'),
(1632, 0x662e682e2d, 'rencontre', 3, 'relations', '2008-05-09'),
(1633, 0x77612e632e2d, 'transformer la communauté', 3, 'relations', '2008-05-09'),
(1634, 0x6a2e6f2e2d, 'inconscient', 3, 'relations', '2008-05-09'),
(1635, 0x692e732e2d, 'bloquer', 3, 'relations', '2008-05-09'),
(1636, 0x6e2e652e2d642e612e2d27, 'information du public', 5, 'ideas', '2008-05-09'),
(1637, 0x732e612e2d, 'interprète', 3, 'relations', '2008-05-09'),
(1638, 0x642e652e2d742e692e2d27, 'conduite sûre', 5, 'ideas', '2008-05-09'),
(1639, 0x642e6f2e2d632e632e2d27, '(à venir)', 5, 'ideas', '2008-05-09'),
(1640, 0x752e6e2e2d, 'se réfugier dans l''anonymat', 3, 'relations', '2008-05-09'),
(1641, 0x776f2e612e2d, 'trouver sa juste place', 3, 'relations', '2008-05-09'),
(1642, 0x6b2e776f2e2d, 'école de pensée', 3, 'relations', '2008-05-09'),
(1643, 0x652e682e2d, 'suivre une méthode d''interpretation', 3, 'relations', '2008-05-09'),
(1644, 0x423a, 'être', 1, 'elements', '2008-05-09'),
(1645, 0x6c2e692e2d742e692e2d27, 'fermeture / sac', 5, 'ideas', '2008-05-09'),
(1646, 0x6e2e6f2e2d612e612e2d732e792e2d27, '(à venir)', 5, 'ideas', '2008-05-09'),
(1647, 0x662e6f2e2d632e632e2d27, '(à venir)', 5, 'ideas', '2008-05-09'),
(1648, 0x6b2e6d2e2d, 'envie', 3, 'relations', '2008-05-09'),
(1649, 0x662e6c2e2d, 'montagne', 3, 'relations', '2008-05-09'),
(1650, 0x77612e642e2d, 'expérimenter', 3, 'relations', '2008-05-09'),
(1651, 0x622e612e2d6e2e612e2d662e6f2e2d27, 'procureur', 5, 'ideas', '2008-05-09'),
(1652, 0x6c2e6f2e2d692e692e2d27, '(à venir)', 5, 'ideas', '2008-05-09'),
(1653, 0x652e692e2d77652e682e2d, 'attirer ou favoriser l''investissement', 5, 'ideas', '2008-05-09'),
(1654, 0x682e682e2d622e6f2e2d732e792e2d27, 'herméneutique', 5, 'ideas', '2008-05-09'),
(1655, 0x752e732e2d, 'mal concevoir', 3, 'relations', '2008-05-09'),
(1656, 0x732e662e2d, 'plante', 3, 'relations', '2008-05-09'),
(1657, 0x742e692e2d6d2e692e2d27, 'trésor', 5, 'ideas', '2008-05-09'),
(1658, 0x732e692e2d662e692e2d742e752e2d27, 'reconnu', 5, 'ideas', '2008-05-09'),
(1659, 0x6e2e6f2e2d692e692e2d27, '(à venir)', 5, 'ideas', '2008-05-09'),
(1660, 0x742e6f2e2d742e6f2e2d27, 'changement', 5, 'ideas', '2008-05-09'),
(1661, 0x662e6f2e2d6b2e6f2e2d27, 'rite', 5, 'ideas', '2008-05-09'),
(1662, 0x742e662e2d, 'graine', 3, 'relations', '2008-05-09'),
(1663, 0x642e77652e2d, 'contrainte technique', 3, 'relations', '2008-05-09'),
(1664, 0x782e632e2d, 'crédit', 3, 'relations', '2008-05-09'),
(1665, 0x782e782e2d622e6f2e2d732e792e2d27, 'études des médias', 5, 'ideas', '2008-05-09'),
(1666, 0x6b2e752e2d6c2e752e2d642e752e2d27, 'tombeau / mausolée', 5, 'ideas', '2008-05-09'),
(1667, 0x702e77612e2d, 'transformation d''objectif', 3, 'relations', '2008-05-09'),
(1668, 0x622e752e2d6d2e752e2d27, 'voix', 5, 'ideas', '2008-05-09'),
(1669, 0x732e612e2d6b2e612e2d27, 'parlement', 5, 'ideas', '2008-05-09'),
(1670, 0x732e652e2d, 'maîtrise des codes', 3, 'relations', '2008-05-09'),
(1671, 0x652e652e2d6e2e6f2e2d27, 'compétence', 5, 'ideas', '2008-05-09'),
(1672, 0x742e6f2e2d732e6f2e2d27, 'prévision', 5, 'ideas', '2008-05-09'),
(1673, 0x662e652e2d662e692e2d77612e652e2d27, 'chirurgie / soins du corps', 5, 'ideas', '2008-05-09'),
(1674, 0x792e662e2d, 's''intoxiquer', 3, 'relations', '2008-05-09'),
(1675, 0x622e6f2e2d6e2e6f2e2d732e752e2d27, 'poétique', 5, 'ideas', '2008-05-09'),
(1676, 0x6e2e652e2d6b2e612e2d27, 'transparence des actes', 5, 'ideas', '2008-05-09'),
(1677, 0x6b2e6f2e2d702e702e2d732e792e2d27, '(à venir)', 5, 'ideas', '2008-05-09'),
(1678, 0x6b2e752e2d6e2e752e2d642e752e2d27, 'tribal', 5, 'ideas', '2008-05-09'),
(1679, 0x682e6e2e2d, 'opportunisme', 3, 'relations', '2008-05-09'),
(1680, 0x6c2e692e2d, 'technique de connexion', 3, 'relations', '2008-05-09'),
(1681, 0x776f2e782e2d, 'réfléchir au système technique', 3, 'relations', '2008-05-09'),
(1682, 0x6a2e6b2e2d, 'erreur de syntaxe', 3, 'relations', '2008-05-09'),
(1683, 0x642e652e2d732e692e2d77612e652e2d27, 'discipliner le corps / esprit', 5, 'ideas', '2008-05-09'),
(1684, 0x6c2e692e2d6e2e692e2d742e752e2d27, 'découpé / percé', 5, 'ideas', '2008-05-09'),
(1685, 0x77612e792e2d, 'maîtriser les savoirs', 3, 'relations', '2008-05-09'),
(1686, 0x612e782e2d, 's''impliquer dans son travail', 3, 'relations', '2008-05-09'),
(1687, 0x782e642e2d, 'défaut d''exécution', 3, 'relations', '2008-05-09'),
(1688, 0x6b2e752e2d642e752e2d642e752e2d27, 'illuminé', 5, 'ideas', '2008-05-09'),
(1689, 0x632e782e2d, 'taux d''intérêt', 3, 'relations', '2008-05-09'),
(1690, 0x6c2e6f2e2d6d2e6f2e2d27, 'liberté', 5, 'ideas', '2008-05-09'),
(1691, 0x622e652e2d6b2e752e2d77612e652e2d27, 'interprétation personnelle', 5, 'ideas', '2008-05-09'),
(1692, 0x632e672e2d, 'croyance', 3, 'relations', '2008-05-09'),
(1693, 0x752e752e2d6e2e6f2e2d27, 'mot / morphème', 5, 'ideas', '2008-05-09'),
(1694, 0x6c2e6f2e2d, 'détermination de l''espace', 3, 'relations', '2008-05-09'),
(1695, 0x682e682e2d, 'mutation éthique', 3, 'relations', '2008-05-09'),
(1696, 0x682e682e2d642e6f2e2d732e792e2d27, 'études des religions', 5, 'ideas', '2008-05-09'),
(1697, 0x6c2e652e2d642e692e2d77612e652e2d27, 'métrologie', 5, 'ideas', '2008-05-09'),
(1698, 0x6d2e692e2d6c2e692e2d27, 'textile / vêtement', 5, 'ideas', '2008-05-09'),
(1699, 0x662e692e2d6b2e692e2d742e752e2d27, 'comestible / potable', 5, 'ideas', '2008-05-09'),
(1700, 0x742e6f2e2d662e6f2e2d27, 'rythme', 5, 'ideas', '2008-05-09'),
(1701, 0x702e6e2e2d, 'rigidité', 3, 'relations', '2008-05-09'),
(1702, 0x742e692e2d6d2e692e2d742e752e2d27, 'précieux', 5, 'ideas', '2008-05-09'),
(1703, 0x6b2e692e2d662e692e2d742e752e2d27, 'digéré', 5, 'ideas', '2008-05-09'),
(1704, 0x622e692e2d6e2e692e2d742e752e2d27, 'virtuose', 5, 'ideas', '2008-05-09'),
(1705, 0x742e752e2d662e752e2d27, 'mélodie', 5, 'ideas', '2008-05-09'),
(1706, 0x632e632e2d6d2e6f2e2d27, 'résolution de conflit', 5, 'ideas', '2008-05-09'),
(1707, 0x6f2e6f2e2d662e6f2e2d27, 'collaborateur', 5, 'ideas', '2008-05-09'),
(1708, 0x662e692e2d732e692e2d27, 'prothèse', 5, 'ideas', '2008-05-09'),
(1709, 0x6d2e612e2d732e612e2d27, 'médiation', 5, 'ideas', '2008-05-09'),
(1710, 0x742e776f2e2d, 'mise en relation', 3, 'relations', '2008-05-09'),
(1711, 0x776f2e752e2d, 's''orienter dans l''information', 3, 'relations', '2008-05-09'),
(1712, 0x732e692e2d642e692e2d742e752e2d27, 'émis', 5, 'ideas', '2008-05-09'),
(1713, 0x6c2e752e2d662e752e2d642e752e2d27, 'tactile / synesthésique', 5, 'ideas', '2008-05-09'),
(1714, 0x732e752e2d642e752e2d642e752e2d27, 'repéré', 5, 'ideas', '2008-05-09'),
(1715, 0x6e2e792e2d, 'connaissance des principes', 3, 'relations', '2008-05-09'),
(1716, 0x6c2e752e2d642e752e2d642e752e2d27, 'échantillonné', 5, 'ideas', '2008-05-09'),
(1717, 0x752e652e2d77652e682e2d, 'produire du matériel didactique', 5, 'ideas', '2008-05-09'),
(1718, 0x622e692e2d6e2e692e2d27, 'instrument de musique', 5, 'ideas', '2008-05-09'),
(1719, 0x6b2e612e2d662e612e2d662e6f2e2d27, 'pourvoyeur', 5, 'ideas', '2008-05-09'),
(1720, 0x632e632e2d6b2e6f2e2d732e792e2d27, 'études urbaines', 5, 'ideas', '2008-05-09'),
(1721, 0x752e662e2d, 'mal entendre ou mal voir', 3, 'relations', '2008-05-09'),
(1722, 0x6b2e6f2e2d622e6f2e2d732e752e2d27, 'civil', 5, 'ideas', '2008-05-09'),
(1723, 0x642e6f2e2d6e2e6f2e2d732e752e2d27, 'su', 5, 'ideas', '2008-05-09'),
(1724, 0x622e752e2d732e752e2d27, 'métaphore / ressemblance', 5, 'ideas', '2008-05-09'),
(1725, 0x752e752e2d742e6f2e2d732e792e2d27, 'histoire de la communication', 5, 'ideas', '2008-05-09'),
(1726, 0x6e2e752e2d742e752e2d27, 'logo', 5, 'ideas', '2008-05-09'),
(1727, 0x6e2e652e2d, 'capacité de diriger', 3, 'relations', '2008-05-09'),
(1728, 0x6c2e792e2d, 'conscience des limites', 3, 'relations', '2008-05-09'),
(1729, 0x622e6c2e2d, 'dehors', 3, 'relations', '2008-05-09'),
(1730, 0x77752e682e2d, 're-évaluer le sens', 3, 'relations', '2008-05-09'),
(1731, 0x622e6f2e2d622e6f2e2d27, 'négation', 5, 'ideas', '2008-05-09'),
(1732, 0x782e792e2d, 'technologie intellectuelle', 3, 'relations', '2008-05-09'),
(1733, 0x702e702e2d6c2e6f2e2d732e792e2d27, 'études stratégiques', 5, 'ideas', '2008-05-09'),
(1734, 0x622e6f2e2d632e632e2d27, '(à venir)', 5, 'ideas', '2008-05-09'),
(1735, 0x6b2e6f2e2d6e2e6f2e2d732e752e2d27, 'juste', 5, 'ideas', '2008-05-09'),
(1736, 0x662e752e2d742e752e2d27, 'note de musique', 5, 'ideas', '2008-05-09'),
(1737, 0x6e2e6f2e2d692e692e2d732e792e2d27, '(à venir)', 5, 'ideas', '2008-05-09'),
(1738, 0x732e6f2e2d6f2e6f2e2d27, '(à venir)', 5, 'ideas', '2008-05-09'),
(1739, 0x642e652e2d642e692e2d77612e652e2d27, 'sports de tir / de visée', 5, 'ideas', '2008-05-09'),
(1740, 0x6e2e776f2e2d, 'exercice spirituel', 3, 'relations', '2008-05-09'),
(1741, 0x652e652e2d732e6f2e2d732e792e2d27, 'ergonomie', 5, 'ideas', '2008-05-09'),
(1742, 0x6d2e6f2e2d612e612e2d27, '(à venir)', 5, 'ideas', '2008-05-09'),
(1743, 0x752e6f2e2d, 'synthétiser', 3, 'relations', '2008-05-09'),
(1744, 0x612e612e2d6e2e6f2e2d27, 'vie personelle', 5, 'ideas', '2008-05-09'),
(1745, 0x77652e642e2d, 'adopter un système de mesure', 3, 'relations', '2008-05-09'),
(1746, 0x612e6f2e2d77652e682e2d, 'gouverner', 5, 'ideas', '2008-05-09'),
(1747, 0x642e692e2d6b2e692e2d742e752e2d27, 'monétaire', 5, 'ideas', '2008-05-09'),
(1748, 0x662e6f2e2d692e692e2d732e792e2d27, '(à venir)', 5, 'ideas', '2008-05-09'),
(1749, 0x662e692e2d6c2e692e2d742e752e2d27, 'soutenu', 5, 'ideas', '2008-05-09'),
(1750, 0x732e612e2d6e2e612e2d662e6f2e2d27, 'précurseur', 5, 'ideas', '2008-05-09'),
(1751, 0x662e612e2d622e612e2d662e6f2e2d27, 'musicien', 5, 'ideas', '2008-05-09'),
(1752, 0x622e752e2d642e752e2d642e752e2d27, 'partiel', 5, 'ideas', '2008-05-09'),
(1753, 0x6b2e6f2e2d6d2e6f2e2d27, 'amitié', 5, 'ideas', '2008-05-09'),
(1754, 0x612e612e2d622e6f2e2d27, 'manière de penser', 5, 'ideas', '2008-05-09'),
(1755, 0x6d2e6f2e2d742e6f2e2d732e752e2d27, 'loyal', 5, 'ideas', '2008-05-09'),
(1756, 0x752e612e2d, 'décider', 3, 'relations', '2008-05-09'),
(1757, 0x612e612e2d622e6f2e2d732e792e2d27, 'psychologie sociale', 5, 'ideas', '2008-05-09'),
(1758, 0x642e612e2d732e612e2d662e6f2e2d27, 'étudiant', 5, 'ideas', '2008-05-09'),
(1759, 0x6c2e692e2d6e2e692e2d27, 'outil coupant / perçant', 5, 'ideas', '2008-05-09'),
(1760, 0x622e6f2e2d782e782e2d732e792e2d27, '(à venir)', 5, 'ideas', '2008-05-09'),
(1761, 0x6b2e792e2d, 'intelligence relationnelle', 3, 'relations', '2008-05-09'),
(1762, 0x742e6f2e2d782e782e2d27, '(à venir)', 5, 'ideas', '2008-05-09'),
(1763, 0x692e692e2d732e6f2e2d732e792e2d27, 'théorie scientifique de la nature', 5, 'ideas', '2008-05-09'),
(1764, 0x732e752e2d662e752e2d27, 'perception', 5, 'ideas', '2008-05-09'),
(1765, 0x6d2e692e2d642e692e2d27, 'cible', 5, 'ideas', '2008-05-09'),
(1766, 0x642e6f2e2d692e692e2d27, '(à venir)', 5, 'ideas', '2008-05-09'),
(1767, 0x6f2e6f2e2d662e6f2e2d732e792e2d27, 'gestion des ressources humaines', 5, 'ideas', '2008-05-09'),
(1768, 0x622e6f2e2d672e672e2d27, '(à venir)', 5, 'ideas', '2008-05-09'),
(1769, 0x732e6f2e2d792e792e2d732e792e2d27, '(à venir)', 5, 'ideas', '2008-05-09'),
(1770, 0x6d2e6f2e2d652e652e2d732e792e2d27, '(à venir)', 5, 'ideas', '2008-05-09'),
(1771, 0x792e702e2d, 'examiner les sujets possibles', 3, 'relations', '2008-05-09'),
(1772, 0x782e782e2d742e6f2e2d732e792e2d27, 'archéologie / histoire matérielle', 5, 'ideas', '2008-05-09'),
(1773, 0x6d2e612e2d, 'parent', 3, 'relations', '2008-05-09'),
(1774, 0x682e682e2d742e6f2e2d732e792e2d27, 'histoire sacrée', 5, 'ideas', '2008-05-09'),
(1775, 0x6b2e742e2d, 'Eté', 3, 'relations', '2008-05-09'),
(1776, 0x6c2e6f2e2d672e672e2d732e792e2d27, '(à venir)', 5, 'ideas', '2008-05-09'),
(1777, 0x776f2e6f2e2d, 'établir des principes', 3, 'relations', '2008-05-09'),
(1778, 0x792e776f2e2d, 'profil intellectuel', 3, 'relations', '2008-05-09'),
(1779, 0x6e2e612e2d, 'juge', 3, 'relations', '2008-05-09'),
(1780, 0x622e752e2d732e752e2d642e752e2d27, 'semblable / même', 5, 'ideas', '2008-05-09'),
(1781, 0x6d2e6f2e2d6c2e6f2e2d27, 'générosité', 5, 'ideas', '2008-05-09'),
(1782, 0x622e692e2d622e692e2d742e752e2d27, 'ubiquitaire', 5, 'ideas', '2008-05-09'),
(1783, 0x662e6f2e2d692e692e2d27, '(à venir)', 5, 'ideas', '2008-05-09'),
(1784, 0x742e6f2e2d702e702e2d27, '(à venir)', 5, 'ideas', '2008-05-09'),
(1785, 0x782e782e2d662e6f2e2d27, 'biomolécule active', 5, 'ideas', '2008-05-09'),
(1786, 0x6c2e612e2d6c2e612e2d27, 'guerre', 5, 'ideas', '2008-05-09'),
(1787, 0x652e702e2d, 'être à la hauteur d''un sujet', 3, 'relations', '2008-05-09'),
(1788, 0x6b2e6f2e2d662e6f2e2d732e752e2d27, 'collaboratif', 5, 'ideas', '2008-05-09'),
(1789, 0x6b2e692e2d642e692e2d742e752e2d27, 'prix', 5, 'ideas', '2008-05-09'),
(1790, 0x6e2e752e2d6b2e752e2d642e752e2d27, 'excellent', 5, 'ideas', '2008-05-09'),
(1791, 0x662e6f2e2d652e652e2d732e792e2d27, '(à venir)', 5, 'ideas', '2008-05-09'),
(1792, 0x6e2e632e2d, 'évolution politique', 3, 'relations', '2008-05-09'),
(1793, 0x77612e6e2e2d, 'cultiver sa motivation', 3, 'relations', '2008-05-09'),
(1794, 0x692e612e2d77652e682e2d, 'entretenir l''infrastructure', 5, 'ideas', '2008-05-09'),
(1795, 0x682e632e2d, 'établissement d''une convention', 3, 'relations', '2008-05-09'),
(1796, 0x776f2e6c2e2d, 'faire de l''espace', 3, 'relations', '2008-05-09'),
(1797, 0x732e6f2e2d6c2e6f2e2d27, 'proportion', 5, 'ideas', '2008-05-09'),
(1798, 0x6b2e612e2d6b2e612e2d27, 'cité / unité politique', 5, 'ideas', '2008-05-09'),
(1799, 0x6d2e652e2d642e612e2d77612e652e2d27, 'chercher la vérité', 5, 'ideas', '2008-05-09'),
(1800, 0x692e692e2d6d2e6f2e2d732e792e2d27, 'médecine', 5, 'ideas', '2008-05-09'),
(1801, 0x612e652e2d77652e682e2d, 'cultiver le développement humain', 5, 'ideas', '2008-05-09'),
(1802, 0x6a2e6a2e2d742e6f2e2d732e792e2d27, 'histoire de la conscience', 5, 'ideas', '2008-05-09'),
(1803, 0x782e77612e2d, 'nouveau véhicule', 3, 'relations', '2008-05-09'),
(1804, 0x6f2e6f2e2d622e6f2e2d27, 'représentation collective', 5, 'ideas', '2008-05-09'),
(1805, 0x662e6f2e2d662e6f2e2d732e752e2d27, 'vivant', 5, 'ideas', '2008-05-09'),
(1806, 0x662e612e2d6b2e612e2d27, 'accueil / hospitalité', 5, 'ideas', '2008-05-09'),
(1807, 0x692e692e2d6e2e6f2e2d732e792e2d27, 'chimie', 5, 'ideas', '2008-05-09'),
(1808, 0x6b2e652e2d6b2e612e2d27, 'performance', 5, 'ideas', '2008-05-09'),
(1809, 0x642e752e2d732e752e2d27, 'carte', 5, 'ideas', '2008-05-09'),
(1810, 0x6c2e752e2d732e752e2d27, 'moule', 5, 'ideas', '2008-05-09'),
(1811, 0x6a2e6a2e2d642e6f2e2d27, 'fonction cognitive', 5, 'ideas', '2008-05-09'),
(1812, 0x622e692e2d662e692e2d742e752e2d27, 'distribué', 5, 'ideas', '2008-05-09'),
(1813, 0x6a2e632e2d, 'mutation politique', 3, 'relations', '2008-05-09'),
(1814, 0x642e6f2e2d752e752e2d732e792e2d27, '(à venir)', 5, 'ideas', '2008-05-09'),
(1815, 0x662e6f2e2d742e6f2e2d27, 'croissance', 5, 'ideas', '2008-05-09'),
(1816, 0x6e2e612e2d6b2e612e2d27, 'réforme', 5, 'ideas', '2008-05-09'),
(1817, 0x732e6f2e2d742e6f2e2d27, 'création', 5, 'ideas', '2008-05-09'),
(1818, 0x6c2e6b2e2d, 'limite', 3, 'relations', '2008-05-09'),
(1819, 0x642e752e2d642e752e2d642e752e2d27, 'saillant', 5, 'ideas', '2008-05-09'),
(1820, 0x782e782e2d642e6f2e2d27, 'preuves ', 5, 'ideas', '2008-05-09'),
(1821, 0x6d2e752e2d622e752e2d27, 'sortilège', 5, 'ideas', '2008-05-09'),
(1822, 0x77612e6f2e2d, 's''en tenir aux principes', 3, 'relations', '2008-05-09'),
(1823, 0x662e652e2d6b2e692e2d77612e652e2d27, 'savoir-faire commercial', 5, 'ideas', '2008-05-09'),
(1824, 0x642e776f2e2d, 'contrainte intellectuelle', 3, 'relations', '2008-05-09'),
(1825, 0x6d2e752e2d662e752e2d27, 'plaisir', 5, 'ideas', '2008-05-09'),
(1826, 0x77752e672e2d, 're-évaluer la documentation', 3, 'relations', '2008-05-09'),
(1827, 0x6e2e612e2d642e612e2d27, 'achat', 5, 'ideas', '2008-05-09'),
(1828, 0x6d2e6f2e2d6d2e6f2e2d732e752e2d27, 'amoureux', 5, 'ideas', '2008-05-09'),
(1829, 0x622e6f2e2d792e792e2d732e792e2d27, '(à venir)', 5, 'ideas', '2008-05-09'),
(1830, 0x742e752e2d6b2e752e2d642e752e2d27, 'scriptural', 5, 'ideas', '2008-05-09'),
(1831, 0x6c2e752e2d6d2e752e2d27, 'habitude', 5, 'ideas', '2008-05-09'),
(1832, 0x6b2e6f2e2d612e612e2d732e792e2d27, '(à venir)', 5, 'ideas', '2008-05-09'),
(1833, 0x702e6d2e2d, 'mépris', 3, 'relations', '2008-05-09'),
(1834, 0x672e612e2d, 'rôle / fonction sociale', 3, 'relations', '2008-05-09'),
(1835, 0x77752e6b2e2d, 'sensibilité aux rapports humains', 3, 'relations', '2008-05-09'),
(1836, 0x6c2e752e2d622e752e2d27, 'transcription', 5, 'ideas', '2008-05-09'),
(1837, 0x6d2e652e2d6d2e612e2d27, 'réciprocité', 5, 'ideas', '2008-05-09'),
(1838, 0x6f2e, 'vouloir', 2, 'events', '2008-05-09'),
(1839, 0x632e776f2e2d, 'crise de conscience', 3, 'relations', '2008-05-09'),
(1840, 0x622e752e2d6c2e752e2d642e752e2d27, 'cité', 5, 'ideas', '2008-05-09'),
(1841, 0x642e6f2e2d622e6f2e2d732e752e2d27, 'décrit', 5, 'ideas', '2008-05-09'),
(1842, 0x672e672e2d, 'mutation du discours', 3, 'relations', '2008-05-09'),
(1843, 0x622e692e2d742e692e2d27, 'médiathèque', 5, 'ideas', '2008-05-09'),
(1844, 0x742e652e2d732e752e2d77612e652e2d27, 'création d''image', 5, 'ideas', '2008-05-09'),
(1845, 0x6c2e672e2d, 'propriété intellectuelle', 3, 'relations', '2008-05-09'),
(1846, 0x632e6f2e2d, 'pulsion', 3, 'relations', '2008-05-09'),
(1847, 0x652e612e2d, 'offrir', 3, 'relations', '2008-05-09'),
(1848, 0x6b2e652e2d, 'maîtrise de soi', 3, 'relations', '2008-05-09'),
(1849, 0x652e652e2d6d2e6f2e2d732e792e2d27, 'orientation professionnelle', 5, 'ideas', '2008-05-09'),
(1850, 0x782e6f2e2d, 'jouissance', 3, 'relations', '2008-05-09'),
(1851, 0x732e702e2d, 'projet économique', 3, 'relations', '2008-05-09'),
(1852, 0x77652e77752e2d, 'faire l''amour', 3, 'relations', '2008-05-09'),
(1853, 0x6f2e6f2e2d6b2e6f2e2d732e792e2d27, 'sciences politiques', 5, 'ideas', '2008-05-09'),
(1854, 0x6d2e6f2e2d642e6f2e2d732e752e2d27, 'sincère', 5, 'ideas', '2008-05-09'),
(1855, 0x792e792e2d622e6f2e2d27, 'communication scientifique', 5, 'ideas', '2008-05-09'),
(1856, 0x6b2e6f2e2d612e612e2d27, '(à venir)', 5, 'ideas', '2008-05-09'),
(1857, 0x662e612e2d6c2e612e2d27, 'désastre', 5, 'ideas', '2008-05-09'),
(1858, 0x642e692e2d622e692e2d27, 'ordinateur', 5, 'ideas', '2008-05-09'),
(1859, 0x662e6f2e2d752e752e2d732e792e2d27, '(à venir)', 5, 'ideas', '2008-05-09'),
(1860, 0x742e752e2d732e752e2d642e752e2d27, 'imprimé / gravé', 5, 'ideas', '2008-05-09'),
(1861, 0x732e6f2e2d6e2e6f2e2d732e752e2d27, 'médité', 5, 'ideas', '2008-05-09'),
(1862, 0x702e702e2d, 'mutation des forces en présence', 3, 'relations', '2008-05-09'),
(1863, 0x6b2e732e2d, 'Sud', 3, 'relations', '2008-05-09'),
(1864, 0x6c2e692e2d6c2e692e2d742e752e2d27, 'en réseau', 5, 'ideas', '2008-05-09'),
(1865, 0x672e622e2d, 'bruit / erreur de transmission', 3, 'relations', '2008-05-09'),
(1866, 0x6f2e642e2d, 'être irresponsable', 3, 'relations', '2008-05-09'),
(1867, 0x543a, 'chose', 1, 'elements', '2008-05-09'),
(1868, 0x6d2e612e2d6d2e612e2d27, 'famille', 5, 'ideas', '2008-05-09'),
(1869, 0x6d2e6f2e2d732e6f2e2d732e752e2d27, 'intéressant', 5, 'ideas', '2008-05-09'),
(1870, 0x742e6f2e2d642e6f2e2d732e752e2d27, 'pertinent', 5, 'ideas', '2008-05-09'),
(1871, 0x6b2e652e2d732e612e2d77612e652e2d27, 'se comprendre soi-même', 5, 'ideas', '2008-05-09'),
(1872, 0x776f2e77652e2d, 'boire / manger', 3, 'relations', '2008-05-09'),
(1873, 0x662e652e2d642e692e2d77612e652e2d27, 'contrôler / mesurer', 5, 'ideas', '2008-05-09'),
(1874, 0x6c2e612e2d732e612e2d27, 'management', 5, 'ideas', '2008-05-09'),
(1875, 0x612e682e2d, 'défendre une interprétation', 3, 'relations', '2008-05-09'),
(1876, 0x622e752e2d642e752e2d27, 'métonymie / partie', 5, 'ideas', '2008-05-09'),
(1877, 0x6b2e612e2d, 'chef', 3, 'relations', '2008-05-09'),
(1878, 0x6e2e692e2d6e2e692e2d27, 'énergie', 5, 'ideas', '2008-05-09'),
(1879, 0x742e612e2d6b2e612e2d27, 'fonction publique', 5, 'ideas', '2008-05-09'),
(1880, 0x622e6b2e2d, 'froid', 3, 'relations', '2008-05-09'),
(1881, 0x77752e6d2e2d, 'exprimer ses émotions', 3, 'relations', '2008-05-09'),
(1882, 0x752e792e2d, 'expliciter', 3, 'relations', '2008-05-09'),
(1883, 0x792e792e2d642e6f2e2d732e792e2d27, 'pensée réflexive', 5, 'ideas', '2008-05-09'),
(1884, 0x612e612e2d742e6f2e2d732e792e2d27, 'généalogie', 5, 'ideas', '2008-05-09'),
(1885, 0x732e752e2d6b2e752e2d27, 'icône', 5, 'ideas', '2008-05-09'),
(1886, 0x662e612e2d, 'guérisseur', 3, 'relations', '2008-05-09'),
(1887, 0x782e622e2d, 'isolement', 3, 'relations', '2008-05-09'),
(1888, 0x6b2e6f2e2d742e6f2e2d732e752e2d27, 'passé', 5, 'ideas', '2008-05-09'),
(1889, 0x6e2e692e2d6d2e692e2d742e752e2d27, 'valeur ajoutée', 5, 'ideas', '2008-05-09'),
(1890, 0x77652e776f2e2d, 's''habituer', 3, 'relations', '2008-05-09'),
(1891, 0x732e6d2e2d, 'étonnement', 3, 'relations', '2008-05-09'),
(1892, 0x692e692e2d6e2e6f2e2d27, 'phénomène chimique', 5, 'ideas', '2008-05-09'),
(1893, 0x622e612e2d742e612e2d662e6f2e2d27, 'comptable', 5, 'ideas', '2008-05-09'),
(1894, 0x6a2e6a2e2d742e6f2e2d27, 'forme de conscience', 5, 'ideas', '2008-05-09'),
(1895, 0x6a2e642e2d, 'impropriété lexicale', 3, 'relations', '2008-05-09'),
(1896, 0x732e752e2d642e752e2d27, 'légende', 5, 'ideas', '2008-05-09'),
(1897, 0x6f2e6f2e2d6e2e6f2e2d732e792e2d27, 'sciences juridiques', 5, 'ideas', '2008-05-09'),
(1898, 0x6c2e6a2e2d, 'influence', 3, 'relations', '2008-05-09'),
(1899, 0x6e2e692e2d6c2e692e2d742e752e2d27, 'collé / joint', 5, 'ideas', '2008-05-09'),
(1900, 0x77652e6c2e2d, 'étendre sa capacité de travail', 3, 'relations', '2008-05-09'),
(1901, 0x662e612e2d662e612e2d662e6f2e2d27, 'cultivateur / éleveur', 5, 'ideas', '2008-05-09'),
(1902, 0x6d2e6f2e2d622e6f2e2d732e752e2d27, 'exprimé', 5, 'ideas', '2008-05-09'),
(1903, 0x642e692e2d6d2e692e2d742e752e2d27, 'primé / décoré', 5, 'ideas', '2008-05-09'),
(1904, 0x742e622e2d, 'sel', 3, 'relations', '2008-05-09'),
(1905, 0x662e692e2d642e692e2d742e752e2d27, 'capté', 5, 'ideas', '2008-05-09'),
(1906, 0x642e612e2d742e612e2d27, 'épargne', 5, 'ideas', '2008-05-09'),
(1907, 0x702e702e2d642e6f2e2d27, 'opacité', 5, 'ideas', '2008-05-09'),
(1908, 0x732e692e2d642e692e2d27, 'émetteur', 5, 'ideas', '2008-05-09'),
(1909, 0x792e692e2d, 'innover', 3, 'relations', '2008-05-09'),
(1910, 0x732e692e2d6e2e692e2d27, 'dispositif de réfrigération', 5, 'ideas', '2008-05-09'),
(1911, 0x662e652e2d6c2e692e2d27, 'activité de bâtiment / travaux publics', 5, 'ideas', '2008-05-09'),
(1912, 0x792e792e2d6b2e6f2e2d732e792e2d27, 'sociologie arts / sciences', 5, 'ideas', '2008-05-09'),
(1913, 0x6c2e6f2e2d662e6f2e2d27, 'habitation', 5, 'ideas', '2008-05-09'),
(1914, 0x662e612e2d742e612e2d27, 'assurance', 5, 'ideas', '2008-05-09'),
(1915, 0x6c2e6f2e2d642e6f2e2d732e752e2d27, 'orienté', 5, 'ideas', '2008-05-09'),
(1916, 0x742e6f2e2d652e652e2d27, '(à venir)', 5, 'ideas', '2008-05-09'),
(1917, 0x642e752e2d622e752e2d642e752e2d27, 'conseillé', 5, 'ideas', '2008-05-09'),
(1918, 0x6d2e6f2e2d792e792e2d27, '(à venir)', 5, 'ideas', '2008-05-09'),
(1919, 0x652e77752e2d, 'surveiller', 3, 'relations', '2008-05-09'),
(1920, 0x792e622e2d, 'ne pas savoir abstraire', 3, 'relations', '2008-05-09'),
(1921, 0x6d2e752e2d6e2e752e2d27, 'sujet', 5, 'ideas', '2008-05-09'),
(1922, 0x6d2e652e2d, 'capacité de négocier', 3, 'relations', '2008-05-09'),
(1923, 0x6f2e692e2d, 'choisir', 3, 'relations', '2008-05-09'),
(1924, 0x612e6a2e2d, 'assumer son style', 3, 'relations', '2008-05-09'),
(1925, 0x622e, 'langage', 2, 'events', '2008-05-09'),
(1926, 0x702e702e2d622e6f2e2d732e792e2d27, 'pragmatique / rhetorique', 5, 'ideas', '2008-05-09'),
(1927, 0x692e692e2d622e6f2e2d732e792e2d27, 'imagerie scientifique', 5, 'ideas', '2008-05-09'),
(1928, 0x672e672e2d622e6f2e2d732e792e2d27, 'étude du symbolisme', 5, 'ideas', '2008-05-09'),
(1929, 0x702e672e2d, 'serment', 3, 'relations', '2008-05-09'),
(1930, 0x6e2e6f2e2d622e6f2e2d732e752e2d27, 'stylé', 5, 'ideas', '2008-05-09'),
(1931, 0x6e2e, 'monde', 2, 'events', '2008-05-09'),
(1932, 0x732e6f2e2d682e682e2d732e792e2d27, '(à venir)', 5, 'ideas', '2008-05-09'),
(1933, 0x6f2e6f2e2d, 'viser un objectif', 3, 'relations', '2008-05-09'),
(1934, 0x6e2e692e2d6c2e692e2d27, 'colle / joint', 5, 'ideas', '2008-05-09'),
(1935, 0x6e2e612e2d662e612e2d662e6f2e2d27, 'médecin', 5, 'ideas', '2008-05-09'),
(1936, 0x742e652e2d6d2e752e2d27, 'représentation dramatique', 5, 'ideas', '2008-05-09'),
(1937, 0x6e2e612e2d662e612e2d27, 'maladie', 5, 'ideas', '2008-05-09'),
(1938, 0x6c2e752e2d6e2e752e2d27, 'occurence / événement', 5, 'ideas', '2008-05-09'),
(1939, 0x792e752e2d, 'expliquer', 3, 'relations', '2008-05-09'),
(1940, 0x662e702e2d, 'relation commerciale', 3, 'relations', '2008-05-09'),
(1941, 0x642e612e2d642e612e2d27, 'invention', 5, 'ideas', '2008-05-09'),
(1942, 0x6d2e612e2d622e612e2d662e6f2e2d27, 'joueur', 5, 'ideas', '2008-05-09'),
(1943, 0x6d2e662e2d, 'croisement', 3, 'relations', '2008-05-09'),
(1944, 0x632e632e2d6b2e6f2e2d27, 'relations urbaines', 5, 'ideas', '2008-05-09'),
(1945, 0x612e752e2d77652e682e2d, 'ouvrir l''espace public', 5, 'ideas', '2008-05-09'),
(1946, 0x672e, 'mutation documentaire', 2, 'events', '2008-05-09'),
(1947, 0x6d2e6b2e2d, 'dévouement', 3, 'relations', '2008-05-09'),
(1948, 0x642e6f2e2d652e652e2d732e792e2d27, '(à venir)', 5, 'ideas', '2008-05-09'),
(1949, 0x6c2e6f2e2d672e672e2d27, '(à venir)', 5, 'ideas', '2008-05-09'),
(1950, 0x792e792e2d742e6f2e2d27, 'discipline artistique / sci.', 5, 'ideas', '2008-05-09'),
(1951, 0x682e612e2d, 'prise de parti', 3, 'relations', '2008-05-09'),
(1952, 0x652e652e2d, 'exercer une compétence', 3, 'relations', '2008-05-09'),
(1953, 0x553a453a2e622e2d, 'onto', 3, 'relations', '0000-00-00');

-- --------------------------------------------------------

-- 
-- Structure de la table `ieml_onto_flux`
-- 

DROP TABLE IF EXISTS `ieml_onto_flux`;
CREATE TABLE `ieml_onto_flux` (
  `onto_flux_id` int(11) NOT NULL auto_increment,
  `onto_flux_code` varchar(225) NOT NULL,
  `onto_flux_desc` varchar(255) NOT NULL,
  `onto_flux_niveau` int(11) NOT NULL,
  `onto_flux_parents` char(255) NOT NULL,
  PRIMARY KEY  (`onto_flux_id`)
) ENGINE=InnoDB  DEFAULT CHARSET=latin1 AUTO_INCREMENT=1552 ;

-- 
-- Contenu de la table `ieml_onto_flux`
-- 

INSERT INTO `ieml_onto_flux` (`onto_flux_id`, `onto_flux_code`, `onto_flux_desc`, `onto_flux_niveau`, `onto_flux_parents`) VALUES 
(1, '***', 'tag', 1, '0'),
(2, 'ACM', 'tag', 1, '0'),
(3, 'API', 'tag', 1, '0'),
(4, 'Benioff', 'tag', 1, '0'),
(5, 'Bowker', 'tag', 1, '0'),
(6, 'Cahier', 'tag', 1, '0'),
(7, 'DOI', 'tag', 1, '0'),
(8, 'Davis', 'tag', 1, '0'),
(9, 'Dogear', 'tag', 1, '0'),
(10, 'IBM', 'tag', 1, '0'),
(11, 'IEML', 'tag', 1, '0'),
(12, 'ISO', 'tag', 1, '0'),
(13, 'JO', 'tag', 1, '0'),
(14, 'KM', 'tag', 1, '0'),
(15, 'KMdeath', 'tag', 1, '0'),
(16, 'KevinKelly', 'tag', 1, '0'),
(17, 'Kincheloe', 'tag', 1, '0'),
(18, 'Lévy', 'tag', 1, '0'),
(19, 'Manovich', 'tag', 1, '0'),
(20, 'Newcomb', 'tag', 1, '0'),
(21, 'PierreLévy', 'tag', 1, '0'),
(22, 'SRI', 'tag', 1, '0'),
(23, 'Standard', 'tag', 1, '0'),
(24, 'UN', 'tag', 1, '0'),
(25, 'URL', 'tag', 1, '0'),
(26, 'Versavant', 'tag', 1, '0'),
(27, 'WebEx', 'tag', 1, '0'),
(28, 'Xing', 'tag', 1, '0'),
(29, 'Zacklad', 'tag', 1, '0'),
(30, 'academia', 'tag', 1, '0'),
(31, 'agency', 'tag', 1, '0'),
(32, 'agent', 'tag', 1, '0'),
(33, 'architecture', 'tag', 1, '0'),
(34, 'argumentation', 'tag', 1, '0'),
(35, 'art', 'tag', 1, '0'),
(36, 'bible', 'tag', 1, '0'),
(37, 'bibliography', 'tag', 1, '0'),
(38, 'blog', 'tag', 1, '0'),
(39, 'blogdeath', 'tag', 1, '0'),
(40, 'brainstorming', 'tag', 1, '0'),
(41, 'brazil', 'tag', 1, '0'),
(42, 'business', 'tag', 1, '0'),
(43, 'calo', 'tag', 1, '0'),
(44, 'cartographie', 'tag', 1, '0'),
(45, 'cisco', 'tag', 1, '0'),
(46, 'citation', 'tag', 1, '0'),
(47, 'classification', 'tag', 1, '0'),
(48, 'cloud', 'tag', 1, '0'),
(49, 'cloudcomputing', 'tag', 1, '0'),
(50, 'cognition', 'tag', 1, '0'),
(51, 'collaboration', 'tag', 1, '0'),
(52, 'collective', 'tag', 1, '0'),
(53, 'collectiveintelligence', 'tag', 1, '0'),
(54, 'collider', 'tag', 1, '0'),
(55, 'community', 'tag', 1, '0'),
(56, 'compass', 'tag', 1, '0'),
(57, 'computing', 'tag', 1, '0'),
(58, 'conference', 'tag', 1, '0'),
(59, 'consciousness', 'tag', 1, '0'),
(60, 'conversation', 'tag', 1, '0'),
(61, 'critical', 'tag', 1, '0'),
(62, 'data', 'tag', 1, '0'),
(63, 'database', 'tag', 1, '0'),
(64, 'datamining', 'tag', 1, '0'),
(65, 'delicious', 'tag', 1, '0'),
(66, 'deloitte', 'tag', 1, '0'),
(67, 'design', 'tag', 1, '0'),
(68, 'desktop', 'tag', 1, '0'),
(69, 'dictionary', 'tag', 1, '0'),
(70, 'digital', 'tag', 1, '0'),
(71, 'digitalart', 'tag', 1, '0'),
(72, 'domains', 'tag', 1, '0'),
(73, 'ecology', 'tag', 1, '0'),
(74, 'education', 'tag', 1, '0'),
(75, 'enterprise', 'tag', 1, '0'),
(76, 'enterprise2.0', 'tag', 1, '0'),
(77, 'europe', 'tag', 1, '0'),
(78, 'federalgov', 'tag', 1, '0'),
(79, 'freebase', 'tag', 1, '0'),
(80, 'freire', 'tag', 1, '0'),
(81, 'french', 'tag', 1, '0'),
(82, 'geosciences', 'tag', 1, '0'),
(83, 'global', 'tag', 1, '0'),
(84, 'globalbrain', 'tag', 1, '0'),
(85, 'google', 'tag', 1, '0'),
(86, 'graph', 'tag', 1, '0'),
(87, 'humandevelopment', 'tag', 1, '0'),
(88, 'hypermedia', 'tag', 1, '0'),
(89, 'icon', 'tag', 1, '0'),
(90, 'identifier', 'tag', 1, '0'),
(91, 'imported', 'tag', 1, '0'),
(92, 'information', 'tag', 1, '0'),
(93, 'information_society', 'tag', 1, '0'),
(94, 'innovation', 'tag', 1, '0'),
(95, 'intelligence', 'tag', 1, '0'),
(96, 'internal+blogging', 'tag', 1, '0'),
(97, 'internet', 'tag', 1, '0'),
(98, 'interoperability', 'tag', 1, '0'),
(99, 'intranet', 'tag', 1, '0'),
(100, 'jam', 'tag', 1, '0'),
(101, 'journal', 'tag', 1, '0'),
(102, 'knowledge', 'tag', 1, '0'),
(103, 'lab', 'tag', 1, '0'),
(104, 'language', 'tag', 1, '0'),
(105, 'large', 'tag', 1, '0'),
(106, 'learning', 'tag', 1, '0'),
(107, 'library', 'tag', 1, '0'),
(108, 'littérature', 'tag', 1, '0'),
(109, 'livres', 'tag', 1, '0'),
(110, 'marketing', 'tag', 1, '0'),
(111, 'markup', 'tag', 1, '0'),
(112, 'metadata', 'tag', 1, '0'),
(113, 'metalanguage', 'tag', 1, '0'),
(114, 'microformats', 'tag', 1, '0'),
(115, 'music', 'tag', 1, '0'),
(116, 'name', 'tag', 1, '0'),
(117, 'navigator', 'tag', 1, '0'),
(118, 'newmedia', 'tag', 1, '0'),
(119, 'object', 'tag', 1, '0'),
(120, 'oceanography', 'tag', 1, '0'),
(121, 'online_education', 'tag', 1, '0'),
(122, 'ontology', 'tag', 1, '0'),
(123, 'opensource', 'tag', 1, '0'),
(124, 'oreilly', 'tag', 1, '0'),
(125, 'paper', 'tag', 1, '0'),
(126, 'paris-8', 'tag', 1, '0'),
(127, 'partage', 'tag', 1, '0'),
(128, 'pedagogy', 'tag', 1, '0'),
(129, 'people', 'tag', 1, '0'),
(130, 'postformal', 'tag', 1, '0'),
(131, 'powerset', 'tag', 1, '0'),
(132, 'problems', 'tag', 1, '0'),
(133, 'product', 'tag', 1, '0'),
(134, 'publicrelation', 'tag', 1, '0'),
(135, 'python', 'tag', 1, '0'),
(136, 'quotation', 'tag', 1, '0'),
(137, 'recherche', 'tag', 1, '0'),
(138, 'reference', 'tag', 1, '0'),
(139, 'reflexivity', 'tag', 1, '0'),
(140, 'report', 'tag', 1, '0'),
(141, 'research', 'tag', 1, '0'),
(142, 'réseau', 'tag', 1, '0'),
(143, 'saopaulo', 'tag', 1, '0'),
(144, 'schoolofthought', 'tag', 1, '0'),
(145, 'search', 'tag', 1, '0'),
(146, 'searchengine', 'tag', 1, '0'),
(147, 'searchmonkey', 'tag', 1, '0'),
(148, 'security', 'tag', 1, '0'),
(149, 'semantic', 'tag', 1, '0'),
(150, 'semanticdesktop', 'tag', 1, '0'),
(151, 'semanticspace', 'tag', 1, '0'),
(152, 'semanticweb', 'tag', 1, '0'),
(153, 'sensemaking', 'tag', 1, '0'),
(154, 'short', 'tag', 1, '0'),
(155, 'singularity', 'tag', 1, '0'),
(156, 'social', 'tag', 1, '0'),
(157, 'social-media', 'tag', 1, '0'),
(158, 'socialcomputing', 'tag', 1, '0'),
(159, 'socialmedia', 'tag', 1, '0'),
(160, 'society', 'tag', 1, '0'),
(161, 'sociosemantic', 'tag', 1, '0'),
(162, 'software', 'tag', 1, '0'),
(163, 'spivack', 'tag', 1, '0'),
(164, 'story', 'tag', 1, '0'),
(165, 'storytelling', 'tag', 1, '0'),
(166, 'strategist', 'tag', 1, '0'),
(167, 'strategy', 'tag', 1, '0'),
(168, 'sts', 'tag', 1, '0'),
(169, 'studies', 'tag', 1, '0'),
(170, 'subject-centric', 'tag', 1, '0'),
(171, 'suite', 'tag', 1, '0'),
(172, 'tagcommons', 'tag', 1, '0'),
(173, 'tagging', 'tag', 1, '0'),
(174, 'teaching', 'tag', 1, '0'),
(175, 'team', 'tag', 1, '0'),
(176, 'technology', 'tag', 1, '0'),
(177, 'technorati', 'tag', 1, '0'),
(178, 'tools', 'tag', 1, '0'),
(179, 'topicmap', 'tag', 1, '0'),
(180, 'towatch', 'tag', 1, '0'),
(181, 'trends', 'tag', 1, '0'),
(182, 'tribalization', 'tag', 1, '0'),
(183, 'tutorial', 'tag', 1, '0'),
(184, 'twine', 'tag', 1, '0'),
(185, 'types', 'tag', 1, '0'),
(186, 'undp', 'tag', 1, '0'),
(187, 'unified', 'tag', 1, '0'),
(188, 'universalconversation', 'tag', 1, '0'),
(189, 'veille', 'tag', 1, '0'),
(190, 'video', 'tag', 1, '0'),
(191, 'virtual', 'tag', 1, '0'),
(192, 'virtualworld', 'tag', 1, '0'),
(193, 'visualization', 'tag', 1, '0'),
(194, 'web', 'tag', 1, '0'),
(195, 'web2.0', 'tag', 1, '0'),
(196, 'web3.0', 'tag', 1, '0'),
(197, 'wiki', 'tag', 1, '0'),
(198, 'wikipedia', 'tag', 1, '0'),
(199, 'work', 'tag', 1, '0'),
(200, 'world', 'tag', 1, '0'),
(201, 'xml', 'tag', 1, '0'),
(202, 'yahoo', 'tag', 1, '0'),
(203, 'youtube', 'tag', 1, '0'),
(204, '3D', 'tag', 1, '0'),
(205, 'agrément', 'tag', 1, '0'),
(206, 'ancienne', 'tag', 1, '0'),
(207, 'aquitaine', 'tag', 1, '0'),
(208, 'backup', 'tag', 1, '0'),
(209, 'béton', 'tag', 1, '0'),
(210, 'carte', 'tag', 1, '0'),
(211, 'code', 'tag', 1, '0'),
(212, 'colloqie', 'tag', 1, '0'),
(213, 'exemple', 'tag', 1, '0'),
(214, 'expert', 'tag', 1, '0'),
(215, 'ffmpeg', 'tag', 1, '0'),
(216, 'gadget', 'tag', 1, '0'),
(217, 'googleearth', 'tag', 1, '0'),
(218, 'graphique', 'tag', 1, '0'),
(219, 'individuel', 'tag', 1, '0'),
(220, 'influence', 'tag', 1, '0'),
(221, 'javascript', 'tag', 1, '0'),
(222, 'l''ile', 'tag', 1, '0'),
(223, 'luckysemiosis', 'tag', 1, '0'),
(224, 'mashup', 'tag', 1, '0'),
(225, 'mindmap', 'tag', 1, '0'),
(226, 'moteur', 'tag', 1, '0'),
(227, 'mysql', 'tag', 1, '0'),
(228, 'numérique', 'tag', 1, '0'),
(229, 'ocean', 'tag', 1, '0'),
(230, 'php', 'tag', 1, '0'),
(231, 'poids', 'tag', 1, '0'),
(232, 'posters', 'tag', 1, '0'),
(233, 'poésie', 'tag', 1, '0'),
(234, 'programmation', 'tag', 1, '0'),
(235, 'restore', 'tag', 1, '0'),
(236, 'sémantique', 'tag', 1, '0'),
(237, 'timeline', 'tag', 1, '0'),
(238, 'webmaster', 'tag', 1, '0'),
(239, 'dev', 'tag', 1, '0'),
(240, 'api', 'tag', 1, '239'),
(241, 'php', 'tag', 1, '239'),
(242, 'mysql', 'tag', 1, '239'),
(243, 'design', 'tag', 1, '239'),
(244, 'database', 'tag', 1, '239'),
(245, '.NET', 'tag', 1, '0'),
(246, '1par1', 'tag', 1, '0'),
(247, '20100', 'tag', 1, '0'),
(248, '20ans', 'tag', 1, '0'),
(249, '3dPrinter', 'tag', 1, '0'),
(250, '7wonders', 'tag', 1, '0'),
(251, 'AGL', 'tag', 1, '0'),
(252, 'ANR', 'tag', 1, '0'),
(253, 'ARI', 'tag', 1, '0'),
(254, 'ASP.NET', 'tag', 1, '0'),
(255, 'ASUSE-Service', 'tag', 1, '0'),
(256, 'AUML', 'tag', 1, '0'),
(257, 'Animat', 'tag', 1, '0'),
(258, 'Annuaire', 'tag', 1, '0'),
(259, 'BD', 'tag', 1, '0'),
(260, 'Barrepersonnelle', 'tag', 1, '0'),
(261, 'Blogging', 'tag', 1, '0'),
(262, 'CEO', 'tag', 1, '0'),
(263, 'CMS', 'tag', 1, '0'),
(264, 'CNE', 'tag', 1, '0'),
(265, 'CRM', 'tag', 1, '0'),
(266, 'CalForPapers', 'tag', 1, '0'),
(267, 'Cart', 'tag', 1, '0'),
(268, 'Cartography', 'tag', 1, '0'),
(269, 'Co2', 'tag', 1, '0'),
(270, 'CyberTwin', 'tag', 1, '0'),
(271, 'DeltaGen', 'tag', 1, '0'),
(272, 'ECM', 'tag', 1, '0'),
(273, 'Earth', 'tag', 1, '0'),
(274, 'EnlacesFirefoxyMozilla', 'tag', 1, '0'),
(275, 'Entertainment', 'tag', 1, '0'),
(276, 'FOAF', 'tag', 1, '0'),
(277, 'GED', 'tag', 1, '0'),
(278, 'GRDDL', 'tag', 1, '0'),
(279, 'GTD', 'tag', 1, '0'),
(280, 'GlobalManif', 'tag', 1, '0'),
(281, 'HTA', 'tag', 1, '0'),
(282, 'Helicopter', 'tag', 1, '0'),
(283, 'Hybridation', 'tag', 1, '0'),
(284, 'IE', 'tag', 1, '0'),
(285, 'IN-OUT', 'tag', 1, '0'),
(286, 'INA', 'tag', 1, '0'),
(287, 'IP', 'tag', 1, '0'),
(288, 'Karlheinz', 'tag', 1, '0'),
(289, 'LP', 'tag', 1, '0'),
(290, 'LatLng', 'tag', 1, '0'),
(291, 'LienssurFirefoxetMozilla', 'tag', 1, '0'),
(292, 'LinksFirefox', 'tag', 1, '0'),
(293, 'Lip6', 'tag', 1, '0'),
(294, 'M2M', 'tag', 1, '0'),
(295, 'MMOG', 'tag', 1, '0'),
(296, 'MSN', 'tag', 1, '0'),
(297, 'Macromolecular', 'tag', 1, '0'),
(298, 'MetaUnivers', 'tag', 1, '0'),
(299, 'Microsoft', 'tag', 1, '0'),
(300, 'MindMapping', 'tag', 1, '0'),
(301, 'Mining', 'tag', 1, '0'),
(302, 'Movements', 'tag', 1, '0'),
(303, 'MozillaFirefox', 'tag', 1, '0'),
(304, 'MusicComposition', 'tag', 1, '0'),
(305, 'Métis', 'tag', 1, '0'),
(306, 'OAI', 'tag', 1, '0'),
(307, 'PARISVIII', 'tag', 1, '0'),
(308, 'PC', 'tag', 1, '0'),
(309, 'PageTracking', 'tag', 1, '0'),
(310, 'PageTraking', 'tag', 1, '0'),
(311, 'Philosophy', 'tag', 1, '0'),
(312, 'Pipes', 'tag', 1, '0'),
(313, 'PureData', 'tag', 1, '0'),
(314, 'Quartet', 'tag', 1, '0'),
(315, 'RMLL', 'tag', 1, '0'),
(316, 'Recherchesrapides', 'tag', 1, '0'),
(317, 'Recorder', 'tag', 1, '0'),
(318, 'Registration', 'tag', 1, '0'),
(319, 'Rome', 'tag', 1, '0'),
(320, 'SAGE', 'tag', 1, '0'),
(321, 'SEED', 'tag', 1, '0'),
(322, 'SMA', 'tag', 1, '0'),
(323, 'SMS', 'tag', 1, '0'),
(324, 'STIC', 'tag', 1, '0'),
(325, 'Schlumberger', 'tag', 1, '0'),
(326, 'Shopping', 'tag', 1, '0'),
(327, 'SiteTracking', 'tag', 1, '0'),
(328, 'SketchUp', 'tag', 1, '0'),
(329, 'SpatioTempo', 'tag', 1, '0'),
(330, 'Stockhausen', 'tag', 1, '0'),
(331, 'String', 'tag', 1, '0'),
(332, 'Swarm', 'tag', 1, '0'),
(333, 'T-SQL', 'tag', 1, '0'),
(334, 'TIC', 'tag', 1, '0'),
(335, 'TICE', 'tag', 1, '0'),
(336, 'Text', 'tag', 1, '0'),
(337, 'Top100', 'tag', 1, '0'),
(338, 'UML', 'tag', 1, '0'),
(339, 'W3C', 'tag', 1, '0'),
(340, 'WebServices', 'tag', 1, '0'),
(341, 'Weissberg', 'tag', 1, '0'),
(342, 'absurde', 'tag', 1, '0'),
(343, 'académie', 'tag', 1, '0'),
(344, 'accessibility', 'tag', 1, '0'),
(345, 'accords', 'tag', 1, '0'),
(346, 'acrulivre', 'tag', 1, '0'),
(347, 'action', 'tag', 1, '0'),
(348, 'actionscript', 'tag', 1, '0'),
(349, 'activite', 'tag', 1, '0'),
(350, 'actu', 'tag', 1, '0'),
(351, 'actualité', 'tag', 1, '0'),
(352, 'actulivre', 'tag', 1, '0'),
(353, 'actumusic', 'tag', 1, '0'),
(354, 'administration', 'tag', 1, '0'),
(355, 'adobe', 'tag', 1, '0'),
(356, 'adolescent', 'tag', 1, '0'),
(357, 'adressage', 'tag', 1, '0'),
(358, 'adventure', 'tag', 1, '0'),
(359, 'age', 'tag', 1, '0'),
(360, 'agenda', 'tag', 1, '0'),
(361, 'agents', 'tag', 1, '0'),
(362, 'aggregator', 'tag', 1, '0'),
(363, 'ai', 'tag', 1, '0'),
(364, 'air', 'tag', 1, '0'),
(365, 'ajax', 'tag', 1, '0'),
(366, 'alain', 'tag', 1, '0'),
(367, 'alchimie', 'tag', 1, '0'),
(368, 'alea', 'tag', 1, '0'),
(369, 'algorithm', 'tag', 1, '0'),
(370, 'algorithms', 'tag', 1, '0'),
(371, 'amaranta', 'tag', 1, '0'),
(372, 'for:amelmaster', 'tag', 1, '0'),
(373, 'amour', 'tag', 1, '0'),
(374, 'analogie', 'tag', 1, '0'),
(375, 'analyse', 'tag', 1, '0'),
(376, 'analysis', 'tag', 1, '0'),
(377, 'analytics', 'tag', 1, '0'),
(378, 'anarchie', 'tag', 1, '0'),
(379, 'anarchiste', 'tag', 1, '0'),
(380, 'and', 'tag', 1, '0'),
(381, 'animation', 'tag', 1, '0'),
(382, 'anniversaire', 'tag', 1, '0'),
(383, 'annotation', 'tag', 1, '0'),
(384, 'annualreport', 'tag', 1, '0'),
(385, 'antinet', 'tag', 1, '0'),
(386, 'apocalypse', 'tag', 1, '0'),
(387, 'appel', 'tag', 1, '0'),
(388, 'application', 'tag', 1, '0'),
(389, 'applications', 'tag', 1, '0'),
(390, 'apprendre', 'tag', 1, '0'),
(391, 'apprentissage', 'tag', 1, '0'),
(392, 'for:aquil19', 'tag', 1, '0'),
(393, 'arabe', 'tag', 1, '0'),
(394, 'arbre', 'tag', 1, '0'),
(395, 'archives', 'tag', 1, '0'),
(396, 'archéologie', 'tag', 1, '0'),
(397, 'arkanoid', 'tag', 1, '0'),
(398, 'arnaque', 'tag', 1, '0'),
(399, 'artVSpub', 'tag', 1, '0'),
(400, 'artificiel', 'tag', 1, '0'),
(401, 'artiste', 'tag', 1, '0'),
(402, 'artistique', 'tag', 1, '0'),
(403, 'asp', 'tag', 1, '0'),
(404, 'assainissement', 'tag', 1, '0'),
(405, 'assistant', 'tag', 1, '0'),
(406, 'association', 'tag', 1, '0'),
(407, 'associations', 'tag', 1, '0'),
(408, 'astrology', 'tag', 1, '0'),
(409, 'astronomie', 'tag', 1, '0'),
(410, 'astronomy', 'tag', 1, '0'),
(411, 'asus', 'tag', 1, '0'),
(412, 'atlas', 'tag', 1, '0'),
(413, 'audio', 'tag', 1, '0'),
(414, 'audiovisuel', 'tag', 1, '0'),
(415, 'authentication', 'tag', 1, '0'),
(416, 'automatic', 'tag', 1, '0'),
(417, 'automatique', 'tag', 1, '0'),
(418, 'autonomes', 'tag', 1, '0'),
(419, 'avatar', 'tag', 1, '0'),
(420, 'award', 'tag', 1, '0'),
(421, 'bactériologique', 'tag', 1, '0'),
(422, 'baleine', 'tag', 1, '0'),
(423, 'balise', 'tag', 1, '0'),
(424, 'bar', 'tag', 1, '0'),
(425, 'barcamp', 'tag', 1, '0'),
(426, 'barcode', 'tag', 1, '0'),
(427, 'base', 'tag', 1, '0'),
(428, 'baseart', 'tag', 1, '0'),
(429, 'basededonnee', 'tag', 1, '0'),
(430, 'bataille', 'tag', 1, '0'),
(431, 'bathroom', 'tag', 1, '0'),
(432, 'bdd', 'tag', 1, '0'),
(433, 'beatles', 'tag', 1, '0'),
(434, 'beau', 'tag', 1, '0'),
(435, 'beer', 'tag', 1, '0'),
(436, 'benchmark', 'tag', 1, '0'),
(437, 'bibliothèque', 'tag', 1, '0'),
(438, 'bibliothéconomie', 'tag', 1, '0'),
(439, 'bidon', 'tag', 1, '0'),
(440, 'bierre', 'tag', 1, '0'),
(441, 'bio', 'tag', 1, '0'),
(442, 'bioinformatics', 'tag', 1, '0'),
(443, 'biologie', 'tag', 1, '0'),
(444, 'biology', 'tag', 1, '0'),
(445, 'bière', 'tag', 1, '0'),
(446, 'blogs', 'tag', 1, '0'),
(447, 'bnsa', 'tag', 1, '0'),
(448, 'bonne', 'tag', 1, '0'),
(449, 'for:bonnetjf', 'tag', 1, '0'),
(450, 'book', 'tag', 1, '0'),
(451, 'bookmarks', 'tag', 1, '0'),
(452, 'books', 'tag', 1, '0'),
(453, 'botanique', 'tag', 1, '0'),
(454, 'boudhisme', 'tag', 1, '0'),
(455, 'bougeon', 'tag', 1, '0'),
(456, 'bourse', 'tag', 1, '0'),
(457, 'boutique', 'tag', 1, '0'),
(458, 'boxoffice', 'tag', 1, '0'),
(459, 'brain', 'tag', 1, '0'),
(460, 'bretagne', 'tag', 1, '0'),
(461, 'browser', 'tag', 1, '0'),
(462, 'buttons', 'tag', 1, '0'),
(463, 'buzz', 'tag', 1, '0'),
(464, 'bâtiment', 'tag', 1, '0'),
(465, 'bénévoles', 'tag', 1, '0'),
(466, 'cage', 'tag', 1, '0'),
(467, 'cahoteux', 'tag', 1, '0'),
(468, 'cairo', 'tag', 1, '0'),
(469, 'calcul', 'tag', 1, '0'),
(470, 'calendar', 'tag', 1, '0'),
(471, 'calendrier', 'tag', 1, '0'),
(472, 'calimero', 'tag', 1, '0'),
(473, 'calligramme', 'tag', 1, '0'),
(474, 'calques', 'tag', 1, '0'),
(475, 'calvados', 'tag', 1, '0'),
(476, 'capdigital', 'tag', 1, '0'),
(477, 'capteur', 'tag', 1, '0'),
(478, 'capture', 'tag', 1, '0'),
(479, 'carte-grise', 'tag', 1, '0'),
(480, 'carte-postale', 'tag', 1, '0'),
(481, 'cartographiesémantique', 'tag', 1, '0'),
(482, 'cartographique', 'tag', 1, '0'),
(483, 'cartoon', 'tag', 1, '0'),
(484, 'casini', 'tag', 1, '0'),
(485, 'cassandre', 'tag', 1, '0'),
(486, 'cellphone', 'tag', 1, '0'),
(487, 'cen', 'tag', 1, '0'),
(488, 'censorship', 'tag', 1, '0'),
(489, 'censure', 'tag', 1, '0'),
(490, 'centrale', 'tag', 1, '0'),
(491, 'cerveau', 'tag', 1, '0'),
(492, 'cerveau-machine', 'tag', 1, '0'),
(493, 'chaine', 'tag', 1, '0'),
(494, 'chance', 'tag', 1, '0'),
(495, 'chaotique', 'tag', 1, '0'),
(496, 'charts', 'tag', 1, '0'),
(497, 'chemin', 'tag', 1, '0'),
(498, 'cheminée', 'tag', 1, '0'),
(499, 'china', 'tag', 1, '0'),
(500, 'chorème', 'tag', 1, '0'),
(501, 'ciblage', 'tag', 1, '0'),
(502, 'cinema', 'tag', 1, '0'),
(503, 'class', 'tag', 1, '0'),
(504, 'classement', 'tag', 1, '0'),
(505, 'clef', 'tag', 1, '0'),
(506, 'clic', 'tag', 1, '0'),
(507, 'clicquable', 'tag', 1, '0'),
(508, 'clock', 'tag', 1, '0'),
(509, 'clouds', 'tag', 1, '0'),
(510, 'cluster', 'tag', 1, '0'),
(511, 'cnrs', 'tag', 1, '0'),
(512, 'coach', 'tag', 1, '0'),
(513, 'codage', 'tag', 1, '0'),
(514, 'code2d', 'tag', 1, '0'),
(515, 'codepostal', 'tag', 1, '0'),
(516, 'codeworker', 'tag', 1, '0'),
(517, 'cognitif', 'tag', 1, '0'),
(518, 'cognitive', 'tag', 1, '0'),
(519, 'collaboratif', 'tag', 1, '0'),
(520, 'collage', 'tag', 1, '0'),
(521, 'collectif', 'tag', 1, '0'),
(522, 'colloque', 'tag', 1, '0'),
(523, 'color', 'tag', 1, '0'),
(524, 'commerce', 'tag', 1, '0'),
(525, 'communautaire', 'tag', 1, '0'),
(526, 'communication', 'tag', 1, '0'),
(527, 'comparaison', 'tag', 1, '0'),
(528, 'comparison', 'tag', 1, '0'),
(529, 'competition', 'tag', 1, '0'),
(530, 'complexe', 'tag', 1, '0'),
(531, 'complexity', 'tag', 1, '0'),
(532, 'complexité', 'tag', 1, '0'),
(533, 'comportemental', 'tag', 1, '0'),
(534, 'compteur', 'tag', 1, '0'),
(535, 'computer', 'tag', 1, '0'),
(536, 'conceptuelle', 'tag', 1, '0'),
(537, 'concert', 'tag', 1, '0'),
(538, 'concerts', 'tag', 1, '0'),
(539, 'concours', 'tag', 1, '0'),
(540, 'concurrent', 'tag', 1, '0'),
(541, 'configuration', 'tag', 1, '0'),
(542, 'conglomérats', 'tag', 1, '0'),
(543, 'conjugaison', 'tag', 1, '0'),
(544, 'connaissance', 'tag', 1, '0'),
(545, 'connerie', 'tag', 1, '0'),
(546, 'connexion', 'tag', 1, '0'),
(547, 'construction', 'tag', 1, '0'),
(548, 'contact', 'tag', 1, '0'),
(549, 'conte', 'tag', 1, '0'),
(550, 'contemporain', 'tag', 1, '0'),
(551, 'contenu', 'tag', 1, '0'),
(552, 'contextuel', 'tag', 1, '0'),
(553, 'contrast', 'tag', 1, '0'),
(554, 'contre', 'tag', 1, '0'),
(555, 'contre-exemple', 'tag', 1, '0'),
(556, 'contre-pouvoir', 'tag', 1, '0'),
(557, 'contributeurs', 'tag', 1, '0'),
(558, 'controverse', 'tag', 1, '0'),
(559, 'conversion', 'tag', 1, '0'),
(560, 'convex', 'tag', 1, '0'),
(561, 'convexhull', 'tag', 1, '0'),
(562, 'copain', 'tag', 1, '0'),
(563, 'corde', 'tag', 1, '0'),
(564, 'corpus', 'tag', 1, '0'),
(565, 'cotentin', 'tag', 1, '0'),
(566, 'couleur', 'tag', 1, '0'),
(567, 'coupe', 'tag', 1, '0'),
(568, 'cours', 'tag', 1, '0'),
(569, 'course', 'tag', 1, '0'),
(570, 'cout', 'tag', 1, '0'),
(571, 'creativity', 'tag', 1, '0'),
(572, 'credo', 'tag', 1, '0'),
(573, 'crises', 'tag', 1, '0'),
(574, 'critique', 'tag', 1, '0'),
(575, 'croquet', 'tag', 1, '0'),
(576, 'création', 'tag', 1, '0'),
(577, 'css', 'tag', 1, '0'),
(578, 'cubiques', 'tag', 1, '0'),
(579, 'cuisine', 'tag', 1, '0'),
(580, 'culture', 'tag', 1, '0'),
(581, 'culturel', 'tag', 1, '0'),
(582, 'custom', 'tag', 1, '0'),
(583, 'customizing', 'tag', 1, '0'),
(584, 'd''avant', 'tag', 1, '0'),
(585, 'dance', 'tag', 1, '0'),
(586, 'danse', 'tag', 1, '0'),
(587, 'dcmi', 'tag', 1, '0'),
(588, 'de', 'tag', 1, '0'),
(589, 'debug', 'tag', 1, '0'),
(590, 'decision', 'tag', 1, '0'),
(591, 'del.icio.us', 'tag', 1, '0'),
(592, 'deleuze', 'tag', 1, '0'),
(593, 'delicius', 'tag', 1, '0'),
(594, 'descola', 'tag', 1, '0'),
(595, 'designpatterns', 'tag', 1, '0'),
(596, 'dessin', 'tag', 1, '0'),
(597, 'dessinateur', 'tag', 1, '0'),
(598, 'dette', 'tag', 1, '0'),
(599, 'deuleuze', 'tag', 1, '0'),
(600, 'development', 'tag', 1, '0'),
(601, 'developpement', 'tag', 1, '0'),
(602, 'developpment', 'tag', 1, '0'),
(603, 'devis', 'tag', 1, '0'),
(604, 'dia', 'tag', 1, '0'),
(605, 'diagnostic', 'tag', 1, '0'),
(606, 'diagnostique', 'tag', 1, '0'),
(607, 'dialog', 'tag', 1, '0'),
(608, 'diament', 'tag', 1, '0'),
(609, 'diaporama', 'tag', 1, '0'),
(610, 'dico', 'tag', 1, '0'),
(611, 'dictionnaire', 'tag', 1, '0'),
(612, 'diesel', 'tag', 1, '0'),
(613, 'diffusion', 'tag', 1, '0'),
(614, 'digg', 'tag', 1, '0'),
(615, 'digg-like', 'tag', 1, '0'),
(616, 'dipity', 'tag', 1, '0'),
(617, 'directory', 'tag', 1, '0'),
(618, 'disney', 'tag', 1, '0'),
(619, 'distance', 'tag', 1, '0'),
(620, 'dms', 'tag', 1, '0'),
(621, 'dn', 'tag', 1, '0'),
(622, 'doclanguage', 'tag', 1, '0'),
(623, 'document', 'tag', 1, '0'),
(624, 'documentation', 'tag', 1, '0'),
(625, 'documents', 'tag', 1, '0'),
(626, 'for:dolcevitadom', 'tag', 1, '0'),
(627, 'domain', 'tag', 1, '0'),
(628, 'don', 'tag', 1, '0'),
(629, 'donation', 'tag', 1, '0'),
(630, 'dotnet', 'tag', 1, '0'),
(631, 'doublearbo', 'tag', 1, '0'),
(632, 'douce', 'tag', 1, '0'),
(633, 'drawing', 'tag', 1, '0'),
(634, 'droit', 'tag', 1, '0'),
(635, 'du', 'tag', 1, '0'),
(636, 'dublincore', 'tag', 1, '0'),
(637, 'duchamp', 'tag', 1, '0'),
(638, 'durable', 'tag', 1, '0'),
(639, 'dylan', 'tag', 1, '0'),
(640, 'dynamique', 'tag', 1, '0'),
(641, 'découverte', 'tag', 1, '0'),
(642, 'déménagement', 'tag', 1, '0'),
(643, 'détournement', 'tag', 1, '0'),
(644, 'e-learning', 'tag', 1, '0'),
(645, 'ePaper', 'tag', 1, '0'),
(646, 'eStat', 'tag', 1, '0'),
(647, 'earthquake', 'tag', 1, '0'),
(648, 'eclipse', 'tag', 1, '0'),
(649, 'ecommerce', 'tag', 1, '0'),
(650, 'economics', 'tag', 1, '0'),
(651, 'ecosystem', 'tag', 1, '0'),
(652, 'edition', 'tag', 1, '0'),
(653, 'editor', 'tag', 1, '0'),
(654, 'elearning', 'tag', 1, '0'),
(655, 'elements', 'tag', 1, '0'),
(656, 'email', 'tag', 1, '0'),
(657, 'emotion', 'tag', 1, '0'),
(658, 'empirical', 'tag', 1, '0'),
(659, 'empirique', 'tag', 1, '0'),
(660, 'empreinte', 'tag', 1, '0'),
(661, 'encodage', 'tag', 1, '0'),
(662, 'enfant', 'tag', 1, '0'),
(663, 'engine', 'tag', 1, '0'),
(664, 'entraide', 'tag', 1, '0'),
(665, 'entreprise', 'tag', 1, '0'),
(666, 'epoetry', 'tag', 1, '0'),
(667, 'ergonomie', 'tag', 1, '0'),
(668, 'ericschmidt', 'tag', 1, '0'),
(669, 'espace-temps', 'tag', 1, '0'),
(670, 'esprit', 'tag', 1, '0'),
(671, 'for:esterhasz', 'tag', 1, '0'),
(672, 'ethniciste', 'tag', 1, '0'),
(673, 'ethologie', 'tag', 1, '0'),
(674, 'européen', 'tag', 1, '0'),
(675, 'eve', 'tag', 1, '0'),
(676, 'evil', 'tag', 1, '0'),
(677, 'evolution', 'tag', 1, '0'),
(678, 'exagone', 'tag', 1, '0'),
(679, 'excel', 'tag', 1, '0'),
(680, 'experiment', 'tag', 1, '0'),
(681, 'explorateur', 'tag', 1, '0'),
(682, 'exploratree', 'tag', 1, '0'),
(683, 'explorer', 'tag', 1, '0'),
(684, 'exposition', 'tag', 1, '0'),
(685, 'expression', 'tag', 1, '0'),
(686, 'expérience', 'tag', 1, '0'),
(687, 'extensions', 'tag', 1, '0'),
(688, 'extraction', 'tag', 1, '0'),
(689, 'eye-tracking', 'tag', 1, '0'),
(690, 'eyes', 'tag', 1, '0'),
(691, 'face', 'tag', 1, '0'),
(692, 'facebook', 'tag', 1, '0'),
(693, 'facile', 'tag', 1, '0'),
(694, 'factal', 'tag', 1, '0'),
(695, 'fausse', 'tag', 1, '0'),
(696, 'feeds', 'tag', 1, '0'),
(697, 'femme', 'tag', 1, '0'),
(698, 'for:fennec_sokoko', 'tag', 1, '0'),
(699, 'festival', 'tag', 1, '0'),
(700, 'film', 'tag', 1, '0'),
(701, 'filtering', 'tag', 1, '0'),
(702, 'finance', 'tag', 1, '0'),
(703, 'fing', 'tag', 1, '0'),
(704, 'firebug', 'tag', 1, '0'),
(705, 'firefox', 'tag', 1, '0'),
(706, 'firefox:bookmarks', 'tag', 1, '0'),
(707, 'firefox:rss', 'tag', 1, '0'),
(708, 'firefox:toolbar', 'tag', 1, '0'),
(709, 'flash', 'tag', 1, '0'),
(710, 'fleur', 'tag', 1, '0'),
(711, 'flex', 'tag', 1, '0'),
(712, 'flickr', 'tag', 1, '0'),
(713, 'flohic', 'tag', 1, '0'),
(714, 'flux', 'tag', 1, '0'),
(715, 'flv', 'tag', 1, '0'),
(716, 'folksonomie', 'tag', 1, '0'),
(717, 'folksonomy', 'tag', 1, '0'),
(718, 'fontainebleau', 'tag', 1, '0'),
(719, 'footing', 'tag', 1, '0'),
(720, 'forge', 'tag', 1, '0'),
(721, 'formation', 'tag', 1, '0'),
(722, 'forme', 'tag', 1, '0'),
(723, 'foule', 'tag', 1, '0'),
(724, 'fractal', 'tag', 1, '0'),
(725, 'framework', 'tag', 1, '0'),
(726, 'france', 'tag', 1, '0'),
(727, 'franco-allemand', 'tag', 1, '0'),
(728, 'français', 'tag', 1, '0'),
(729, 'free', 'tag', 1, '0'),
(730, 'freelance', 'tag', 1, '0'),
(731, 'fuel', 'tag', 1, '0'),
(732, 'fullerene', 'tag', 1, '0'),
(733, 'fullerènes', 'tag', 1, '0'),
(734, 'fun', 'tag', 1, '0'),
(735, 'funny', 'tag', 1, '0'),
(736, 'futur', 'tag', 1, '0'),
(737, 'future', 'tag', 1, '0'),
(738, 'gadgets', 'tag', 1, '0'),
(739, 'gag', 'tag', 1, '0'),
(740, 'gagner', 'tag', 1, '0'),
(741, 'gagnotte', 'tag', 1, '0'),
(742, 'gallerie', 'tag', 1, '0'),
(743, 'gallery', 'tag', 1, '0'),
(744, 'game', 'tag', 1, '0'),
(745, 'games', 'tag', 1, '0'),
(746, 'gaming', 'tag', 1, '0'),
(747, 'gantt', 'tag', 1, '0'),
(748, 'gapminder', 'tag', 1, '0'),
(749, 'gender', 'tag', 1, '0'),
(750, 'geneology', 'tag', 1, '0'),
(751, 'generative', 'tag', 1, '0'),
(752, 'generator', 'tag', 1, '0'),
(753, 'geo', 'tag', 1, '0'),
(754, 'geode', 'tag', 1, '0'),
(755, 'geographie', 'tag', 1, '0'),
(756, 'geometry', 'tag', 1, '0'),
(757, 'geoportail', 'tag', 1, '0'),
(758, 'geospatial', 'tag', 1, '0'),
(759, 'geotagging', 'tag', 1, '0'),
(760, 'geste', 'tag', 1, '0'),
(761, 'gestion', 'tag', 1, '0'),
(762, 'gestuelle', 'tag', 1, '0'),
(763, 'gilette', 'tag', 1, '0'),
(764, 'gironde', 'tag', 1, '0'),
(765, 'gis', 'tag', 1, '0'),
(766, 'gite', 'tag', 1, '0'),
(767, 'gmail', 'tag', 1, '0'),
(768, 'gnu', 'tag', 1, '0'),
(769, 'googlebot', 'tag', 1, '0'),
(770, 'googlecharts', 'tag', 1, '0'),
(771, 'googledoc', 'tag', 1, '0'),
(772, 'googlegears', 'tag', 1, '0'),
(773, 'googlemaps', 'tag', 1, '0'),
(774, 'googletrends', 'tag', 1, '0'),
(775, 'gouvernement', 'tag', 1, '0'),
(776, 'gowanet', 'tag', 1, '0'),
(777, 'gps', 'tag', 1, '0'),
(778, 'graine', 'tag', 1, '0'),
(779, 'graphic', 'tag', 1, '0'),
(780, 'graphics', 'tag', 1, '0'),
(781, 'graphisme', 'tag', 1, '0'),
(782, 'gratuit', 'tag', 1, '0'),
(783, 'gravure', 'tag', 1, '0'),
(784, 'greasemonkey', 'tag', 1, '0'),
(785, 'green', 'tag', 1, '0'),
(786, 'gridsphere', 'tag', 1, '0'),
(787, 'grille', 'tag', 1, '0'),
(788, 'groland', 'tag', 1, '0'),
(789, 'guerre', 'tag', 1, '0'),
(790, 'guide', 'tag', 1, '0'),
(791, 'guitar', 'tag', 1, '0'),
(792, 'guitare', 'tag', 1, '0'),
(793, 'gvisit', 'tag', 1, '0'),
(794, 'génie', 'tag', 1, '0'),
(795, 'génétique', 'tag', 1, '0'),
(796, 'géographique', 'tag', 1, '0'),
(797, 'géolocalisation', 'tag', 1, '0'),
(798, 'happening', 'tag', 1, '0'),
(799, 'hardware', 'tag', 1, '0'),
(800, 'heatmap', 'tag', 1, '0'),
(801, 'herenow', 'tag', 1, '0'),
(802, 'histoire', 'tag', 1, '0'),
(803, 'historique', 'tag', 1, '0'),
(804, 'history', 'tag', 1, '0'),
(805, 'home', 'tag', 1, '0'),
(806, 'hommage', 'tag', 1, '0'),
(807, 'homme-machine', 'tag', 1, '0'),
(808, 'horoscope', 'tag', 1, '0'),
(809, 'howto', 'tag', 1, '0'),
(810, 'htaccess', 'tag', 1, '0'),
(811, 'html', 'tag', 1, '0'),
(812, 'html2pdf', 'tag', 1, '0'),
(813, 'hull', 'tag', 1, '0'),
(814, 'humain', 'tag', 1, '0'),
(815, 'humaine', 'tag', 1, '0'),
(816, 'humanisme', 'tag', 1, '0'),
(817, 'humanité', 'tag', 1, '0'),
(818, 'humor', 'tag', 1, '0'),
(819, 'hypertexte', 'tag', 1, '0'),
(820, 'hypertextuel', 'tag', 1, '0'),
(821, 'hyperurbain', 'tag', 1, '0'),
(822, 'hyperwords', 'tag', 1, '0'),
(823, 'hébergement', 'tag', 1, '0'),
(824, 'ia', 'tag', 1, '0'),
(825, 'ide', 'tag', 1, '0'),
(826, 'identity', 'tag', 1, '0'),
(827, 'identité', 'tag', 1, '0'),
(828, 'idée', 'tag', 1, '0'),
(829, 'for:ieml', 'tag', 1, '0'),
(830, 'ign', 'tag', 1, '0'),
(831, 'igoogle', 'tag', 1, '0'),
(832, 'ihm', 'tag', 1, '0'),
(833, 'illustration', 'tag', 1, '0'),
(834, 'images', 'tag', 1, '0'),
(835, 'imaginaire', 'tag', 1, '0'),
(836, 'imagination', 'tag', 1, '0'),
(837, 'immersion', 'tag', 1, '0'),
(838, 'immersive', 'tag', 1, '0'),
(839, 'import', 'tag', 1, '0'),
(840, 'impression', 'tag', 1, '0'),
(841, 'indexation', 'tag', 1, '0'),
(842, 'india', 'tag', 1, '0'),
(843, 'indice', 'tag', 1, '0'),
(844, 'infodesign', 'tag', 1, '0'),
(845, 'informationdesign', 'tag', 1, '0'),
(846, 'informatique', 'tag', 1, '0'),
(847, 'inforoute', 'tag', 1, '0'),
(848, 'ingénierie', 'tag', 1, '0'),
(849, 'initiative', 'tag', 1, '0'),
(850, 'insee', 'tag', 1, '0'),
(851, 'insolite', 'tag', 1, '0'),
(852, 'inspiration', 'tag', 1, '0'),
(853, 'installation', 'tag', 1, '0'),
(854, 'instrument', 'tag', 1, '0'),
(855, 'intelligents', 'tag', 1, '0'),
(856, 'interaction', 'tag', 1, '0'),
(857, 'interactive', 'tag', 1, '0'),
(858, 'interdiscipline', 'tag', 1, '0'),
(859, 'interface', 'tag', 1, '0'),
(860, 'interview', 'tag', 1, '0'),
(861, 'isabelle', 'tag', 1, '0'),
(862, 'itinéraire', 'tag', 1, '0'),
(863, 'itinéraires', 'tag', 1, '0'),
(864, 'ja', 'tag', 1, '0'),
(865, 'janique', 'tag', 1, '0'),
(866, 'japan', 'tag', 1, '0'),
(867, 'jardin', 'tag', 1, '0'),
(868, 'jardinage', 'tag', 1, '0'),
(869, 'jardinagehypertextuel', 'tag', 1, '0'),
(870, 'java', 'tag', 1, '0'),
(871, 'jeu', 'tag', 1, '0'),
(872, 'jeux', 'tag', 1, '0'),
(873, 'joueurs', 'tag', 1, '0'),
(874, 'jour', 'tag', 1, '0'),
(875, 'journée', 'tag', 1, '0'),
(876, 'json', 'tag', 1, '0'),
(877, 'keywords', 'tag', 1, '0'),
(878, 'kml', 'tag', 1, '0'),
(879, 'label', 'tag', 1, '0'),
(880, 'laboratoire', 'tag', 1, '0'),
(881, 'labs', 'tag', 1, '0'),
(882, 'labyrinthes', 'tag', 1, '0'),
(883, 'landart', 'tag', 1, '0'),
(884, 'langage', 'tag', 1, '0'),
(885, 'last.fm', 'tag', 1, '0'),
(886, 'ldow2008', 'tag', 1, '0'),
(887, 'lecteur', 'tag', 1, '0'),
(888, 'ledzeppelin', 'tag', 1, '0'),
(889, 'lemmings', 'tag', 1, '0'),
(890, 'libraries', 'tag', 1, '0'),
(891, 'libre', 'tag', 1, '0'),
(892, 'lien', 'tag', 1, '0'),
(893, 'liens', 'tag', 1, '0'),
(894, 'lieux', 'tag', 1, '0'),
(895, 'lifeexplorer', 'tag', 1, '0'),
(896, 'lifelog', 'tag', 1, '0'),
(897, 'lifestream', 'tag', 1, '0'),
(898, 'lightbox', 'tag', 1, '0'),
(899, 'limite', 'tag', 1, '0'),
(900, 'linerider', 'tag', 1, '0'),
(901, 'link', 'tag', 1, '0'),
(902, 'linkbaiting', 'tag', 1, '0'),
(903, 'lisieux', 'tag', 1, '0'),
(904, 'list', 'tag', 1, '0'),
(905, 'lists', 'tag', 1, '0'),
(906, 'live', 'tag', 1, '0'),
(907, 'livre', 'tag', 1, '0'),
(908, 'localisation', 'tag', 1, '0'),
(909, 'localtime', 'tag', 1, '0'),
(910, 'location', 'tag', 1, '0'),
(911, 'logiciel', 'tag', 1, '0'),
(912, 'logos', 'tag', 1, '0'),
(913, 'loi', 'tag', 1, '0'),
(914, 'loop', 'tag', 1, '0'),
(915, 'luckysemiosis.info', 'tag', 1, '0'),
(916, 'lumière', 'tag', 1, '0'),
(917, 'lyrics', 'tag', 1, '0'),
(918, 'mac', 'tag', 1, '0'),
(919, 'machine', 'tag', 1, '0'),
(920, 'macro', 'tag', 1, '0'),
(921, 'maeda', 'tag', 1, '0'),
(922, 'maester', 'tag', 1, '0'),
(923, 'magasin', 'tag', 1, '0'),
(924, 'magic', 'tag', 1, '0'),
(925, 'maison', 'tag', 1, '0'),
(926, 'majeur', 'tag', 1, '0'),
(927, 'management', 'tag', 1, '0'),
(928, 'manif', 'tag', 1, '0'),
(929, 'manifestation', 'tag', 1, '0'),
(930, 'manifeste', 'tag', 1, '0'),
(931, 'manuel', 'tag', 1, '0'),
(932, 'manuelle', 'tag', 1, '0'),
(933, 'map', 'tag', 1, '0'),
(934, 'mapmixer', 'tag', 1, '0'),
(935, 'mapping', 'tag', 1, '0'),
(936, 'mapplets', 'tag', 1, '0'),
(937, 'maps', 'tag', 1, '0'),
(938, 'maquette', 'tag', 1, '0'),
(939, 'marchand', 'tag', 1, '0'),
(940, 'marcheur', 'tag', 1, '0'),
(941, 'marché', 'tag', 1, '0'),
(942, 'marie', 'tag', 1, '0'),
(943, 'mario', 'tag', 1, '0'),
(944, 'marqueur', 'tag', 1, '0'),
(945, 'maryland', 'tag', 1, '0'),
(946, 'math', 'tag', 1, '0'),
(947, 'mathematics', 'tag', 1, '0'),
(948, 'matière', 'tag', 1, '0'),
(949, 'matrix', 'tag', 1, '0'),
(950, 'matériaux', 'tag', 1, '0'),
(951, 'matêtentof', 'tag', 1, '0'),
(952, 'maya', 'tag', 1, '0'),
(953, 'meanigful', 'tag', 1, '0'),
(954, 'media', 'tag', 1, '0'),
(955, 'mediaecology', 'tag', 1, '0'),
(956, 'meditation', 'tag', 1, '0'),
(957, 'meetic', 'tag', 1, '0'),
(958, 'meeting', 'tag', 1, '0'),
(959, 'meilleur', 'tag', 1, '0'),
(960, 'memetics', 'tag', 1, '0'),
(961, 'memory', 'tag', 1, '0'),
(962, 'menu', 'tag', 1, '0'),
(963, 'messaging', 'tag', 1, '0'),
(964, 'mesure', 'tag', 1, '0'),
(965, 'meta', 'tag', 1, '0'),
(966, 'metalangage', 'tag', 1, '0'),
(967, 'metaverse', 'tag', 1, '0'),
(968, 'micro-tracteur', 'tag', 1, '0'),
(969, 'microscope', 'tag', 1, '0'),
(970, 'miniblogging', 'tag', 1, '0'),
(971, 'minsky', 'tag', 1, '0'),
(972, 'miroir', 'tag', 1, '0'),
(973, 'mit', 'tag', 1, '0'),
(974, 'mitigation', 'tag', 1, '0'),
(975, 'mmorpg', 'tag', 1, '0'),
(976, 'mobile', 'tag', 1, '0'),
(977, 'mobilier', 'tag', 1, '0'),
(978, 'mobilité', 'tag', 1, '0'),
(979, 'modele', 'tag', 1, '0'),
(980, 'modeling', 'tag', 1, '0'),
(981, 'modelling', 'tag', 1, '0'),
(982, 'modélisation', 'tag', 1, '0'),
(983, 'moebius', 'tag', 1, '0'),
(984, 'monde', 'tag', 1, '0'),
(985, 'monde?', 'tag', 1, '0'),
(986, 'money', 'tag', 1, '0'),
(987, 'montecarlo', 'tag', 1, '0'),
(988, 'moorg', 'tag', 1, '0'),
(989, 'moral', 'tag', 1, '0'),
(990, 'morphing', 'tag', 1, '0'),
(991, 'morphogénèse', 'tag', 1, '0'),
(992, 'mosaic', 'tag', 1, '0'),
(993, 'mot', 'tag', 1, '0'),
(994, 'motherboard', 'tag', 1, '0'),
(995, 'mouseover', 'tag', 1, '0'),
(996, 'mouvement', 'tag', 1, '0'),
(997, 'movies', 'tag', 1, '0'),
(998, 'moyen-âge', 'tag', 1, '0'),
(999, 'mozilla', 'tag', 1, '0'),
(1000, 'mp3', 'tag', 1, '0'),
(1001, 'mrtoutou', 'tag', 1, '0'),
(1002, 'multi', 'tag', 1, '0'),
(1003, 'multi-agent', 'tag', 1, '0'),
(1004, 'multi-agents', 'tag', 1, '0'),
(1005, 'multidimensionnel', 'tag', 1, '0'),
(1006, 'multimedia', 'tag', 1, '0'),
(1007, 'multitouch', 'tag', 1, '0'),
(1008, 'for:mundigo', 'tag', 1, '0'),
(1009, 'mundigo', 'tag', 1, '0'),
(1010, 'mundimuzik', 'tag', 1, '0'),
(1011, 'mundiroots', 'tag', 1, '0'),
(1012, 'musicbrainz', 'tag', 1, '0'),
(1013, 'musique', 'tag', 1, '0'),
(1014, 'musée', 'tag', 1, '0'),
(1015, 'mutation', 'tag', 1, '0'),
(1016, 'mutualisation', 'tag', 1, '0'),
(1017, 'myspace', 'tag', 1, '0'),
(1018, 'mèmétique', 'tag', 1, '0'),
(1019, 'médecine', 'tag', 1, '0'),
(1020, 'médicale', 'tag', 1, '0'),
(1021, 'méditerranée', 'tag', 1, '0'),
(1022, 'mémoire', 'tag', 1, '0'),
(1023, 'métaphore', 'tag', 1, '0'),
(1024, 'métavers', 'tag', 1, '0'),
(1025, 'méthode', 'tag', 1, '0'),
(1026, 'naissance', 'tag', 1, '0'),
(1027, 'nano', 'tag', 1, '0'),
(1028, 'nanotube', 'tag', 1, '0'),
(1029, 'nature', 'tag', 1, '0'),
(1030, 'naturel', 'tag', 1, '0'),
(1031, 'naviagtion', 'tag', 1, '0'),
(1032, 'navigateur', 'tag', 1, '0'),
(1033, 'navigation', 'tag', 1, '0'),
(1034, 'netarbor', 'tag', 1, '0'),
(1035, 'netvibes', 'tag', 1, '0'),
(1036, 'network', 'tag', 1, '0'),
(1037, 'networking', 'tag', 1, '0'),
(1038, 'networks', 'tag', 1, '0'),
(1039, 'neuralnetwork', 'tag', 1, '0'),
(1040, 'neurone', 'tag', 1, '0'),
(1041, 'neurones', 'tag', 1, '0'),
(1042, 'news', 'tag', 1, '0'),
(1043, 'noeudgardien', 'tag', 1, '0'),
(1044, 'nom', 'tag', 1, '0'),
(1045, 'noosphere', 'tag', 1, '0'),
(1046, 'notation', 'tag', 1, '0'),
(1047, 'note', 'tag', 1, '0'),
(1048, 'nouvelle', 'tag', 1, '0'),
(1049, 'nuage', 'tag', 1, '0'),
(1050, 'nuit', 'tag', 1, '0'),
(1051, 'oai-pmh', 'tag', 1, '0'),
(1052, 'objet', 'tag', 1, '0'),
(1053, 'observatoire', 'tag', 1, '0'),
(1054, 'offline', 'tag', 1, '0'),
(1055, 'ogre', 'tag', 1, '0'),
(1056, 'old', 'tag', 1, '0'),
(1057, 'olympic', 'tag', 1, '0'),
(1058, 'ombre', 'tag', 1, '0'),
(1059, 'omg', 'tag', 1, '0'),
(1060, 'omnsh', 'tag', 1, '0'),
(1061, 'onada', 'tag', 1, '0'),
(1062, 'onde', 'tag', 1, '0'),
(1063, 'online', 'tag', 1, '0'),
(1064, 'ontologie', 'tag', 1, '0'),
(1065, 'ontologiste', 'tag', 1, '0'),
(1066, 'opacweb', 'tag', 1, '0'),
(1067, 'opencalais', 'tag', 1, '0'),
(1068, 'openframeworks', 'tag', 1, '0'),
(1069, 'openid', 'tag', 1, '0'),
(1070, 'openoffice', 'tag', 1, '0'),
(1071, 'openstreetmap', 'tag', 1, '0'),
(1072, 'optimisation', 'tag', 1, '0'),
(1073, 'optimiser', 'tag', 1, '0'),
(1074, 'optimization', 'tag', 1, '0'),
(1075, 'orange', 'tag', 1, '0'),
(1076, 'orbite', 'tag', 1, '0'),
(1077, 'organique', 'tag', 1, '0'),
(1078, 'organisation', 'tag', 1, '0'),
(1079, 'origami', 'tag', 1, '0'),
(1080, 'oudancepo', 'tag', 1, '0'),
(1081, 'oufilmpo', 'tag', 1, '0'),
(1082, 'ougraphpo', 'tag', 1, '0'),
(1083, 'ouhumpo', 'tag', 1, '0'),
(1084, 'oulipo', 'tag', 1, '0'),
(1085, 'ouphopo', 'tag', 1, '0'),
(1086, 'outils', 'tag', 1, '0'),
(1087, 'outlook', 'tag', 1, '0'),
(1088, 'ouvipo', 'tag', 1, '0'),
(1089, 'ouvroir', 'tag', 1, '0'),
(1090, 'ouxpo', 'tag', 1, '0'),
(1091, 'owl', 'tag', 1, '0'),
(1092, 'p2p', 'tag', 1, '0'),
(1093, 'page', 'tag', 1, '0'),
(1094, 'pages', 'tag', 1, '0'),
(1095, 'palmares', 'tag', 1, '0'),
(1096, 'panel', 'tag', 1, '0'),
(1097, 'panorama', 'tag', 1, '0'),
(1098, 'papier', 'tag', 1, '0'),
(1099, 'papillon', 'tag', 1, '0'),
(1100, 'paragraphe', 'tag', 1, '0'),
(1101, 'parainage', 'tag', 1, '0'),
(1102, 'paramètrage', 'tag', 1, '0'),
(1103, 'paramétrable', 'tag', 1, '0'),
(1104, 'parcourt', 'tag', 1, '0'),
(1105, 'pari', 'tag', 1, '0'),
(1106, 'paris', 'tag', 1, '0'),
(1107, 'partenaire', 'tag', 1, '0'),
(1108, 'partenaires', 'tag', 1, '0'),
(1109, 'partenariat', 'tag', 1, '0'),
(1110, 'partition', 'tag', 1, '0'),
(1111, 'passively', 'tag', 1, '0'),
(1112, 'patrimoine', 'tag', 1, '0'),
(1113, 'patterns', 'tag', 1, '0'),
(1114, 'pays', 'tag', 1, '0'),
(1115, 'pdf', 'tag', 1, '0'),
(1116, 'pensée', 'tag', 1, '0'),
(1117, 'percehautsite', 'tag', 1, '0'),
(1118, 'performance', 'tag', 1, '0'),
(1119, 'periodic', 'tag', 1, '0'),
(1120, 'personalisation', 'tag', 1, '0'),
(1121, 'personality', 'tag', 1, '0'),
(1122, 'personne', 'tag', 1, '0'),
(1123, 'personnelle', 'tag', 1, '0'),
(1124, 'perspective', 'tag', 1, '0'),
(1125, 'pertinence:jardin', 'tag', 1, '0'),
(1126, 'pespectives', 'tag', 1, '0'),
(1127, 'petitesannonces', 'tag', 1, '0'),
(1128, 'philosophie', 'tag', 1, '0'),
(1129, 'philosophique', 'tag', 1, '0'),
(1130, 'phone', 'tag', 1, '0'),
(1131, 'photo', 'tag', 1, '0'),
(1132, 'photographie', 'tag', 1, '0'),
(1133, 'photography', 'tag', 1, '0'),
(1134, 'photos', 'tag', 1, '0'),
(1135, 'php5', 'tag', 1, '0'),
(1136, 'phpTohtml', 'tag', 1, '0'),
(1137, 'physics', 'tag', 1, '0'),
(1138, 'pictogramme', 'tag', 1, '0'),
(1139, 'piscine', 'tag', 1, '0'),
(1140, 'pixar', 'tag', 1, '0'),
(1141, 'places', 'tag', 1, '0'),
(1142, 'plaisance', 'tag', 1, '0'),
(1143, 'plannificateur', 'tag', 1, '0'),
(1144, 'planning', 'tag', 1, '0'),
(1145, 'planète', 'tag', 1, '0'),
(1146, 'planétaire', 'tag', 1, '0'),
(1147, 'plateforme', 'tag', 1, '0'),
(1148, 'for:plevy4', 'tag', 1, '0'),
(1149, 'plid''age', 'tag', 1, '0'),
(1150, 'plugin', 'tag', 1, '0'),
(1151, 'plugins', 'tag', 1, '0'),
(1152, 'plus', 'tag', 1, '0'),
(1153, 'po', 'tag', 1, '0'),
(1154, 'podcast', 'tag', 1, '0'),
(1155, 'politics', 'tag', 1, '0'),
(1156, 'politique', 'tag', 1, '0'),
(1157, 'pologne', 'tag', 1, '0'),
(1158, 'popularity', 'tag', 1, '0'),
(1159, 'population', 'tag', 1, '0'),
(1160, 'popup', 'tag', 1, '0'),
(1161, 'portabilité', 'tag', 1, '0'),
(1162, 'portail', 'tag', 1, '0'),
(1163, 'portal', 'tag', 1, '0'),
(1164, 'portfolio', 'tag', 1, '0'),
(1165, 'potentiel', 'tag', 1, '0'),
(1166, 'pour', 'tag', 1, '0'),
(1167, 'pouroucontre', 'tag', 1, '0'),
(1168, 'pousse', 'tag', 1, '0'),
(1169, 'pratique', 'tag', 1, '0'),
(1170, 'privilège', 'tag', 1, '0'),
(1171, 'privée', 'tag', 1, '0'),
(1172, 'processing', 'tag', 1, '0'),
(1173, 'processus', 'tag', 1, '0'),
(1174, 'productivity', 'tag', 1, '0'),
(1175, 'products', 'tag', 1, '0'),
(1176, 'professeur', 'tag', 1, '0'),
(1177, 'profil', 'tag', 1, '0'),
(1178, 'profondeur', 'tag', 1, '0'),
(1179, 'programming', 'tag', 1, '0'),
(1180, 'project', 'tag', 1, '0'),
(1181, 'projectmanagement', 'tag', 1, '0'),
(1182, 'projet', 'tag', 1, '0'),
(1183, 'promo', 'tag', 1, '0'),
(1184, 'proportionnelle', 'tag', 1, '0'),
(1185, 'proposition', 'tag', 1, '0'),
(1186, 'prospective', 'tag', 1, '0'),
(1187, 'protection', 'tag', 1, '0'),
(1188, 'protege', 'tag', 1, '0'),
(1189, 'proteinexplorer', 'tag', 1, '0'),
(1190, 'protocol', 'tag', 1, '0'),
(1191, 'prototype', 'tag', 1, '0'),
(1192, 'présentation', 'tag', 1, '0'),
(1193, 'psychedelic', 'tag', 1, '0'),
(1194, 'psychologie', 'tag', 1, '0'),
(1195, 'psychology', 'tag', 1, '0'),
(1196, 'pub', 'tag', 1, '0'),
(1197, 'publicité', 'tag', 1, '0'),
(1198, 'punir', 'tag', 1, '0'),
(1199, 'puzzle', 'tag', 1, '0'),
(1200, 'pyramides', 'tag', 1, '0'),
(1201, 'pédagogie', 'tag', 1, '0'),
(1202, 'périodique', 'tag', 1, '0'),
(1203, 'pôleéthique', 'tag', 1, '0'),
(1204, 'qi', 'tag', 1, '0'),
(1205, 'quaero', 'tag', 1, '0'),
(1206, 'qualitative', 'tag', 1, '0'),
(1207, 'quantique', 'tag', 1, '0'),
(1208, 'quatuor', 'tag', 1, '0'),
(1209, 'que', 'tag', 1, '0'),
(1210, 'query', 'tag', 1, '0'),
(1211, 'question', 'tag', 1, '0'),
(1212, 'quiz', 'tag', 1, '0'),
(1213, 'r', 'tag', 1, '0'),
(1214, 'r2d2', 'tag', 1, '0'),
(1215, 'racine', 'tag', 1, '0'),
(1216, 'radio', 'tag', 1, '0'),
(1217, 'ranking', 'tag', 1, '0'),
(1218, 'rapidité', 'tag', 1, '0'),
(1219, 'rdf', 'tag', 1, '0'),
(1220, 'realtime', 'tag', 1, '0'),
(1221, 'recette', 'tag', 1, '0'),
(1222, 'recognition', 'tag', 1, '0'),
(1223, 'recommandation', 'tag', 1, '0'),
(1224, 'recommendation', 'tag', 1, '0'),
(1225, 'record', 'tag', 1, '0'),
(1226, 'recording', 'tag', 1, '0'),
(1227, 'referencement', 'tag', 1, '0'),
(1228, 'regex', 'tag', 1, '0'),
(1229, 'relation', 'tag', 1, '0'),
(1230, 'relief', 'tag', 1, '0'),
(1231, 'religion', 'tag', 1, '0'),
(1232, 'rencontre', 'tag', 1, '0'),
(1233, 'renouvelable', 'tag', 1, '0'),
(1234, 'reporting', 'tag', 1, '0'),
(1235, 'représentation', 'tag', 1, '0'),
(1236, 'reputation', 'tag', 1, '0'),
(1237, 'resize', 'tag', 1, '0'),
(1238, 'resource', 'tag', 1, '0'),
(1239, 'resources', 'tag', 1, '0'),
(1240, 'responsabilité', 'tag', 1, '0'),
(1241, 'ressources', 'tag', 1, '0'),
(1242, 'rest', 'tag', 1, '0'),
(1243, 'restigné', 'tag', 1, '0'),
(1244, 'retirement', 'tag', 1, '0'),
(1245, 'retraite', 'tag', 1, '0'),
(1246, 'reversegeocoding', 'tag', 1, '0'),
(1247, 'rfid', 'tag', 1, '0'),
(1248, 'rhizome', 'tag', 1, '0'),
(1249, 'ria', 'tag', 1, '0'),
(1250, 'risque', 'tag', 1, '0'),
(1251, 'riz', 'tag', 1, '0'),
(1252, 'rmi', 'tag', 1, '0'),
(1253, 'robot', 'tag', 1, '0'),
(1254, 'robotique', 'tag', 1, '0'),
(1255, 'routier', 'tag', 1, '0'),
(1256, 'rss', 'tag', 1, '0'),
(1257, 'ruby', 'tag', 1, '0'),
(1258, 'réalité', 'tag', 1, '0'),
(1259, 'réel', 'tag', 1, '0'),
(1260, 'régulières', 'tag', 1, '0'),
(1261, 'rémunération', 'tag', 1, '0'),
(1262, 'répertoire', 'tag', 1, '0'),
(1263, 'réseaux', 'tag', 1, '0'),
(1264, 's', 'tag', 1, '0'),
(1265, 'sacem', 'tag', 1, '0'),
(1266, 'safari', 'tag', 1, '0'),
(1267, 'savoir', 'tag', 1, '0'),
(1268, 'sbml', 'tag', 1, '0'),
(1269, 'scenari', 'tag', 1, '0'),
(1270, 'schedule', 'tag', 1, '0'),
(1271, 'schéma', 'tag', 1, '0'),
(1272, 'science', 'tag', 1, '0'),
(1273, 'science-fiction', 'tag', 1, '0'),
(1274, 'sciences', 'tag', 1, '0'),
(1275, 'sciences-sociales', 'tag', 1, '0'),
(1276, 'sciences_humaines', 'tag', 1, '0'),
(1277, 'scolaire', 'tag', 1, '0'),
(1278, 'screenscraping', 'tag', 1, '0'),
(1279, 'screenshot', 'tag', 1, '0'),
(1280, 'script', 'tag', 1, '0'),
(1281, 'sculpture', 'tag', 1, '0'),
(1282, 'scénario', 'tag', 1, '0'),
(1283, 'sdk', 'tag', 1, '0'),
(1284, 'sdx', 'tag', 1, '0'),
(1285, 'secondlife', 'tag', 1, '0'),
(1286, 'seedcamp', 'tag', 1, '0'),
(1287, 'semanticgarden', 'tag', 1, '0'),
(1288, 'semiologie', 'tag', 1, '0'),
(1289, 'sensure', 'tag', 1, '0'),
(1290, 'sentiment', 'tag', 1, '0'),
(1291, 'seo', 'tag', 1, '0'),
(1292, 'serialize', 'tag', 1, '0'),
(1293, 'serious', 'tag', 1, '0'),
(1294, 'serious_games', 'tag', 1, '0'),
(1295, 'seriousgame', 'tag', 1, '0'),
(1296, 'seriousgames', 'tag', 1, '0'),
(1297, 'server', 'tag', 1, '0'),
(1298, 'service', 'tag', 1, '0'),
(1299, 'shortcut:dict', 'tag', 1, '0'),
(1300, 'shortcut:google', 'tag', 1, '0'),
(1301, 'shortcut:wp', 'tag', 1, '0'),
(1302, 'shortcuts', 'tag', 1, '0'),
(1303, 'shortfilm', 'tag', 1, '0'),
(1304, 'sibelius', 'tag', 1, '0'),
(1305, 'silverlight', 'tag', 1, '0'),
(1306, 'simondon', 'tag', 1, '0'),
(1307, 'simple', 'tag', 1, '0'),
(1308, 'simplicity', 'tag', 1, '0'),
(1309, 'simpson', 'tag', 1, '0'),
(1310, 'simulateur', 'tag', 1, '0'),
(1311, 'simulation', 'tag', 1, '0'),
(1312, 'site', 'tag', 1, '0'),
(1313, 'sitemap', 'tag', 1, '0'),
(1314, 'sitemaps', 'tag', 1, '0'),
(1315, 'skywhale', 'tag', 1, '0'),
(1316, 'slam', 'tag', 1, '0'),
(1317, 'smiley', 'tag', 1, '0'),
(1318, 'snapcasa', 'tag', 1, '0'),
(1319, 'socialnetworking', 'tag', 1, '0'),
(1320, 'sociaux', 'tag', 1, '0'),
(1321, 'sociologie', 'tag', 1, '0'),
(1322, 'solaire', 'tag', 1, '0'),
(1323, 'solidarité', 'tag', 1, '0'),
(1324, 'sollipsis', 'tag', 1, '0'),
(1325, 'solo', 'tag', 1, '0'),
(1326, 'solutions', 'tag', 1, '0'),
(1327, 'son', 'tag', 1, '0'),
(1328, 'sondage', 'tag', 1, '0'),
(1329, 'sorting', 'tag', 1, '0'),
(1330, 'soufi', 'tag', 1, '0'),
(1331, 'source', 'tag', 1, '0'),
(1332, 'sparql', 'tag', 1, '0'),
(1333, 'spatio', 'tag', 1, '0'),
(1334, 'spectacle', 'tag', 1, '0'),
(1335, 'spider', 'tag', 1, '0'),
(1336, 'spinoza', 'tag', 1, '0'),
(1337, 'spip', 'tag', 1, '0'),
(1338, 'spiritual', 'tag', 1, '0'),
(1339, 'spiriturel', 'tag', 1, '0'),
(1340, 'sport', 'tag', 1, '0'),
(1341, 'spreadsheet', 'tag', 1, '0'),
(1342, 'spy', 'tag', 1, '0'),
(1343, 'spécification', 'tag', 1, '0'),
(1344, 'sql', 'tag', 1, '0'),
(1345, 'sqlite', 'tag', 1, '0'),
(1346, 'standards', 'tag', 1, '0'),
(1347, 'startup', 'tag', 1, '0'),
(1348, 'starwars', 'tag', 1, '0'),
(1349, 'statistics', 'tag', 1, '0'),
(1350, 'statistiques', 'tag', 1, '0'),
(1351, 'stats', 'tag', 1, '0'),
(1352, 'stimulation', 'tag', 1, '0'),
(1353, 'stockage', 'tag', 1, '0'),
(1354, 'strange', 'tag', 1, '0'),
(1355, 'strar', 'tag', 1, '0'),
(1356, 'stratégie', 'tag', 1, '0'),
(1357, 'streaming', 'tag', 1, '0'),
(1358, 'street', 'tag', 1, '0'),
(1359, 'streetview', 'tag', 1, '0'),
(1360, 'studytopological', 'tag', 1, '0'),
(1361, 'subversion', 'tag', 1, '0'),
(1362, 'suggestion', 'tag', 1, '0'),
(1363, 'suivi', 'tag', 1, '0'),
(1364, 'summary', 'tag', 1, '0'),
(1365, 'superhero', 'tag', 1, '0'),
(1366, 'superorganisme', 'tag', 1, '0'),
(1367, 'superstruct', 'tag', 1, '0'),
(1368, 'support', 'tag', 1, '0'),
(1369, 'surface', 'tag', 1, '0'),
(1370, 'surtaxé', 'tag', 1, '0'),
(1371, 'surveiller', 'tag', 1, '0'),
(1372, 'svg', 'tag', 1, '0'),
(1373, 'svn', 'tag', 1, '0'),
(1374, 'symbole', 'tag', 1, '0'),
(1375, 'symbolique', 'tag', 1, '0'),
(1376, 'synchronisation', 'tag', 1, '0'),
(1377, 'synergie', 'tag', 1, '0'),
(1378, 'systems', 'tag', 1, '0'),
(1379, 'système', 'tag', 1, '0'),
(1380, 'sèche', 'tag', 1, '0'),
(1381, 'sélection', 'tag', 1, '0'),
(1382, 'séminaire', 'tag', 1, '0'),
(1383, 'table', 'tag', 1, '0'),
(1384, 'tag', 'tag', 1, '0'),
(1385, 'tagasgo', 'tag', 1, '0'),
(1386, 'tagcloud', 'tag', 1, '0'),
(1387, 'tagcloug', 'tag', 1, '0'),
(1388, 'tagger', 'tag', 1, '0'),
(1389, 'tantrix', 'tag', 1, '0'),
(1390, 'technologie', 'tag', 1, '0'),
(1391, 'telephone', 'tag', 1, '0'),
(1392, 'template', 'tag', 1, '0'),
(1393, 'templates', 'tag', 1, '0'),
(1394, 'tempo', 'tag', 1, '0'),
(1395, 'temps', 'tag', 1, '0'),
(1396, 'terre', 'tag', 1, '0'),
(1397, 'territoire', 'tag', 1, '0'),
(1398, 'terroir', 'tag', 1, '0'),
(1399, 'test', 'tag', 1, '0'),
(1400, 'testing', 'tag', 1, '0'),
(1401, 'texte', 'tag', 1, '0'),
(1402, 'textmining', 'tag', 1, '0'),
(1403, 'themes', 'tag', 1, '0'),
(1404, 'theory', 'tag', 1, '0'),
(1405, 'thesaurus', 'tag', 1, '0'),
(1406, 'thunderbird', 'tag', 1, '0'),
(1407, 'thyp', 'tag', 1, '0'),
(1408, 'théorie', 'tag', 1, '0'),
(1409, 'théâtre', 'tag', 1, '0'),
(1410, 'timbernerslee', 'tag', 1, '0'),
(1411, 'tips', 'tag', 1, '0'),
(1412, 'to', 'tag', 1, '0'),
(1413, 'toboggan', 'tag', 1, '0'),
(1414, 'todo', 'tag', 1, '0'),
(1415, 'toilette', 'tag', 1, '0'),
(1416, 'tolkien', 'tag', 1, '0'),
(1417, 'tool', 'tag', 1, '0'),
(1418, 'toolbar', 'tag', 1, '0'),
(1419, 'top', 'tag', 1, '0'),
(1420, 'top150', 'tag', 1, '0'),
(1421, 'topic-topos', 'tag', 1, '0'),
(1422, 'topologie', 'tag', 1, '0'),
(1423, 'tourdefrance', 'tag', 1, '0'),
(1424, 'tourisme', 'tag', 1, '0'),
(1425, 'toutou', 'tag', 1, '0'),
(1426, 'trace', 'tag', 1, '0'),
(1427, 'tracking', 'tag', 1, '0'),
(1428, 'traduction', 'tag', 1, '0'),
(1429, 'traffic', 'tag', 1, '0'),
(1430, 'trafic', 'tag', 1, '0'),
(1431, 'travail', 'tag', 1, '0'),
(1432, 'travaux', 'tag', 1, '0'),
(1433, 'travel', 'tag', 1, '0'),
(1434, 'tree', 'tag', 1, '0'),
(1435, 'treemap', 'tag', 1, '0'),
(1436, 'trees', 'tag', 1, '0'),
(1437, 'tri', 'tag', 1, '0'),
(1438, 'tricherie', 'tag', 1, '0'),
(1439, 'tripplanner', 'tag', 1, '0'),
(1440, 'troc', 'tag', 1, '0'),
(1441, 'trucage', 'tag', 1, '0'),
(1442, 'tube', 'tag', 1, '0'),
(1443, 'tv', 'tag', 1, '0'),
(1444, 'tvperso', 'tag', 1, '0'),
(1445, 'twitter', 'tag', 1, '0'),
(1446, 'typo3', 'tag', 1, '0'),
(1447, 'typography', 'tag', 1, '0'),
(1448, 'télévision', 'tag', 1, '0'),
(1449, 'unicef', 'tag', 1, '0'),
(1450, 'unitaire', 'tag', 1, '0'),
(1451, 'univers', 'tag', 1, '0'),
(1452, 'universal', 'tag', 1, '0'),
(1453, 'universitaire', 'tag', 1, '0'),
(1454, 'université', 'tag', 1, '0'),
(1455, 'unversit', 'tag', 1, '0'),
(1456, 'unversitaire', 'tag', 1, '0'),
(1457, 'urbanclip', 'tag', 1, '0'),
(1458, 'urlrewriting', 'tag', 1, '0'),
(1459, 'usability', 'tag', 1, '0'),
(1460, 'usages', 'tag', 1, '0'),
(1461, 'usb', 'tag', 1, '0'),
(1462, 'utf-8', 'tag', 1, '0'),
(1463, 'utilitaire', 'tag', 1, '0'),
(1464, 'validation', 'tag', 1, '0'),
(1465, 'vector', 'tag', 1, '0'),
(1466, 'venn', 'tag', 1, '0'),
(1467, 'vid', 'tag', 1, '0'),
(1468, 'videobox', 'tag', 1, '0'),
(1469, 'videocasting', 'tag', 1, '0'),
(1470, 'vidmeter', 'tag', 1, '0'),
(1471, 'vidéotraining', 'tag', 1, '0'),
(1472, 'vie', 'tag', 1, '0'),
(1473, 'viewer', 'tag', 1, '0'),
(1474, 'ville', 'tag', 1, '0'),
(1475, 'vin', 'tag', 1, '0'),
(1476, 'violence', 'tag', 1, '0'),
(1477, 'vipassana', 'tag', 1, '0'),
(1478, 'virtualité', 'tag', 1, '0'),
(1479, 'virtualworlds', 'tag', 1, '0'),
(1480, 'virtuel', 'tag', 1, '0'),
(1481, 'virtuelle', 'tag', 1, '0'),
(1482, 'viruel', 'tag', 1, '0'),
(1483, 'visualisation', 'tag', 1, '0'),
(1484, 'vitesse', 'tag', 1, '0'),
(1485, 'vitraux', 'tag', 1, '0'),
(1486, 'vocabulary', 'tag', 1, '0'),
(1487, 'voiture', 'tag', 1, '0'),
(1488, 'voronoi', 'tag', 1, '0'),
(1489, 'vote', 'tag', 1, '0'),
(1490, 'voyage', 'tag', 1, '0'),
(1491, 'vrml', 'tag', 1, '0'),
(1492, 'vs', 'tag', 1, '0'),
(1493, 'vyaep', 'tag', 1, '0'),
(1494, 'web4.0', 'tag', 1, '0'),
(1495, 'webagency', 'tag', 1, '0'),
(1496, 'webcam', 'tag', 1, '0'),
(1497, 'webdesign', 'tag', 1, '0'),
(1498, 'webdev', 'tag', 1, '0'),
(1499, 'webpage', 'tag', 1, '0'),
(1500, 'websemantique', 'tag', 1, '0'),
(1501, 'webtv', 'tag', 1, '0'),
(1502, 'widget', 'tag', 1, '0'),
(1503, 'widgets', 'tag', 1, '0'),
(1504, 'wifi', 'tag', 1, '0'),
(1505, 'wii', 'tag', 1, '0'),
(1506, 'wikis', 'tag', 1, '0'),
(1507, 'windows', 'tag', 1, '0'),
(1508, 'worldwide', 'tag', 1, '0'),
(1509, 'writing', 'tag', 1, '0'),
(1510, 'xbl', 'tag', 1, '0'),
(1511, 'xhtml', 'tag', 1, '0'),
(1512, 'xpath', 'tag', 1, '0'),
(1513, 'xpcom', 'tag', 1, '0'),
(1514, 'xslt', 'tag', 1, '0'),
(1515, 'xul', 'tag', 1, '0'),
(1516, 'xy', 'tag', 1, '0'),
(1517, 'zeppelin', 'tag', 1, '0'),
(1518, 'zip', 'tag', 1, '0'),
(1519, 'zone', 'tag', 1, '0'),
(1520, 'zoom', 'tag', 1, '0'),
(1521, 'écologie', 'tag', 1, '0'),
(1522, 'écologique', 'tag', 1, '0'),
(1523, 'économie', 'tag', 1, '0'),
(1524, 'économique', 'tag', 1, '0'),
(1525, 'écosystème', 'tag', 1, '0'),
(1526, 'écran', 'tag', 1, '0'),
(1527, 'éditeur', 'tag', 1, '0'),
(1528, 'éditoriale', 'tag', 1, '0'),
(1529, 'élections', 'tag', 1, '0'),
(1530, 'électronique', 'tag', 1, '0'),
(1531, 'élémentaire', 'tag', 1, '0'),
(1532, 'énergie', 'tag', 1, '0'),
(1533, 'énigme', 'tag', 1, '0'),
(1534, 'éphéméride', 'tag', 1, '0'),
(1535, 'épidémie', 'tag', 1, '0'),
(1536, 'épistémologie', 'tag', 1, '0'),
(1537, 'équation', 'tag', 1, '0'),
(1538, 'éthique', 'tag', 1, '0'),
(1539, 'étude', 'tag', 1, '0'),
(1540, 'évaluation', 'tag', 1, '0'),
(1541, 'évènementiel', 'tag', 1, '0'),
(1542, 'ToolsWeb', 'tag', 1, '0'),
(1543, 'tools', 'tag', 1, '1542'),
(1544, 'web2.0', 'tag', 1, '1542'),
(1545, 'sémantisation', 'tag', 1, '0'),
(1546, 'Xul', 'tag', 1, '1545'),
(1547, 'IEML', 'tag', 1, '1545'),
(1548, 'web2.0', 'tag', 1, '1545'),
(1549, 'folksonomie', 'tag', 1, '1545');
INSERT INTO `ieml_onto_flux` (`onto_flux_id`, `onto_flux_code`, `onto_flux_desc`, `onto_flux_niveau`, `onto_flux_parents`) VALUES 
(1550, 'sémantique', 'tag', 1, '1545'),
(1551, 'larcenet', '', 0, '');

-- --------------------------------------------------------

-- 
-- Structure de la table `ieml_trad`
-- 

DROP TABLE IF EXISTS `ieml_trad`;
CREATE TABLE `ieml_trad` (
  `trad_id` int(11) NOT NULL auto_increment,
  `ieml_id` int(11) NOT NULL,
  `onto_flux_id` int(11) NOT NULL,
  `trad_date` date NOT NULL,
  `trad_post` tinyint(1) NOT NULL,
  PRIMARY KEY  (`trad_id`)
) ENGINE=InnoDB  DEFAULT CHARSET=latin1 AUTO_INCREMENT=179 ;

-- 
-- Contenu de la table `ieml_trad`
-- 

INSERT INTO `ieml_trad` (`trad_id`, `ieml_id`, `onto_flux_id`, `trad_date`, `trad_post`) VALUES 
(1, 1634, 13, '2008-08-21', 0),
(2, 1648, 14, '2008-08-21', 0),
(3, 1640, 24, '2008-08-21', 0),
(4, 365, 50, '2008-08-21', 0),
(5, 368, 56, '2008-08-21', 0),
(6, 275, 60, '2008-08-21', 0),
(7, 532, 67, '2008-08-21', 0),
(8, 1885, 89, '2008-08-21', 0),
(9, 1000, 90, '2008-08-21', 0),
(10, 1103, 110, '2008-08-21', 0),
(11, 1017, 138, '2008-08-21', 0),
(12, 434, 168, '2008-08-21', 0),
(13, 1919, 189, '2008-08-21', 0),
(14, 1531, 194, '2008-08-21', 0),
(15, 1809, 210, '2008-09-18', 0),
(16, 1898, 220, '2008-09-18', 0),
(17, 3, 228, '2008-09-18', 0),
(18, 332, 233, '2008-09-18', 0),
(19, 1360, 234, '2008-09-18', 0),
(20, 269, 210, '2008-09-18', 1),
(21, 1011, 206, '2008-09-18', 1),
(22, 416, 210, '2008-09-18', 1),
(23, 1022, 206, '2008-09-18', 1),
(24, 25, 206, '2008-09-18', 1),
(25, 366, 233, '2008-09-18', 0),
(26, 19, 233, '2008-09-18', 0),
(27, 302, 233, '2008-09-18', 0),
(28, 269, 233, '2008-10-04', 0),
(29, 416, 233, '2008-10-04', 0),
(30, 12, 233, '2008-10-04', 0),
(31, 963, 233, '2008-10-04', 0),
(32, 20, 233, '2008-10-04', 0),
(33, 22, 233, '2008-10-04', 0),
(34, 30, 233, '2008-10-04', 0),
(35, 1404, 35, '2008-10-04', 1),
(36, 7, 35, '2008-10-04', 1),
(37, 30, 35, '2008-10-04', 1),
(38, 39, 35, '2008-10-04', 1),
(39, 727, 35, '2008-10-04', 1),
(40, 1608, 35, '2008-10-04', 1),
(41, 194, 35, '2008-10-04', 1),
(42, 51, 35, '2008-10-04', 1),
(43, 53, 35, '2008-10-04', 1),
(44, 44, 210, '2008-10-04', 1),
(45, 1043, 210, '2008-10-04', 1),
(46, 559, 206, '2008-10-04', 1),
(47, 885, 206, '2008-10-04', 1),
(48, 1022, 210, '2008-10-05', 1),
(49, 1644, 210, '2008-10-05', 1),
(50, 1925, 210, '2008-10-05', 1),
(51, 1114, 63, '2008-10-05', 1),
(52, 1562, 63, '2008-10-05', 1),
(53, 33, 63, '2008-10-05', 1),
(54, 41, 233, '2008-10-07', 0),
(55, 1953, 210, '2008-10-09', 1),
(56, 325, 228, '2008-10-18', 0),
(57, 1005, 258, '2008-11-16', 0),
(58, 255, 259, '2008-11-16', 0),
(59, 605, 284, '2008-11-16', 0),
(60, 769, 287, '2008-11-16', 0),
(61, 433, 289, '2008-11-16', 0),
(62, 1126, 308, '2008-11-16', 0),
(63, 785, 354, '2008-11-16', 0),
(64, 1040, 394, '2008-11-16', 0),
(65, 1772, 396, '2008-11-16', 0),
(66, 1404, 401, '2008-11-16', 0),
(67, 859, 403, '2008-11-16', 0),
(68, 31, 406, '2008-11-16', 0),
(69, 31, 407, '2008-11-16', 0),
(70, 406, 412, '2008-11-16', 0),
(71, 1059, 427, '2008-11-16', 0),
(72, 1541, 471, '2008-11-16', 0),
(73, 805, 477, '2008-11-16', 0),
(74, 245, 489, '2008-11-16', 0),
(75, 1132, 503, '2008-11-16', 0),
(76, 894, 506, '2008-11-16', 0),
(77, 465, 517, '2008-11-16', 0),
(78, 1459, 521, '2008-11-16', 0),
(79, 1154, 524, '2008-11-16', 0),
(80, 298, 530, '2008-11-16', 0),
(81, 1071, 532, '2008-11-16', 0),
(82, 1584, 534, '2008-11-16', 0),
(83, 757, 535, '2008-11-16', 0),
(84, 581, 537, '2008-11-16', 0),
(85, 1680, 546, '2008-11-16', 0),
(86, 168, 547, '2008-11-16', 0),
(87, 1034, 551, '2008-11-16', 0),
(88, 986, 552, '2008-11-16', 0),
(89, 359, 558, '2008-11-16', 0),
(90, 1058, 559, '2008-11-16', 0),
(91, 567, 566, '2008-11-16', 0),
(92, 1257, 570, '2008-11-16', 0),
(93, 639, 590, '2008-11-16', 0),
(94, 1362, 605, '2008-11-16', 0),
(95, 796, 607, '2008-11-16', 0),
(96, 904, 610, '2008-11-16', 0),
(97, 1001, 611, '2008-11-16', 0),
(98, 782, 640, '2008-11-16', 0),
(99, 436, 641, '2008-11-16', 0),
(100, 848, 642, '2008-11-16', 0),
(101, 572, 652, '2008-11-16', 0),
(102, 1186, 664, '2008-11-16', 0),
(103, 1741, 667, '2008-11-16', 0),
(104, 1790, 679, '2008-11-16', 0),
(105, 350, 686, '2008-11-16', 0),
(106, 85, 691, '2008-11-16', 0),
(107, 1629, 697, '2008-11-16', 0),
(108, 162, 710, '2008-11-16', 0),
(109, 915, 723, '2008-11-16', 0),
(110, 1401, 736, '2008-11-16', 0),
(111, 729, 775, '2008-11-16', 0),
(112, 1381, 787, '2008-11-16', 0),
(113, 1786, 789, '2008-11-16', 0),
(114, 451, 795, '2008-11-16', 0),
(115, 480, 803, '2008-11-16', 0),
(116, 334, 819, '2008-11-16', 0),
(117, 1557, 835, '2008-11-16', 0),
(118, 1261, 836, '2008-11-16', 0),
(119, 1615, 837, '2008-11-16', 0),
(120, 1597, 846, '2008-11-16', 0),
(121, 758, 852, '2008-11-16', 0),
(122, 85, 859, '2008-11-16', 0),
(123, 506, 887, '2008-11-16', 0),
(124, 1119, 916, '2008-11-16', 0),
(125, 1270, 919, '2008-11-16', 0),
(126, 1535, 923, '2008-11-16', 0),
(127, 489, 925, '2008-11-16', 0),
(128, 1006, 938, '2008-11-16', 0),
(129, 1599, 939, '2008-11-16', 0),
(130, 812, 946, '2008-11-16', 0),
(131, 99, 956, '2008-11-16', 0),
(132, 263, 979, '2008-11-16', 0),
(133, 1800, 1019, '2008-11-16', 0),
(134, 1724, 1023, '2008-11-16', 0),
(135, 1736, 1047, '2008-11-16', 0),
(136, 1543, 1049, '2008-11-16', 0),
(137, 199, 1050, '2008-11-16', 0),
(138, 1472, 1077, '2008-11-16', 0),
(139, 1394, 1107, '2008-11-16', 0),
(140, 341, 1109, '2008-11-16', 0),
(141, 866, 1110, '2008-11-16', 0),
(142, 222, 1114, '2008-11-16', 0),
(143, 1282, 1128, '2008-11-16', 0),
(144, 46, 1129, '2008-11-16', 0),
(145, 113, 1132, '2008-11-16', 0),
(146, 1276, 1152, '2008-11-16', 0),
(147, 197, 1159, '2008-11-16', 0),
(148, 1719, 1166, '2008-11-16', 0),
(149, 1778, 1177, '2008-11-16', 0),
(150, 1325, 1185, '2008-11-16', 0),
(151, 1414, 1190, '2008-11-16', 0),
(152, 213, 1202, '2008-11-16', 0),
(153, 610, 1215, '2008-11-16', 0),
(154, 780, 1236, '2008-11-16', 0),
(155, 115, 1240, '2008-11-16', 0),
(156, 1613, 1250, '2008-11-16', 0),
(157, 863, 1251, '2008-11-16', 0),
(158, 1497, 1259, '2008-11-16', 0),
(159, 980, 1263, '2008-11-16', 0),
(160, 463, 1271, '2008-11-16', 0),
(161, 60, 1288, '2008-11-16', 0),
(162, 188, 1290, '2008-11-16', 0),
(163, 32, 1291, '2008-11-16', 0),
(164, 1385, 1297, '2008-11-16', 0),
(165, 1465, 1298, '2008-11-16', 0),
(166, 378, 1311, '2008-11-16', 0),
(167, 380, 1326, '2008-11-16', 0),
(168, 992, 1328, '2008-11-16', 0),
(169, 700, 1350, '2008-11-16', 0),
(170, 862, 1363, '2008-11-16', 0),
(171, 1919, 1371, '2008-11-16', 0),
(172, 1372, 1375, '2008-11-16', 0),
(173, 68, 1394, '2008-11-16', 0),
(174, 693, 1397, '2008-11-16', 0),
(175, 1105, 1424, '2008-11-16', 0),
(176, 1449, 1428, '2008-11-16', 0),
(177, 1911, 1432, '2008-11-16', 0),
(178, 310, 1450, '2008-11-16', 0);

-- --------------------------------------------------------

-- 
-- Structure de la table `ieml_trad_partage`
-- 

DROP TABLE IF EXISTS `ieml_trad_partage`;
CREATE TABLE `ieml_trad_partage` (
  `trad_partage_id` int(11) NOT NULL auto_increment,
  `trad_id` int(11) NOT NULL,
  `uti_id` int(11) NOT NULL,
  PRIMARY KEY  (`trad_partage_id`),
  KEY `trad_id` (`trad_id`),
  KEY `uti_id` (`uti_id`)
) ENGINE=InnoDB  DEFAULT CHARSET=latin1 AUTO_INCREMENT=147 ;

-- 
-- Contenu de la table `ieml_trad_partage`
-- 

INSERT INTO `ieml_trad_partage` (`trad_partage_id`, `trad_id`, `uti_id`) VALUES 
(1, 1, 2),
(2, 2, 2),
(3, 3, 2),
(4, 4, 2),
(5, 5, 2),
(6, 6, 2),
(7, 7, 2),
(8, 8, 2),
(9, 9, 2),
(10, 10, 2),
(11, 11, 2),
(12, 12, 2),
(13, 13, 2),
(14, 14, 2),
(15, 15, 3),
(16, 16, 3),
(17, 17, 3),
(18, 18, 3),
(19, 19, 3),
(20, 56, 3),
(21, 0, 5),
(22, 57, 5),
(23, 58, 5),
(24, 59, 5),
(25, 60, 5),
(26, 61, 5),
(27, 62, 5),
(28, 63, 5),
(29, 64, 5),
(30, 65, 5),
(31, 66, 5),
(32, 67, 5),
(33, 68, 5),
(34, 69, 5),
(35, 70, 5),
(36, 71, 5),
(37, 72, 5),
(38, 73, 5),
(39, 74, 5),
(40, 75, 5),
(41, 76, 5),
(42, 77, 5),
(43, 78, 5),
(44, 79, 5),
(45, 80, 5),
(46, 81, 5),
(47, 82, 5),
(48, 83, 5),
(49, 84, 5),
(50, 85, 5),
(51, 86, 5),
(52, 87, 5),
(53, 88, 5),
(54, 89, 5),
(55, 90, 5),
(56, 91, 5),
(57, 92, 5),
(58, 93, 5),
(59, 94, 5),
(60, 95, 5),
(61, 96, 5),
(62, 97, 5),
(63, 98, 5),
(64, 99, 5),
(65, 100, 5),
(66, 101, 5),
(67, 102, 5),
(68, 103, 5),
(69, 104, 5),
(70, 105, 5),
(71, 106, 5),
(72, 107, 5),
(73, 108, 5),
(74, 109, 5),
(75, 110, 5),
(76, 111, 5),
(77, 112, 5),
(78, 113, 5),
(79, 114, 5),
(80, 115, 5),
(81, 116, 5),
(82, 117, 5),
(83, 118, 5),
(84, 119, 5),
(85, 120, 5),
(86, 121, 5),
(87, 122, 5),
(88, 123, 5),
(89, 124, 5),
(90, 125, 5),
(91, 126, 5),
(92, 127, 5),
(93, 128, 5),
(94, 129, 5),
(95, 130, 5),
(96, 131, 5),
(97, 132, 5),
(98, 133, 5),
(99, 134, 5),
(100, 135, 5),
(101, 136, 5),
(102, 137, 5),
(103, 138, 5),
(104, 139, 5),
(105, 140, 5),
(106, 141, 5),
(107, 142, 5),
(108, 143, 5),
(109, 144, 5),
(110, 145, 5),
(111, 146, 5),
(112, 147, 5),
(113, 148, 5),
(114, 149, 5),
(115, 150, 5),
(116, 151, 5),
(117, 152, 5),
(118, 153, 5),
(119, 154, 5),
(120, 155, 5),
(121, 156, 5),
(122, 157, 5),
(123, 158, 5),
(124, 159, 5),
(125, 160, 5),
(126, 161, 5),
(127, 162, 5),
(128, 163, 5),
(129, 164, 5),
(130, 165, 5),
(131, 166, 5),
(132, 167, 5),
(133, 168, 5),
(134, 169, 5),
(135, 170, 5),
(136, 171, 5),
(137, 172, 5),
(138, 173, 5),
(139, 174, 5),
(140, 175, 5),
(141, 176, 5),
(142, 177, 5),
(143, 178, 5),
(144, 0, 5),
(145, 0, 5),
(146, 0, 5);

-- --------------------------------------------------------

-- 
-- Structure de la table `ieml_uti`
-- 

DROP TABLE IF EXISTS `ieml_uti`;
CREATE TABLE `ieml_uti` (
  `uti_id` int(11) NOT NULL auto_increment,
  `uti_login` varchar(225) NOT NULL,
  `maj` varchar(225) NOT NULL,
  PRIMARY KEY  (`uti_id`)
) ENGINE=InnoDB  DEFAULT CHARSET=latin1 AUTO_INCREMENT=6 ;

-- 
-- Contenu de la table `ieml_uti`
-- 

INSERT INTO `ieml_uti` (`uti_id`, `uti_login`, `maj`) VALUES 
(1, '*s.i.-m.i.-''t.a.-s.a.-'',**', ''),
(2, 'plevy4', '2008-08-21 11:07:09'),
(3, 'samszo', '2008-09-18 13:06:44'),
(4, '', '2008-10-18 11:20:48'),
(5, 'luckysemiosis', '2008-11-16 14:53:11');

-- --------------------------------------------------------

-- 
-- Structure de la table `ieml_uti_onto`
-- 

DROP TABLE IF EXISTS `ieml_uti_onto`;
CREATE TABLE `ieml_uti_onto` (
  `uti_id` int(11) NOT NULL,
  `ieml_id` int(11) NOT NULL,
  PRIMARY KEY  (`uti_id`,`ieml_id`)
) ENGINE=InnoDB DEFAULT CHARSET=latin1;

-- 
-- Contenu de la table `ieml_uti_onto`
-- 

INSERT INTO `ieml_uti_onto` (`uti_id`, `ieml_id`) VALUES 
(1, 0),
(1, 3),
(1, 31),
(1, 32),
(1, 46),
(1, 60),
(1, 68),
(1, 85),
(1, 99),
(1, 113),
(1, 115),
(1, 162),
(1, 168),
(1, 188),
(1, 197),
(1, 199),
(1, 213),
(1, 222),
(1, 245),
(1, 255),
(1, 263),
(1, 275),
(1, 298),
(1, 310),
(1, 325),
(1, 332),
(1, 334),
(1, 341),
(1, 350),
(1, 359),
(1, 365),
(1, 368),
(1, 378),
(1, 380),
(1, 406),
(1, 433),
(1, 434),
(1, 436),
(1, 451),
(1, 463),
(1, 465),
(1, 480),
(1, 489),
(1, 506),
(1, 532),
(1, 567),
(1, 572),
(1, 581),
(1, 605),
(1, 610),
(1, 639),
(1, 693),
(1, 700),
(1, 729),
(1, 757),
(1, 758),
(1, 769),
(1, 780),
(1, 782),
(1, 785),
(1, 796),
(1, 805),
(1, 812),
(1, 848),
(1, 859),
(1, 862),
(1, 863),
(1, 866),
(1, 894),
(1, 904),
(1, 915),
(1, 980),
(1, 986),
(1, 992),
(1, 1000),
(1, 1001),
(1, 1005),
(1, 1006),
(1, 1017),
(1, 1034),
(1, 1040),
(1, 1058),
(1, 1059),
(1, 1071),
(1, 1103),
(1, 1105),
(1, 1119),
(1, 1126),
(1, 1132),
(1, 1154),
(1, 1186),
(1, 1257),
(1, 1261),
(1, 1270),
(1, 1276),
(1, 1282),
(1, 1325),
(1, 1360),
(1, 1362),
(1, 1372),
(1, 1381),
(1, 1385),
(1, 1394),
(1, 1401),
(1, 1404),
(1, 1414),
(1, 1449),
(1, 1459),
(1, 1465),
(1, 1472),
(1, 1497),
(1, 1531),
(1, 1535),
(1, 1541),
(1, 1543),
(1, 1557),
(1, 1584),
(1, 1597),
(1, 1599),
(1, 1613),
(1, 1615),
(1, 1629),
(1, 1634),
(1, 1640),
(1, 1648),
(1, 1680),
(1, 1719),
(1, 1724),
(1, 1736),
(1, 1741),
(1, 1772),
(1, 1778),
(1, 1786),
(1, 1790),
(1, 1800),
(1, 1809),
(1, 1885),
(1, 1898),
(1, 1911),
(1, 1919),
(3, 7),
(3, 12),
(3, 19),
(3, 20),
(3, 22),
(3, 25),
(3, 30),
(3, 33),
(3, 39),
(3, 41),
(3, 44),
(3, 51),
(3, 53),
(3, 194),
(3, 269),
(3, 302),
(3, 366),
(3, 416),
(3, 559),
(3, 727),
(3, 885),
(3, 963),
(3, 1011),
(3, 1022),
(3, 1043),
(3, 1114),
(3, 1404),
(3, 1562),
(3, 1608),
(3, 1644),
(3, 1925),
(3, 1953);

-- --------------------------------------------------------

-- 
-- Structure de la table `ieml_uti_onto_flux`
-- 

DROP TABLE IF EXISTS `ieml_uti_onto_flux`;
CREATE TABLE `ieml_uti_onto_flux` (
  `uti_id` int(11) NOT NULL,
  `onto_flux_id` int(11) NOT NULL,
  PRIMARY KEY  (`uti_id`,`onto_flux_id`)
) ENGINE=InnoDB DEFAULT CHARSET=latin1;

-- 
-- Contenu de la table `ieml_uti_onto_flux`
-- 

INSERT INTO `ieml_uti_onto_flux` (`uti_id`, `onto_flux_id`) VALUES 
(0, 3),
(0, 11),
(0, 35),
(0, 44),
(0, 63),
(0, 67),
(0, 85),
(0, 115),
(0, 137),
(0, 145),
(0, 178),
(0, 190),
(0, 193),
(0, 204),
(0, 205),
(0, 206),
(0, 207),
(0, 208),
(0, 209),
(0, 210),
(0, 211),
(0, 212),
(0, 213),
(0, 214),
(0, 215),
(0, 216),
(0, 217),
(0, 218),
(0, 219),
(0, 220),
(0, 221),
(0, 222),
(0, 223),
(0, 224),
(0, 225),
(0, 226),
(0, 227),
(0, 228),
(0, 229),
(0, 230),
(0, 231),
(0, 232),
(0, 233),
(0, 234),
(0, 235),
(0, 236),
(0, 237),
(0, 238),
(0, 239),
(2, 1),
(2, 2),
(2, 3),
(2, 4),
(2, 5),
(2, 6),
(2, 7),
(2, 8),
(2, 9),
(2, 10),
(2, 11),
(2, 12),
(2, 13),
(2, 14),
(2, 15),
(2, 16),
(2, 17),
(2, 18),
(2, 19),
(2, 20),
(2, 21),
(2, 22),
(2, 23),
(2, 24),
(2, 25),
(2, 26),
(2, 27),
(2, 28),
(2, 29),
(2, 30),
(2, 31),
(2, 32),
(2, 33),
(2, 34),
(2, 35),
(2, 36),
(2, 37),
(2, 38),
(2, 39),
(2, 40),
(2, 41),
(2, 42),
(2, 43),
(2, 44),
(2, 45),
(2, 46),
(2, 47),
(2, 48),
(2, 49),
(2, 50),
(2, 51),
(2, 52),
(2, 53),
(2, 54),
(2, 55),
(2, 56),
(2, 57),
(2, 58),
(2, 59),
(2, 60),
(2, 61),
(2, 62),
(2, 63),
(2, 64),
(2, 65),
(2, 66),
(2, 67),
(2, 68),
(2, 69),
(2, 70),
(2, 71),
(2, 72),
(2, 73),
(2, 74),
(2, 75),
(2, 76),
(2, 77),
(2, 78),
(2, 79),
(2, 80),
(2, 81),
(2, 82),
(2, 83),
(2, 84),
(2, 85),
(2, 86),
(2, 87),
(2, 88),
(2, 89),
(2, 90),
(2, 91),
(2, 92),
(2, 93),
(2, 94),
(2, 95),
(2, 96),
(2, 97),
(2, 98),
(2, 99),
(2, 100),
(2, 101),
(2, 102),
(2, 103),
(2, 104),
(2, 105),
(2, 106),
(2, 107),
(2, 108),
(2, 109),
(2, 110),
(2, 111),
(2, 112),
(2, 113),
(2, 114),
(2, 115),
(2, 116),
(2, 117),
(2, 118),
(2, 119),
(2, 120),
(2, 121),
(2, 122),
(2, 123),
(2, 124),
(2, 125),
(2, 126),
(2, 127),
(2, 128),
(2, 129),
(2, 130),
(2, 131),
(2, 132),
(2, 133),
(2, 134),
(2, 135),
(2, 136),
(2, 137),
(2, 138),
(2, 139),
(2, 140),
(2, 141),
(2, 142),
(2, 143),
(2, 144),
(2, 145),
(2, 146),
(2, 147),
(2, 148),
(2, 149),
(2, 150),
(2, 151),
(2, 152),
(2, 153),
(2, 154),
(2, 155),
(2, 156),
(2, 157),
(2, 158),
(2, 159),
(2, 160),
(2, 161),
(2, 162),
(2, 163),
(2, 164),
(2, 165),
(2, 166),
(2, 167),
(2, 168),
(2, 169),
(2, 170),
(2, 171),
(2, 172),
(2, 173),
(2, 174),
(2, 175),
(2, 176),
(2, 177),
(2, 178),
(2, 179),
(2, 180),
(2, 181),
(2, 182),
(2, 183),
(2, 184),
(2, 185),
(2, 186),
(2, 187),
(2, 188),
(2, 189),
(2, 190),
(2, 191),
(2, 192),
(2, 193),
(2, 194),
(2, 195),
(2, 196),
(2, 197),
(2, 198),
(2, 199),
(2, 200),
(2, 201),
(2, 202),
(2, 203),
(3, 3),
(3, 11),
(3, 35),
(3, 44),
(3, 63),
(3, 67),
(3, 85),
(3, 115),
(3, 137),
(3, 145),
(3, 178),
(3, 190),
(3, 193),
(3, 204),
(3, 205),
(3, 206),
(3, 207),
(3, 208),
(3, 209),
(3, 210),
(3, 211),
(3, 212),
(3, 213),
(3, 214),
(3, 215),
(3, 216),
(3, 217),
(3, 218),
(3, 219),
(3, 220),
(3, 221),
(3, 222),
(3, 223),
(3, 224),
(3, 225),
(3, 226),
(3, 227),
(3, 228),
(3, 229),
(3, 230),
(3, 231),
(3, 232),
(3, 233),
(3, 234),
(3, 235),
(3, 236),
(3, 237),
(3, 238),
(3, 239),
(3, 487),
(3, 545),
(3, 1493),
(3, 1551),
(4, 3),
(4, 11),
(4, 35),
(4, 44),
(4, 63),
(4, 67),
(4, 85),
(4, 115),
(4, 137),
(4, 145),
(4, 178),
(4, 190),
(4, 193),
(4, 204),
(4, 205),
(4, 206),
(4, 207),
(4, 208),
(4, 209),
(4, 210),
(4, 211),
(4, 212),
(4, 213),
(4, 214),
(4, 215),
(4, 216),
(4, 217),
(4, 218),
(4, 219),
(4, 220),
(4, 221),
(4, 222),
(4, 223),
(4, 224),
(4, 225),
(4, 226),
(4, 227),
(4, 228),
(4, 229),
(4, 230),
(4, 231),
(4, 232),
(4, 233),
(4, 234),
(4, 235),
(4, 236),
(4, 237),
(4, 238),
(4, 239),
(5, 3),
(5, 10),
(5, 11),
(5, 12),
(5, 18),
(5, 23),
(5, 33),
(5, 35),
(5, 36),
(5, 38),
(5, 42),
(5, 44),
(5, 48),
(5, 50),
(5, 51),
(5, 52),
(5, 55),
(5, 57),
(5, 58),
(5, 60),
(5, 62),
(5, 63),
(5, 64),
(5, 65),
(5, 67),
(5, 68),
(5, 73),
(5, 74),
(5, 77),
(5, 79),
(5, 83),
(5, 85),
(5, 86),
(5, 91),
(5, 92),
(5, 94),
(5, 95),
(5, 97),
(5, 101),
(5, 104),
(5, 106),
(5, 107),
(5, 110),
(5, 112),
(5, 114),
(5, 115),
(5, 122),
(5, 123),
(5, 129),
(5, 135),
(5, 137),
(5, 138),
(5, 141),
(5, 142),
(5, 145),
(5, 146),
(5, 149),
(5, 152),
(5, 156),
(5, 159),
(5, 162),
(5, 167),
(5, 173),
(5, 174),
(5, 176),
(5, 178),
(5, 181),
(5, 183),
(5, 184),
(5, 189),
(5, 190),
(5, 193),
(5, 194),
(5, 195),
(5, 196),
(5, 197),
(5, 198),
(5, 199),
(5, 200),
(5, 201),
(5, 202),
(5, 203),
(5, 204),
(5, 210),
(5, 211),
(5, 213),
(5, 217),
(5, 218),
(5, 220),
(5, 221),
(5, 223),
(5, 224),
(5, 225),
(5, 226),
(5, 227),
(5, 228),
(5, 230),
(5, 231),
(5, 233),
(5, 236),
(5, 237),
(5, 239),
(5, 245),
(5, 246),
(5, 247),
(5, 248),
(5, 249),
(5, 250),
(5, 251),
(5, 252),
(5, 253),
(5, 254),
(5, 255),
(5, 256),
(5, 257),
(5, 258),
(5, 259),
(5, 260),
(5, 261),
(5, 262),
(5, 263),
(5, 264),
(5, 265),
(5, 266),
(5, 267),
(5, 268),
(5, 269),
(5, 270),
(5, 271),
(5, 272),
(5, 273),
(5, 274),
(5, 275),
(5, 276),
(5, 277),
(5, 278),
(5, 279),
(5, 280),
(5, 281),
(5, 282),
(5, 283),
(5, 284),
(5, 285),
(5, 286),
(5, 287),
(5, 288),
(5, 289),
(5, 290),
(5, 291),
(5, 292),
(5, 293),
(5, 294),
(5, 295),
(5, 296),
(5, 297),
(5, 298),
(5, 299),
(5, 300),
(5, 301),
(5, 302),
(5, 303),
(5, 304),
(5, 305),
(5, 306),
(5, 307),
(5, 308),
(5, 309),
(5, 310),
(5, 311),
(5, 312),
(5, 313),
(5, 314),
(5, 315),
(5, 316),
(5, 317),
(5, 318),
(5, 319),
(5, 320),
(5, 321),
(5, 322),
(5, 323),
(5, 324),
(5, 325),
(5, 326),
(5, 327),
(5, 328),
(5, 329),
(5, 330),
(5, 331),
(5, 332),
(5, 333),
(5, 334),
(5, 335),
(5, 336),
(5, 337),
(5, 338),
(5, 339),
(5, 340),
(5, 341),
(5, 342),
(5, 343),
(5, 344),
(5, 345),
(5, 346),
(5, 347),
(5, 348),
(5, 349),
(5, 350),
(5, 351),
(5, 352),
(5, 353),
(5, 354),
(5, 355),
(5, 356),
(5, 357),
(5, 358),
(5, 359),
(5, 360),
(5, 361),
(5, 362),
(5, 363),
(5, 364),
(5, 365),
(5, 366),
(5, 367),
(5, 368),
(5, 369),
(5, 370),
(5, 371),
(5, 372),
(5, 373),
(5, 374),
(5, 375),
(5, 376),
(5, 377),
(5, 378),
(5, 379),
(5, 380),
(5, 381),
(5, 382),
(5, 383),
(5, 384),
(5, 385),
(5, 386),
(5, 387),
(5, 388),
(5, 389),
(5, 390),
(5, 391),
(5, 392),
(5, 393),
(5, 394),
(5, 395),
(5, 396),
(5, 397),
(5, 398),
(5, 399),
(5, 400),
(5, 401),
(5, 402),
(5, 403),
(5, 404),
(5, 405),
(5, 406),
(5, 407),
(5, 408),
(5, 409),
(5, 410),
(5, 411),
(5, 412),
(5, 413),
(5, 414),
(5, 415),
(5, 416),
(5, 417),
(5, 418),
(5, 419),
(5, 420),
(5, 421),
(5, 422),
(5, 423),
(5, 424),
(5, 425),
(5, 426),
(5, 427),
(5, 428),
(5, 429),
(5, 430),
(5, 431),
(5, 432),
(5, 433),
(5, 434),
(5, 435),
(5, 436),
(5, 437),
(5, 438),
(5, 439),
(5, 440),
(5, 441),
(5, 442),
(5, 443),
(5, 444),
(5, 445),
(5, 446),
(5, 447),
(5, 448),
(5, 449),
(5, 450),
(5, 451),
(5, 452),
(5, 453),
(5, 454),
(5, 455),
(5, 456),
(5, 457),
(5, 458),
(5, 459),
(5, 460),
(5, 461),
(5, 462),
(5, 463),
(5, 464),
(5, 465),
(5, 466),
(5, 467),
(5, 468),
(5, 469),
(5, 470),
(5, 471),
(5, 472),
(5, 473),
(5, 474),
(5, 475),
(5, 476),
(5, 477),
(5, 478),
(5, 479),
(5, 480),
(5, 481),
(5, 482),
(5, 483),
(5, 484),
(5, 485),
(5, 486),
(5, 487),
(5, 488),
(5, 489),
(5, 490),
(5, 491),
(5, 492),
(5, 493),
(5, 494),
(5, 495),
(5, 496),
(5, 497),
(5, 498),
(5, 499),
(5, 500),
(5, 501),
(5, 502),
(5, 503),
(5, 504),
(5, 505),
(5, 506),
(5, 507),
(5, 508),
(5, 509),
(5, 510),
(5, 511),
(5, 512),
(5, 513),
(5, 514),
(5, 515),
(5, 516),
(5, 517),
(5, 518),
(5, 519),
(5, 520),
(5, 521),
(5, 522),
(5, 523),
(5, 524),
(5, 525),
(5, 526),
(5, 527),
(5, 528),
(5, 529),
(5, 530),
(5, 531),
(5, 532),
(5, 533),
(5, 534),
(5, 535),
(5, 536),
(5, 537),
(5, 538),
(5, 539),
(5, 540),
(5, 541),
(5, 542),
(5, 543),
(5, 544),
(5, 545),
(5, 546),
(5, 547),
(5, 548),
(5, 549),
(5, 550),
(5, 551),
(5, 552),
(5, 553),
(5, 554),
(5, 555),
(5, 556),
(5, 557),
(5, 558),
(5, 559),
(5, 560),
(5, 561),
(5, 562),
(5, 563),
(5, 564),
(5, 565),
(5, 566),
(5, 567),
(5, 568),
(5, 569),
(5, 570),
(5, 571),
(5, 572),
(5, 573),
(5, 574),
(5, 575),
(5, 576),
(5, 577),
(5, 578),
(5, 579),
(5, 580),
(5, 581),
(5, 582),
(5, 583),
(5, 584),
(5, 585),
(5, 586),
(5, 587),
(5, 588),
(5, 589),
(5, 590),
(5, 591),
(5, 592),
(5, 593),
(5, 594),
(5, 595),
(5, 596),
(5, 597),
(5, 598),
(5, 599),
(5, 600),
(5, 601),
(5, 602),
(5, 603),
(5, 604),
(5, 605),
(5, 606),
(5, 607),
(5, 608),
(5, 609),
(5, 610),
(5, 611),
(5, 612),
(5, 613),
(5, 614),
(5, 615),
(5, 616),
(5, 617),
(5, 618),
(5, 619),
(5, 620),
(5, 621),
(5, 622),
(5, 623),
(5, 624),
(5, 625),
(5, 626),
(5, 627),
(5, 628),
(5, 629),
(5, 630),
(5, 631),
(5, 632),
(5, 633),
(5, 634),
(5, 635),
(5, 636),
(5, 637),
(5, 638),
(5, 639),
(5, 640),
(5, 641),
(5, 642),
(5, 643),
(5, 644),
(5, 645),
(5, 646),
(5, 647),
(5, 648),
(5, 649),
(5, 650),
(5, 651),
(5, 652),
(5, 653),
(5, 654),
(5, 655),
(5, 656),
(5, 657),
(5, 658),
(5, 659),
(5, 660),
(5, 661),
(5, 662),
(5, 663),
(5, 664),
(5, 665),
(5, 666),
(5, 667),
(5, 668),
(5, 669),
(5, 670),
(5, 671),
(5, 672),
(5, 673),
(5, 674),
(5, 675),
(5, 676),
(5, 677),
(5, 678),
(5, 679),
(5, 680),
(5, 681),
(5, 682),
(5, 683),
(5, 684),
(5, 685),
(5, 686),
(5, 687),
(5, 688),
(5, 689),
(5, 690),
(5, 691),
(5, 692),
(5, 693),
(5, 694),
(5, 695),
(5, 696),
(5, 697),
(5, 698),
(5, 699),
(5, 700),
(5, 701),
(5, 702),
(5, 703),
(5, 704),
(5, 705),
(5, 706),
(5, 707),
(5, 708),
(5, 709),
(5, 710),
(5, 711),
(5, 712),
(5, 713),
(5, 714),
(5, 715),
(5, 716),
(5, 717),
(5, 718),
(5, 719),
(5, 720),
(5, 721),
(5, 722),
(5, 723),
(5, 724),
(5, 725),
(5, 726),
(5, 727),
(5, 728),
(5, 729),
(5, 730),
(5, 731),
(5, 732),
(5, 733),
(5, 734),
(5, 735),
(5, 736),
(5, 737),
(5, 738),
(5, 739),
(5, 740),
(5, 741),
(5, 742),
(5, 743),
(5, 744),
(5, 745),
(5, 746),
(5, 747),
(5, 748),
(5, 749),
(5, 750),
(5, 751),
(5, 752),
(5, 753),
(5, 754),
(5, 755),
(5, 756),
(5, 757),
(5, 758),
(5, 759),
(5, 760),
(5, 761),
(5, 762),
(5, 763),
(5, 764),
(5, 765),
(5, 766),
(5, 767),
(5, 768),
(5, 769),
(5, 770),
(5, 771),
(5, 772),
(5, 773),
(5, 774),
(5, 775),
(5, 776),
(5, 777),
(5, 778),
(5, 779),
(5, 780),
(5, 781),
(5, 782),
(5, 783),
(5, 784),
(5, 785),
(5, 786),
(5, 787),
(5, 788),
(5, 789),
(5, 790),
(5, 791),
(5, 792),
(5, 793),
(5, 794),
(5, 795),
(5, 796),
(5, 797),
(5, 798),
(5, 799),
(5, 800),
(5, 801),
(5, 802),
(5, 803),
(5, 804),
(5, 805),
(5, 806),
(5, 807),
(5, 808),
(5, 809),
(5, 810),
(5, 811),
(5, 812),
(5, 813),
(5, 814),
(5, 815),
(5, 816),
(5, 817),
(5, 818),
(5, 819),
(5, 820),
(5, 821),
(5, 822),
(5, 823),
(5, 824),
(5, 825),
(5, 826),
(5, 827),
(5, 828),
(5, 829),
(5, 830),
(5, 831),
(5, 832),
(5, 833),
(5, 834),
(5, 835),
(5, 836),
(5, 837),
(5, 838),
(5, 839),
(5, 840),
(5, 841),
(5, 842),
(5, 843),
(5, 844),
(5, 845),
(5, 846),
(5, 847),
(5, 848),
(5, 849),
(5, 850),
(5, 851),
(5, 852),
(5, 853),
(5, 854),
(5, 855),
(5, 856),
(5, 857),
(5, 858),
(5, 859),
(5, 860),
(5, 861),
(5, 862),
(5, 863),
(5, 864),
(5, 865),
(5, 866),
(5, 867),
(5, 868),
(5, 869),
(5, 870),
(5, 871),
(5, 872),
(5, 873),
(5, 874),
(5, 875),
(5, 876),
(5, 877),
(5, 878),
(5, 879),
(5, 880),
(5, 881),
(5, 882),
(5, 883),
(5, 884),
(5, 885),
(5, 886),
(5, 887),
(5, 888),
(5, 889),
(5, 890),
(5, 891),
(5, 892),
(5, 893),
(5, 894),
(5, 895),
(5, 896),
(5, 897),
(5, 898),
(5, 899),
(5, 900),
(5, 901),
(5, 902),
(5, 903),
(5, 904),
(5, 905),
(5, 906),
(5, 907),
(5, 908),
(5, 909),
(5, 910),
(5, 911),
(5, 912),
(5, 913),
(5, 914),
(5, 915),
(5, 916),
(5, 917),
(5, 918),
(5, 919),
(5, 920),
(5, 921),
(5, 922),
(5, 923),
(5, 924),
(5, 925),
(5, 926),
(5, 927),
(5, 928),
(5, 929),
(5, 930),
(5, 931),
(5, 932),
(5, 933),
(5, 934),
(5, 935),
(5, 936),
(5, 937),
(5, 938),
(5, 939),
(5, 940),
(5, 941),
(5, 942),
(5, 943),
(5, 944),
(5, 945),
(5, 946),
(5, 947),
(5, 948),
(5, 949),
(5, 950),
(5, 951),
(5, 952),
(5, 953),
(5, 954),
(5, 955),
(5, 956),
(5, 957),
(5, 958),
(5, 959),
(5, 960),
(5, 961),
(5, 962),
(5, 963),
(5, 964),
(5, 965),
(5, 966),
(5, 967),
(5, 968),
(5, 969),
(5, 970),
(5, 971),
(5, 972),
(5, 973),
(5, 974),
(5, 975),
(5, 976),
(5, 977),
(5, 978),
(5, 979),
(5, 980),
(5, 981),
(5, 982),
(5, 983),
(5, 984),
(5, 985),
(5, 986),
(5, 987),
(5, 988),
(5, 989),
(5, 990),
(5, 991),
(5, 992),
(5, 993),
(5, 994),
(5, 995),
(5, 996),
(5, 997),
(5, 998),
(5, 999),
(5, 1000),
(5, 1001),
(5, 1002),
(5, 1003),
(5, 1004),
(5, 1005),
(5, 1006),
(5, 1007),
(5, 1008),
(5, 1009),
(5, 1010),
(5, 1011),
(5, 1012),
(5, 1013),
(5, 1014),
(5, 1015),
(5, 1016),
(5, 1017),
(5, 1018),
(5, 1019),
(5, 1020),
(5, 1021),
(5, 1022),
(5, 1023),
(5, 1024),
(5, 1025),
(5, 1026),
(5, 1027),
(5, 1028),
(5, 1029),
(5, 1030),
(5, 1031),
(5, 1032),
(5, 1033),
(5, 1034),
(5, 1035),
(5, 1036),
(5, 1037),
(5, 1038),
(5, 1039),
(5, 1040),
(5, 1041),
(5, 1042),
(5, 1043),
(5, 1044),
(5, 1045),
(5, 1046),
(5, 1047),
(5, 1048),
(5, 1049),
(5, 1050),
(5, 1051),
(5, 1052),
(5, 1053),
(5, 1054),
(5, 1055),
(5, 1056),
(5, 1057),
(5, 1058),
(5, 1059),
(5, 1060),
(5, 1061),
(5, 1062),
(5, 1063),
(5, 1064),
(5, 1065),
(5, 1066),
(5, 1067),
(5, 1068),
(5, 1069),
(5, 1070),
(5, 1071),
(5, 1072),
(5, 1073),
(5, 1074),
(5, 1075),
(5, 1076),
(5, 1077),
(5, 1078),
(5, 1079),
(5, 1080),
(5, 1081),
(5, 1082),
(5, 1083),
(5, 1084),
(5, 1085),
(5, 1086),
(5, 1087),
(5, 1088),
(5, 1089),
(5, 1090),
(5, 1091),
(5, 1092),
(5, 1093),
(5, 1094),
(5, 1095),
(5, 1096),
(5, 1097),
(5, 1098),
(5, 1099),
(5, 1100),
(5, 1101),
(5, 1102),
(5, 1103),
(5, 1104),
(5, 1105),
(5, 1106),
(5, 1107),
(5, 1108),
(5, 1109),
(5, 1110),
(5, 1111),
(5, 1112),
(5, 1113),
(5, 1114),
(5, 1115),
(5, 1116),
(5, 1117),
(5, 1118),
(5, 1119),
(5, 1120),
(5, 1121),
(5, 1122),
(5, 1123),
(5, 1124),
(5, 1125),
(5, 1126),
(5, 1127),
(5, 1128),
(5, 1129),
(5, 1130),
(5, 1131),
(5, 1132),
(5, 1133),
(5, 1134),
(5, 1135),
(5, 1136),
(5, 1137),
(5, 1138),
(5, 1139),
(5, 1140),
(5, 1141),
(5, 1142),
(5, 1143),
(5, 1144),
(5, 1145),
(5, 1146),
(5, 1147),
(5, 1148),
(5, 1149),
(5, 1150),
(5, 1151),
(5, 1152),
(5, 1153),
(5, 1154),
(5, 1155),
(5, 1156),
(5, 1157),
(5, 1158),
(5, 1159),
(5, 1160),
(5, 1161),
(5, 1162),
(5, 1163),
(5, 1164),
(5, 1165),
(5, 1166),
(5, 1167),
(5, 1168),
(5, 1169),
(5, 1170),
(5, 1171),
(5, 1172),
(5, 1173),
(5, 1174),
(5, 1175),
(5, 1176),
(5, 1177),
(5, 1178),
(5, 1179),
(5, 1180),
(5, 1181),
(5, 1182),
(5, 1183),
(5, 1184),
(5, 1185),
(5, 1186),
(5, 1187),
(5, 1188),
(5, 1189),
(5, 1190),
(5, 1191),
(5, 1192),
(5, 1193),
(5, 1194),
(5, 1195),
(5, 1196),
(5, 1197),
(5, 1198),
(5, 1199),
(5, 1200),
(5, 1201),
(5, 1202),
(5, 1203),
(5, 1204),
(5, 1205),
(5, 1206),
(5, 1207),
(5, 1208),
(5, 1209),
(5, 1210),
(5, 1211),
(5, 1212),
(5, 1213),
(5, 1214),
(5, 1215),
(5, 1216),
(5, 1217),
(5, 1218),
(5, 1219),
(5, 1220),
(5, 1221),
(5, 1222),
(5, 1223),
(5, 1224),
(5, 1225),
(5, 1226),
(5, 1227),
(5, 1228),
(5, 1229),
(5, 1230),
(5, 1231),
(5, 1232),
(5, 1233),
(5, 1234),
(5, 1235),
(5, 1236),
(5, 1237),
(5, 1238),
(5, 1239),
(5, 1240),
(5, 1241),
(5, 1242),
(5, 1243),
(5, 1244),
(5, 1245),
(5, 1246),
(5, 1247),
(5, 1248),
(5, 1249),
(5, 1250),
(5, 1251),
(5, 1252),
(5, 1253),
(5, 1254),
(5, 1255),
(5, 1256),
(5, 1257),
(5, 1258),
(5, 1259),
(5, 1260),
(5, 1261),
(5, 1262),
(5, 1263),
(5, 1264),
(5, 1265),
(5, 1266),
(5, 1267),
(5, 1268),
(5, 1269),
(5, 1270),
(5, 1271),
(5, 1272),
(5, 1273),
(5, 1274),
(5, 1275),
(5, 1276),
(5, 1277),
(5, 1278),
(5, 1279),
(5, 1280),
(5, 1281),
(5, 1282),
(5, 1283),
(5, 1284),
(5, 1285),
(5, 1286),
(5, 1287),
(5, 1288),
(5, 1289),
(5, 1290),
(5, 1291),
(5, 1292),
(5, 1293),
(5, 1294),
(5, 1295),
(5, 1296),
(5, 1297),
(5, 1298),
(5, 1299),
(5, 1300),
(5, 1301),
(5, 1302),
(5, 1303),
(5, 1304),
(5, 1305),
(5, 1306),
(5, 1307),
(5, 1308),
(5, 1309),
(5, 1310),
(5, 1311),
(5, 1312),
(5, 1313),
(5, 1314),
(5, 1315),
(5, 1316),
(5, 1317),
(5, 1318),
(5, 1319),
(5, 1320),
(5, 1321),
(5, 1322),
(5, 1323),
(5, 1324),
(5, 1325),
(5, 1326),
(5, 1327),
(5, 1328),
(5, 1329),
(5, 1330),
(5, 1331),
(5, 1332),
(5, 1333),
(5, 1334),
(5, 1335),
(5, 1336),
(5, 1337),
(5, 1338),
(5, 1339),
(5, 1340),
(5, 1341),
(5, 1342),
(5, 1343),
(5, 1344),
(5, 1345),
(5, 1346),
(5, 1347),
(5, 1348),
(5, 1349),
(5, 1350),
(5, 1351),
(5, 1352),
(5, 1353),
(5, 1354),
(5, 1355),
(5, 1356),
(5, 1357),
(5, 1358),
(5, 1359),
(5, 1360),
(5, 1361),
(5, 1362),
(5, 1363),
(5, 1364),
(5, 1365),
(5, 1366),
(5, 1367),
(5, 1368),
(5, 1369),
(5, 1370),
(5, 1371),
(5, 1372),
(5, 1373),
(5, 1374),
(5, 1375),
(5, 1376),
(5, 1377),
(5, 1378),
(5, 1379),
(5, 1380),
(5, 1381),
(5, 1382),
(5, 1383),
(5, 1384),
(5, 1385),
(5, 1386),
(5, 1387),
(5, 1388),
(5, 1389),
(5, 1390),
(5, 1391),
(5, 1392),
(5, 1393),
(5, 1394),
(5, 1395),
(5, 1396),
(5, 1397),
(5, 1398),
(5, 1399),
(5, 1400),
(5, 1401),
(5, 1402),
(5, 1403),
(5, 1404),
(5, 1405),
(5, 1406),
(5, 1407),
(5, 1408),
(5, 1409),
(5, 1410),
(5, 1411),
(5, 1412),
(5, 1413),
(5, 1414),
(5, 1415),
(5, 1416),
(5, 1417),
(5, 1418),
(5, 1419),
(5, 1420),
(5, 1421),
(5, 1422),
(5, 1423),
(5, 1424),
(5, 1425),
(5, 1426),
(5, 1427),
(5, 1428),
(5, 1429),
(5, 1430),
(5, 1431),
(5, 1432),
(5, 1433),
(5, 1434),
(5, 1435),
(5, 1436),
(5, 1437),
(5, 1438),
(5, 1439),
(5, 1440),
(5, 1441),
(5, 1442),
(5, 1443),
(5, 1444),
(5, 1445),
(5, 1446),
(5, 1447),
(5, 1448),
(5, 1449),
(5, 1450),
(5, 1451),
(5, 1452),
(5, 1453),
(5, 1454),
(5, 1455),
(5, 1456),
(5, 1457),
(5, 1458),
(5, 1459),
(5, 1460),
(5, 1461),
(5, 1462),
(5, 1463),
(5, 1464),
(5, 1465),
(5, 1466),
(5, 1467),
(5, 1468),
(5, 1469),
(5, 1470),
(5, 1471),
(5, 1472),
(5, 1473),
(5, 1474),
(5, 1475),
(5, 1476),
(5, 1477),
(5, 1478),
(5, 1479),
(5, 1480),
(5, 1481),
(5, 1482),
(5, 1483),
(5, 1484),
(5, 1485),
(5, 1486),
(5, 1487),
(5, 1488),
(5, 1489),
(5, 1490),
(5, 1491),
(5, 1492),
(5, 1493),
(5, 1494),
(5, 1495),
(5, 1496),
(5, 1497),
(5, 1498),
(5, 1499),
(5, 1500),
(5, 1501),
(5, 1502),
(5, 1503),
(5, 1504),
(5, 1505),
(5, 1506),
(5, 1507),
(5, 1508),
(5, 1509),
(5, 1510),
(5, 1511),
(5, 1512),
(5, 1513),
(5, 1514),
(5, 1515),
(5, 1516),
(5, 1517),
(5, 1518),
(5, 1519),
(5, 1520),
(5, 1521),
(5, 1522),
(5, 1523),
(5, 1524),
(5, 1525),
(5, 1526),
(5, 1527),
(5, 1528),
(5, 1529),
(5, 1530),
(5, 1531),
(5, 1532),
(5, 1533),
(5, 1534),
(5, 1535),
(5, 1536),
(5, 1537),
(5, 1538),
(5, 1539),
(5, 1540),
(5, 1541),
(5, 1542),
(5, 1545);
