-- phpMyAdmin SQL Dump
-- version 2.11.6
-- http://www.phpmyadmin.net
--
-- Serveur: localhost
-- Généré le : Mar 24 Mars 2009 à 10:58
-- Version du serveur: 5.0.51
-- Version de PHP: 5.2.6

SET SQL_MODE="NO_AUTO_VALUE_ON_ZERO";


/*!40101 SET @OLD_CHARACTER_SET_CLIENT=@@CHARACTER_SET_CLIENT */;
/*!40101 SET @OLD_CHARACTER_SET_RESULTS=@@CHARACTER_SET_RESULTS */;
/*!40101 SET @OLD_COLLATION_CONNECTION=@@COLLATION_CONNECTION */;
/*!40101 SET NAMES utf8 */;

--
-- Base de données: `ieml_evalactisem`
--

-- --------------------------------------------------------

--
-- Structure de la table `ieml_acti`
--

DROP TABLE IF EXISTS `ieml_acti`;
CREATE TABLE `ieml_acti` (
  `acti_id` int(11) NOT NULL auto_increment,
  `acti_code` text NOT NULL,
  `acti_desc` varchar(255) NOT NULL,
  PRIMARY KEY  (`acti_id`)
) ENGINE=InnoDB  DEFAULT CHARSET=latin1 AUTO_INCREMENT=8 ;

--
-- Contenu de la table `ieml_acti`
--

INSERT INTO `ieml_acti` (`acti_id`, `acti_code`, `acti_desc`) VALUES
(1, 'RAT', 'recuperation des tags delicious'),
(2, 'RB', 'recuperation des bundles delicious'),
(3, 'RP', 'recuperation d''un post delicious'),
(4, 'RAP', 'recuperation de tous les posts delicious'),
(5, 'RRP', 'recuperation des  posts recentes delicious '),
(6, 'AddTrad', 'Ajout d''une traduction '),
(7, 'DelTrad', 'suppression ''ine traduction ');

-- --------------------------------------------------------

--
-- Structure de la table `ieml_acti_uti`
--

DROP TABLE IF EXISTS `ieml_acti_uti`;
CREATE TABLE `ieml_acti_uti` (
  `id_acti_uti` int(11) NOT NULL auto_increment,
  `acti_id` int(10) NOT NULL,
  `uti_id` int(10) NOT NULL,
  `date` datetime NOT NULL,
  PRIMARY KEY  (`id_acti_uti`)
) ENGINE=InnoDB  DEFAULT CHARSET=latin1 AUTO_INCREMENT=1383 ;

--
-- Contenu de la table `ieml_acti_uti`
--

INSERT INTO `ieml_acti_uti` (`id_acti_uti`, `acti_id`, `uti_id`, `date`) VALUES
(1, 6, 1, '2009-03-11 20:08:09'),
(2, 6, 1, '2009-03-11 20:08:12'),
(3, 6, 1, '2009-03-11 20:08:16'),
(4, 1, 4, '2009-03-11 20:08:19'),
(5, 6, 1, '2009-03-11 20:08:28'),
(6, 6, 1, '2009-03-11 20:08:30'),
(7, 6, 1, '2009-03-11 20:09:03'),
(8, 6, 1, '2009-03-11 20:09:07'),
(9, 6, 1, '2009-03-11 20:09:09'),
(10, 6, 1, '2009-03-11 20:09:11'),
(11, 6, 1, '2009-03-11 20:09:12'),
(12, 6, 1, '2009-03-11 20:09:13'),
(13, 6, 1, '2009-03-11 20:09:14'),
(14, 6, 1, '2009-03-11 20:09:15'),
(15, 6, 1, '2009-03-11 20:09:16'),
(16, 6, 1, '2009-03-11 20:09:17'),
(17, 6, 1, '2009-03-11 20:09:19'),
(18, 6, 1, '2009-03-11 20:09:29'),
(19, 6, 1, '2009-03-11 20:09:36'),
(20, 6, 1, '2009-03-11 20:09:37'),
(21, 6, 1, '2009-03-11 20:09:40'),
(22, 6, 1, '2009-03-11 20:09:45'),
(23, 6, 1, '2009-03-11 20:09:50'),
(24, 6, 1, '2009-03-11 20:09:51'),
(25, 6, 1, '2009-03-11 20:09:52'),
(26, 6, 1, '2009-03-11 20:09:56'),
(27, 6, 1, '2009-03-11 20:11:44'),
(28, 6, 1, '2009-03-11 20:11:46'),
(29, 6, 1, '2009-03-11 20:13:18'),
(30, 6, 1, '2009-03-11 20:13:20'),
(31, 6, 1, '2009-03-11 20:18:34'),
(32, 6, 1, '2009-03-11 20:18:35'),
(33, 6, 1, '2009-03-11 20:19:24'),
(34, 6, 1, '2009-03-11 20:19:30'),
(35, 6, 1, '2009-03-11 20:19:32'),
(36, 1, 4, '2009-03-11 20:21:12'),
(37, 6, 1, '2009-03-11 20:22:10'),
(38, 6, 1, '2009-03-11 20:22:12'),
(39, 6, 1, '2009-03-11 20:22:46'),
(40, 6, 1, '2009-03-11 20:22:49'),
(41, 6, 1, '2009-03-11 20:22:52'),
(42, 6, 1, '2009-03-11 20:22:53'),
(43, 6, 1, '2009-03-11 20:22:55'),
(44, 6, 1, '2009-03-11 20:22:55'),
(45, 6, 1, '2009-03-11 20:22:57'),
(46, 6, 1, '2009-03-11 20:22:58'),
(47, 6, 1, '2009-03-11 20:22:58'),
(48, 6, 1, '2009-03-11 20:23:00'),
(49, 6, 1, '2009-03-11 20:23:01'),
(50, 6, 1, '2009-03-11 20:23:12'),
(51, 6, 1, '2009-03-11 20:23:19'),
(52, 6, 1, '2009-03-11 20:23:20'),
(53, 6, 1, '2009-03-11 20:23:25'),
(54, 6, 1, '2009-03-11 20:23:30'),
(55, 6, 1, '2009-03-11 20:23:35'),
(56, 6, 1, '2009-03-11 20:23:37'),
(57, 6, 1, '2009-03-11 20:23:37'),
(58, 6, 1, '2009-03-11 20:23:42'),
(59, 6, 1, '2009-03-11 20:31:34'),
(60, 6, 1, '2009-03-11 20:31:35'),
(61, 6, 1, '2009-03-11 20:31:36'),
(62, 6, 1, '2009-03-11 20:31:36'),
(63, 6, 1, '2009-03-11 20:31:37'),
(64, 6, 1, '2009-03-11 20:31:37'),
(65, 6, 1, '2009-03-11 20:31:38'),
(66, 6, 1, '2009-03-11 20:31:38'),
(67, 6, 1, '2009-03-11 20:31:39'),
(68, 6, 1, '2009-03-11 20:31:39'),
(69, 6, 1, '2009-03-11 20:31:40'),
(70, 6, 1, '2009-03-11 20:31:40'),
(71, 6, 1, '2009-03-11 20:31:40'),
(72, 6, 1, '2009-03-11 20:31:41'),
(73, 6, 1, '2009-03-11 20:31:41'),
(74, 6, 1, '2009-03-11 20:31:42'),
(75, 6, 1, '2009-03-11 20:31:42'),
(76, 6, 1, '2009-03-11 20:31:43'),
(77, 6, 1, '2009-03-11 20:31:43'),
(78, 6, 1, '2009-03-11 20:31:43'),
(79, 6, 1, '2009-03-11 20:31:44'),
(80, 6, 1, '2009-03-11 20:31:44'),
(81, 6, 1, '2009-03-11 20:31:45'),
(82, 6, 1, '2009-03-11 20:31:45'),
(83, 6, 1, '2009-03-11 20:31:45'),
(84, 6, 1, '2009-03-11 20:31:46'),
(85, 6, 1, '2009-03-11 20:31:46'),
(86, 6, 1, '2009-03-11 20:31:47'),
(87, 6, 1, '2009-03-11 20:31:47'),
(88, 6, 1, '2009-03-11 20:31:48'),
(89, 6, 1, '2009-03-11 20:31:48'),
(90, 6, 1, '2009-03-11 20:31:48'),
(91, 6, 1, '2009-03-11 20:31:49'),
(92, 6, 1, '2009-03-11 20:31:49'),
(93, 6, 1, '2009-03-11 20:31:50'),
(94, 6, 1, '2009-03-11 20:31:50'),
(95, 6, 1, '2009-03-11 20:31:50'),
(96, 6, 1, '2009-03-11 20:31:51'),
(97, 6, 1, '2009-03-11 20:31:51'),
(98, 6, 1, '2009-03-11 20:31:52'),
(99, 6, 1, '2009-03-11 20:31:52'),
(100, 6, 1, '2009-03-11 20:31:52'),
(101, 6, 1, '2009-03-11 20:31:53'),
(102, 6, 1, '2009-03-11 20:31:53'),
(103, 6, 1, '2009-03-11 20:31:54'),
(104, 6, 1, '2009-03-11 20:31:54'),
(105, 6, 1, '2009-03-11 20:31:54'),
(106, 6, 1, '2009-03-11 20:31:55'),
(107, 6, 1, '2009-03-11 20:31:55'),
(108, 6, 1, '2009-03-11 20:31:56'),
(109, 6, 1, '2009-03-11 20:31:56'),
(110, 6, 1, '2009-03-11 20:31:56'),
(111, 6, 1, '2009-03-11 20:31:57'),
(112, 6, 1, '2009-03-11 20:31:57'),
(113, 6, 1, '2009-03-11 20:31:58'),
(114, 6, 1, '2009-03-11 20:31:58'),
(115, 6, 1, '2009-03-11 20:31:58'),
(116, 6, 1, '2009-03-11 20:31:59'),
(117, 6, 1, '2009-03-11 20:31:59'),
(118, 6, 1, '2009-03-11 20:32:00'),
(119, 6, 1, '2009-03-11 20:32:00'),
(120, 6, 1, '2009-03-11 20:32:00'),
(121, 6, 1, '2009-03-11 20:32:01'),
(122, 6, 1, '2009-03-11 20:32:01'),
(123, 6, 1, '2009-03-11 20:32:02'),
(124, 6, 1, '2009-03-11 20:32:02'),
(125, 6, 1, '2009-03-11 20:32:02'),
(126, 6, 1, '2009-03-11 20:32:03'),
(127, 6, 1, '2009-03-11 20:32:03'),
(128, 6, 1, '2009-03-11 20:32:04'),
(129, 6, 1, '2009-03-11 20:32:04'),
(130, 6, 1, '2009-03-11 20:32:05'),
(131, 6, 1, '2009-03-11 20:32:05'),
(132, 6, 1, '2009-03-11 20:32:05'),
(133, 6, 1, '2009-03-11 20:32:06'),
(134, 6, 1, '2009-03-11 20:32:06'),
(135, 6, 1, '2009-03-11 20:32:07'),
(136, 6, 1, '2009-03-11 20:32:07'),
(137, 6, 1, '2009-03-11 20:32:07'),
(138, 6, 1, '2009-03-11 20:32:08'),
(139, 6, 1, '2009-03-11 20:32:08'),
(140, 6, 1, '2009-03-11 20:32:09'),
(141, 6, 1, '2009-03-11 20:32:09'),
(142, 6, 1, '2009-03-11 20:32:10'),
(143, 6, 1, '2009-03-11 20:32:10'),
(144, 6, 1, '2009-03-11 20:32:10'),
(145, 6, 1, '2009-03-11 20:32:12'),
(146, 6, 1, '2009-03-11 20:32:16'),
(147, 6, 1, '2009-03-11 20:32:18'),
(148, 6, 1, '2009-03-11 20:32:19'),
(149, 6, 1, '2009-03-11 20:32:20'),
(150, 6, 1, '2009-03-11 20:32:20'),
(151, 6, 1, '2009-03-11 20:32:21'),
(152, 6, 1, '2009-03-11 20:32:21'),
(153, 6, 1, '2009-03-11 20:32:22'),
(154, 6, 1, '2009-03-11 20:32:24'),
(155, 6, 1, '2009-03-11 20:32:24'),
(156, 6, 1, '2009-03-11 20:32:25'),
(157, 6, 1, '2009-03-11 20:32:26'),
(158, 6, 1, '2009-03-11 20:32:27'),
(159, 6, 1, '2009-03-11 20:32:27'),
(160, 6, 1, '2009-03-11 20:32:28'),
(161, 6, 1, '2009-03-11 20:32:29'),
(162, 6, 1, '2009-03-11 20:32:29'),
(163, 6, 1, '2009-03-11 20:32:29'),
(164, 6, 1, '2009-03-11 20:32:30'),
(165, 6, 1, '2009-03-11 20:32:30'),
(166, 6, 1, '2009-03-11 20:32:31'),
(167, 6, 1, '2009-03-11 20:32:31'),
(168, 6, 1, '2009-03-11 20:32:31'),
(169, 6, 1, '2009-03-11 20:32:32'),
(170, 6, 1, '2009-03-11 20:32:32'),
(171, 6, 1, '2009-03-11 20:32:33'),
(172, 6, 1, '2009-03-11 20:32:33'),
(173, 6, 1, '2009-03-11 20:32:34'),
(174, 6, 1, '2009-03-11 20:32:34'),
(175, 6, 1, '2009-03-11 20:32:34'),
(176, 6, 1, '2009-03-11 20:32:35'),
(177, 6, 1, '2009-03-11 20:32:35'),
(178, 6, 1, '2009-03-11 20:32:36'),
(179, 6, 1, '2009-03-11 20:32:36'),
(180, 6, 1, '2009-03-11 20:32:36'),
(181, 6, 1, '2009-03-11 20:32:39'),
(182, 6, 1, '2009-03-11 20:32:39'),
(183, 6, 1, '2009-03-11 20:32:40'),
(184, 6, 1, '2009-03-11 20:32:40'),
(185, 6, 1, '2009-03-11 20:32:41'),
(186, 6, 1, '2009-03-11 20:32:41'),
(187, 6, 1, '2009-03-11 20:32:41'),
(188, 6, 1, '2009-03-11 20:32:42'),
(189, 6, 1, '2009-03-11 20:32:42'),
(190, 6, 1, '2009-03-11 20:32:43'),
(191, 6, 1, '2009-03-11 20:32:43'),
(192, 6, 1, '2009-03-11 20:32:43'),
(193, 6, 1, '2009-03-11 20:32:44'),
(194, 6, 1, '2009-03-11 20:32:44'),
(195, 6, 1, '2009-03-11 20:32:47'),
(196, 6, 1, '2009-03-11 20:32:47'),
(197, 1, 4, '2009-03-11 20:35:25'),
(198, 1, 4, '2009-03-11 20:38:43'),
(199, 1, 4, '2009-03-11 20:40:43'),
(200, 6, 1, '2009-03-11 20:43:44'),
(201, 6, 1, '2009-03-11 20:43:45'),
(202, 6, 1, '2009-03-11 20:43:46'),
(203, 6, 1, '2009-03-11 20:43:46'),
(204, 6, 1, '2009-03-11 20:43:47'),
(205, 6, 1, '2009-03-11 20:43:47'),
(206, 6, 1, '2009-03-11 20:43:48'),
(207, 6, 1, '2009-03-11 20:43:48'),
(208, 6, 1, '2009-03-11 20:43:48'),
(209, 6, 1, '2009-03-11 20:43:49'),
(210, 6, 1, '2009-03-11 20:43:49'),
(211, 6, 1, '2009-03-11 20:43:50'),
(212, 6, 1, '2009-03-11 20:43:50'),
(213, 6, 1, '2009-03-11 20:43:50'),
(214, 6, 1, '2009-03-11 20:43:51'),
(215, 6, 1, '2009-03-11 20:43:51'),
(216, 6, 1, '2009-03-11 20:43:52'),
(217, 6, 1, '2009-03-11 20:43:52'),
(218, 6, 1, '2009-03-11 20:43:52'),
(219, 6, 1, '2009-03-11 20:43:53'),
(220, 6, 1, '2009-03-11 20:43:53'),
(221, 6, 1, '2009-03-11 20:43:54'),
(222, 6, 1, '2009-03-11 20:43:54'),
(223, 6, 1, '2009-03-11 20:43:54'),
(224, 6, 1, '2009-03-11 20:43:55'),
(225, 6, 1, '2009-03-11 20:43:55'),
(226, 6, 1, '2009-03-11 20:43:56'),
(227, 6, 1, '2009-03-11 20:43:56'),
(228, 6, 1, '2009-03-11 20:43:56'),
(229, 6, 1, '2009-03-11 20:43:57'),
(230, 6, 1, '2009-03-11 20:43:57'),
(231, 6, 1, '2009-03-11 20:43:58'),
(232, 6, 1, '2009-03-11 20:43:58'),
(233, 6, 1, '2009-03-11 20:43:58'),
(234, 6, 1, '2009-03-11 20:43:59'),
(235, 6, 1, '2009-03-11 20:43:59'),
(236, 6, 1, '2009-03-11 20:44:00'),
(237, 6, 1, '2009-03-11 20:44:00'),
(238, 6, 1, '2009-03-11 20:44:00'),
(239, 6, 1, '2009-03-11 20:44:01'),
(240, 6, 1, '2009-03-11 20:44:01'),
(241, 6, 1, '2009-03-11 20:44:02'),
(242, 6, 1, '2009-03-11 20:44:02'),
(243, 6, 1, '2009-03-11 20:44:03'),
(244, 6, 1, '2009-03-11 20:44:03'),
(245, 6, 1, '2009-03-11 20:44:03'),
(246, 6, 1, '2009-03-11 20:44:04'),
(247, 6, 1, '2009-03-11 20:44:04'),
(248, 6, 1, '2009-03-11 20:44:05'),
(249, 6, 1, '2009-03-11 20:44:05'),
(250, 6, 1, '2009-03-11 20:44:05'),
(251, 6, 1, '2009-03-11 20:44:06'),
(252, 6, 1, '2009-03-11 20:44:06'),
(253, 6, 1, '2009-03-11 20:44:07'),
(254, 6, 1, '2009-03-11 20:44:07'),
(255, 6, 1, '2009-03-11 20:44:07'),
(256, 6, 1, '2009-03-11 20:44:08'),
(257, 6, 1, '2009-03-11 20:44:08'),
(258, 6, 1, '2009-03-11 20:44:09'),
(259, 6, 1, '2009-03-11 20:44:09'),
(260, 6, 1, '2009-03-11 20:44:09'),
(261, 6, 1, '2009-03-11 20:44:10'),
(262, 6, 1, '2009-03-11 20:44:10'),
(263, 6, 1, '2009-03-11 20:44:11'),
(264, 6, 1, '2009-03-11 20:44:11'),
(265, 6, 1, '2009-03-11 20:44:11'),
(266, 6, 1, '2009-03-11 20:44:12'),
(267, 6, 1, '2009-03-11 20:44:12'),
(268, 6, 1, '2009-03-11 20:44:13'),
(269, 6, 1, '2009-03-11 20:44:13'),
(270, 6, 1, '2009-03-11 20:44:13'),
(271, 6, 1, '2009-03-11 20:44:14'),
(272, 6, 1, '2009-03-11 20:44:14'),
(273, 6, 1, '2009-03-11 20:44:15'),
(274, 6, 1, '2009-03-11 20:44:15'),
(275, 6, 1, '2009-03-11 20:44:15'),
(276, 6, 1, '2009-03-11 20:44:16'),
(277, 6, 1, '2009-03-11 20:44:16'),
(278, 6, 1, '2009-03-11 20:44:17'),
(279, 6, 1, '2009-03-11 20:44:17'),
(280, 6, 1, '2009-03-11 20:44:17'),
(281, 6, 1, '2009-03-11 20:44:18'),
(282, 6, 1, '2009-03-11 20:44:18'),
(283, 6, 1, '2009-03-11 20:44:19'),
(284, 6, 1, '2009-03-11 20:44:19'),
(285, 6, 1, '2009-03-11 20:44:19'),
(286, 6, 1, '2009-03-11 20:44:21'),
(287, 6, 1, '2009-03-11 20:44:25'),
(288, 6, 1, '2009-03-11 20:44:27'),
(289, 6, 1, '2009-03-11 20:44:28'),
(290, 6, 1, '2009-03-11 20:44:29'),
(291, 6, 1, '2009-03-11 20:44:29'),
(292, 6, 1, '2009-03-11 20:44:30'),
(293, 6, 1, '2009-03-11 20:44:30'),
(294, 6, 1, '2009-03-11 20:44:31'),
(295, 6, 1, '2009-03-11 20:44:33'),
(296, 6, 1, '2009-03-11 20:44:33'),
(297, 6, 1, '2009-03-11 20:44:34'),
(298, 6, 1, '2009-03-11 20:44:36'),
(299, 6, 1, '2009-03-11 20:44:36'),
(300, 6, 1, '2009-03-11 20:44:36'),
(301, 6, 1, '2009-03-11 20:44:37'),
(302, 6, 1, '2009-03-11 20:44:38'),
(303, 6, 1, '2009-03-11 20:44:38'),
(304, 6, 1, '2009-03-11 20:44:38'),
(305, 6, 1, '2009-03-11 20:44:39'),
(306, 6, 1, '2009-03-11 20:44:39'),
(307, 6, 1, '2009-03-11 20:44:40'),
(308, 6, 1, '2009-03-11 20:44:40'),
(309, 6, 1, '2009-03-11 20:44:40'),
(310, 6, 1, '2009-03-11 20:44:41'),
(311, 6, 1, '2009-03-11 20:44:41'),
(312, 6, 1, '2009-03-11 20:44:42'),
(313, 6, 1, '2009-03-11 20:44:42'),
(314, 6, 1, '2009-03-11 20:44:42'),
(315, 6, 1, '2009-03-11 20:44:43'),
(316, 6, 1, '2009-03-11 20:44:43'),
(317, 6, 1, '2009-03-11 20:44:44'),
(318, 6, 1, '2009-03-11 20:44:44'),
(319, 6, 1, '2009-03-11 20:44:45'),
(320, 6, 1, '2009-03-11 20:44:45'),
(321, 6, 1, '2009-03-11 20:44:45'),
(322, 6, 1, '2009-03-11 20:44:48'),
(323, 6, 1, '2009-03-11 20:44:48'),
(324, 6, 1, '2009-03-11 20:44:49'),
(325, 6, 1, '2009-03-11 20:44:49'),
(326, 6, 1, '2009-03-11 20:44:50'),
(327, 6, 1, '2009-03-11 20:44:50'),
(328, 6, 1, '2009-03-11 20:44:50'),
(329, 6, 1, '2009-03-11 20:44:51'),
(330, 6, 1, '2009-03-11 20:44:51'),
(331, 6, 1, '2009-03-11 20:44:52'),
(332, 6, 1, '2009-03-11 20:44:52'),
(333, 6, 1, '2009-03-11 20:44:52'),
(334, 6, 1, '2009-03-11 20:44:53'),
(335, 6, 1, '2009-03-11 20:44:53'),
(336, 6, 1, '2009-03-11 20:44:56'),
(337, 6, 1, '2009-03-11 20:44:56'),
(338, 6, 1, '2009-03-11 20:44:57'),
(339, 6, 1, '2009-03-11 20:44:57'),
(340, 6, 1, '2009-03-11 20:44:58'),
(341, 6, 1, '2009-03-11 20:45:00'),
(342, 6, 1, '2009-03-11 20:45:01'),
(343, 6, 1, '2009-03-11 20:45:04'),
(344, 6, 1, '2009-03-11 20:45:05'),
(345, 6, 1, '2009-03-11 20:45:05'),
(346, 6, 1, '2009-03-11 20:45:06'),
(347, 6, 1, '2009-03-11 20:45:06'),
(348, 6, 1, '2009-03-11 20:45:07'),
(349, 6, 1, '2009-03-11 20:45:07'),
(350, 6, 1, '2009-03-11 20:45:07'),
(351, 6, 1, '2009-03-11 20:45:08'),
(352, 6, 1, '2009-03-11 20:45:10'),
(353, 6, 1, '2009-03-11 20:45:11'),
(354, 6, 1, '2009-03-11 20:45:11'),
(355, 6, 1, '2009-03-11 20:45:12'),
(356, 6, 1, '2009-03-11 20:45:12'),
(357, 6, 1, '2009-03-11 20:45:13'),
(358, 6, 1, '2009-03-11 20:45:13'),
(359, 6, 1, '2009-03-11 20:45:13'),
(360, 6, 1, '2009-03-11 20:45:14'),
(361, 6, 1, '2009-03-11 20:45:16'),
(362, 6, 1, '2009-03-11 20:45:17'),
(363, 6, 1, '2009-03-11 20:45:17'),
(364, 6, 1, '2009-03-11 20:45:18'),
(365, 6, 1, '2009-03-11 20:45:18'),
(366, 6, 1, '2009-03-11 20:45:18'),
(367, 6, 1, '2009-03-11 20:45:19'),
(368, 6, 1, '2009-03-11 20:45:19'),
(369, 6, 1, '2009-03-11 20:45:20'),
(370, 6, 1, '2009-03-11 20:45:20'),
(371, 6, 1, '2009-03-11 20:45:20'),
(372, 6, 1, '2009-03-11 20:45:21'),
(373, 6, 1, '2009-03-11 20:45:21'),
(374, 6, 1, '2009-03-11 20:45:22'),
(375, 6, 1, '2009-03-11 20:45:22'),
(376, 6, 1, '2009-03-11 20:45:22'),
(377, 6, 1, '2009-03-11 20:45:23'),
(378, 6, 1, '2009-03-11 20:45:23'),
(379, 6, 1, '2009-03-11 20:45:24'),
(380, 6, 1, '2009-03-11 20:45:24'),
(381, 6, 1, '2009-03-11 20:45:25'),
(382, 6, 1, '2009-03-11 20:45:25'),
(383, 6, 1, '2009-03-11 20:45:25'),
(384, 6, 1, '2009-03-11 20:45:26'),
(385, 6, 1, '2009-03-11 20:45:26'),
(386, 6, 1, '2009-03-11 20:45:27'),
(387, 6, 1, '2009-03-11 20:45:27'),
(388, 6, 1, '2009-03-11 20:45:27'),
(389, 6, 1, '2009-03-11 20:45:28'),
(390, 6, 1, '2009-03-11 20:45:28'),
(391, 6, 1, '2009-03-11 20:45:29'),
(392, 6, 1, '2009-03-11 20:45:29'),
(393, 6, 1, '2009-03-11 20:45:29'),
(394, 6, 1, '2009-03-11 20:45:30'),
(395, 6, 1, '2009-03-11 20:45:30'),
(396, 6, 1, '2009-03-11 20:45:31'),
(397, 6, 1, '2009-03-11 20:45:31'),
(398, 6, 1, '2009-03-11 20:45:31'),
(399, 6, 1, '2009-03-11 20:45:32'),
(400, 6, 1, '2009-03-11 20:45:32'),
(401, 6, 1, '2009-03-11 20:45:33'),
(402, 6, 1, '2009-03-11 20:45:33'),
(403, 6, 1, '2009-03-11 20:45:34'),
(404, 6, 1, '2009-03-11 20:45:34'),
(405, 6, 1, '2009-03-11 20:45:34'),
(406, 6, 1, '2009-03-11 20:45:35'),
(407, 6, 1, '2009-03-11 20:45:35'),
(408, 6, 1, '2009-03-11 20:45:36'),
(409, 6, 1, '2009-03-11 20:45:36'),
(410, 6, 1, '2009-03-11 20:45:36'),
(411, 6, 1, '2009-03-11 20:45:37'),
(412, 6, 1, '2009-03-11 20:45:37'),
(413, 6, 1, '2009-03-11 20:45:38'),
(414, 6, 1, '2009-03-11 20:45:38'),
(415, 6, 1, '2009-03-11 20:45:39'),
(416, 1, 4, '2009-03-11 20:48:38'),
(417, 1, 4, '2009-03-12 09:42:07'),
(418, 6, 1, '2009-03-12 09:49:04'),
(419, 6, 1, '2009-03-12 09:49:04'),
(420, 6, 1, '2009-03-12 09:49:05'),
(421, 6, 1, '2009-03-12 09:49:06'),
(422, 6, 1, '2009-03-12 09:49:06'),
(423, 6, 1, '2009-03-12 09:49:07'),
(424, 6, 1, '2009-03-12 09:49:07'),
(425, 6, 1, '2009-03-12 09:49:07'),
(426, 6, 1, '2009-03-12 09:49:08'),
(427, 6, 1, '2009-03-12 09:49:08'),
(428, 6, 1, '2009-03-12 09:49:09'),
(429, 6, 1, '2009-03-12 09:49:09'),
(430, 6, 1, '2009-03-12 09:49:09'),
(431, 6, 1, '2009-03-12 09:49:10'),
(432, 6, 1, '2009-03-12 09:49:10'),
(433, 6, 1, '2009-03-12 09:49:11'),
(434, 6, 1, '2009-03-12 09:49:11'),
(435, 6, 1, '2009-03-12 09:49:12'),
(436, 6, 1, '2009-03-12 09:49:12'),
(437, 6, 1, '2009-03-12 09:49:12'),
(438, 6, 1, '2009-03-12 09:49:13'),
(439, 6, 1, '2009-03-12 09:49:13'),
(440, 6, 1, '2009-03-12 09:49:14'),
(441, 6, 1, '2009-03-12 09:49:14'),
(442, 6, 1, '2009-03-12 09:49:14'),
(443, 6, 1, '2009-03-12 09:49:15'),
(444, 6, 1, '2009-03-12 09:49:15'),
(445, 6, 1, '2009-03-12 09:49:16'),
(446, 6, 1, '2009-03-12 09:49:16'),
(447, 6, 1, '2009-03-12 09:49:17'),
(448, 6, 1, '2009-03-12 09:49:17'),
(449, 6, 1, '2009-03-12 09:49:17'),
(450, 6, 1, '2009-03-12 09:49:18'),
(451, 6, 1, '2009-03-12 09:49:18'),
(452, 6, 1, '2009-03-12 09:49:19'),
(453, 6, 1, '2009-03-12 09:49:19'),
(454, 6, 1, '2009-03-12 09:49:20'),
(455, 6, 1, '2009-03-12 09:49:20'),
(456, 6, 1, '2009-03-12 09:49:20'),
(457, 6, 1, '2009-03-12 09:49:21'),
(458, 6, 1, '2009-03-12 09:49:21'),
(459, 6, 1, '2009-03-12 09:49:22'),
(460, 6, 1, '2009-03-12 09:49:22'),
(461, 6, 1, '2009-03-12 09:49:22'),
(462, 6, 1, '2009-03-12 09:49:23'),
(463, 6, 1, '2009-03-12 09:49:23'),
(464, 6, 1, '2009-03-12 09:49:24'),
(465, 6, 1, '2009-03-12 09:49:24'),
(466, 6, 1, '2009-03-12 09:49:24'),
(467, 6, 1, '2009-03-12 09:49:25'),
(468, 6, 1, '2009-03-12 09:49:25'),
(469, 6, 1, '2009-03-12 09:49:26'),
(470, 6, 1, '2009-03-12 09:49:26'),
(471, 6, 1, '2009-03-12 09:49:26'),
(472, 6, 1, '2009-03-12 09:49:27'),
(473, 6, 1, '2009-03-12 09:49:27'),
(474, 6, 1, '2009-03-12 09:49:28'),
(475, 6, 1, '2009-03-12 09:49:28'),
(476, 6, 1, '2009-03-12 09:49:28'),
(477, 6, 1, '2009-03-12 09:49:29'),
(478, 6, 1, '2009-03-12 09:49:29'),
(479, 6, 1, '2009-03-12 09:49:30'),
(480, 6, 1, '2009-03-12 09:49:30'),
(481, 6, 1, '2009-03-12 09:49:30'),
(482, 6, 1, '2009-03-12 09:49:31'),
(483, 6, 1, '2009-03-12 09:49:31'),
(484, 6, 1, '2009-03-12 09:49:32'),
(485, 6, 1, '2009-03-12 09:49:32'),
(486, 6, 1, '2009-03-12 09:49:32'),
(487, 6, 1, '2009-03-12 09:49:33'),
(488, 6, 1, '2009-03-12 09:49:33'),
(489, 6, 1, '2009-03-12 09:49:34'),
(490, 6, 1, '2009-03-12 09:49:34'),
(491, 6, 1, '2009-03-12 09:49:34'),
(492, 6, 1, '2009-03-12 09:49:35'),
(493, 6, 1, '2009-03-12 09:49:35'),
(494, 6, 1, '2009-03-12 09:49:36'),
(495, 6, 1, '2009-03-12 09:49:36'),
(496, 6, 1, '2009-03-12 09:49:36'),
(497, 6, 1, '2009-03-12 09:49:37'),
(498, 6, 1, '2009-03-12 09:49:37'),
(499, 6, 1, '2009-03-12 09:49:38'),
(500, 6, 1, '2009-03-12 09:49:38'),
(501, 6, 1, '2009-03-12 09:49:38'),
(502, 6, 1, '2009-03-12 09:49:39'),
(503, 6, 1, '2009-03-12 09:49:39'),
(504, 6, 1, '2009-03-12 09:49:41'),
(505, 6, 1, '2009-03-12 09:49:45'),
(506, 6, 1, '2009-03-12 09:49:47'),
(507, 6, 1, '2009-03-12 09:49:48'),
(508, 6, 1, '2009-03-12 09:49:49'),
(509, 6, 1, '2009-03-12 09:49:49'),
(510, 6, 1, '2009-03-12 09:49:50'),
(511, 6, 1, '2009-03-12 09:49:50'),
(512, 6, 1, '2009-03-12 09:49:51'),
(513, 6, 1, '2009-03-12 09:49:52'),
(514, 6, 1, '2009-03-12 09:49:53'),
(515, 1, 7, '2009-03-12 09:59:02'),
(516, 1, 7, '2009-03-12 10:01:31'),
(517, 1, 7, '2009-03-12 10:02:46'),
(518, 1, 7, '2009-03-12 10:19:15'),
(519, 6, 1, '2009-03-12 10:22:49'),
(520, 6, 1, '2009-03-12 10:22:49'),
(521, 6, 1, '2009-03-12 10:22:51'),
(522, 6, 1, '2009-03-12 10:22:51'),
(523, 6, 1, '2009-03-12 10:22:51'),
(524, 6, 1, '2009-03-12 10:22:52'),
(525, 6, 1, '2009-03-12 10:22:52'),
(526, 6, 1, '2009-03-12 10:22:53'),
(527, 6, 1, '2009-03-12 10:22:53'),
(528, 6, 1, '2009-03-12 10:22:53'),
(529, 6, 1, '2009-03-12 10:22:54'),
(530, 6, 1, '2009-03-12 10:22:54'),
(531, 6, 1, '2009-03-12 10:22:55'),
(532, 6, 1, '2009-03-12 10:22:55'),
(533, 6, 1, '2009-03-12 10:22:55'),
(534, 6, 1, '2009-03-12 10:22:56'),
(535, 6, 1, '2009-03-12 10:22:56'),
(536, 6, 1, '2009-03-12 10:24:20'),
(537, 6, 1, '2009-03-12 10:24:20'),
(538, 6, 1, '2009-03-12 10:24:22'),
(539, 6, 1, '2009-03-12 10:24:22'),
(540, 6, 1, '2009-03-12 10:24:22'),
(541, 6, 1, '2009-03-12 10:24:23'),
(542, 6, 1, '2009-03-12 10:24:23'),
(543, 6, 1, '2009-03-12 10:24:24'),
(544, 6, 1, '2009-03-12 10:24:24'),
(545, 6, 1, '2009-03-12 10:24:24'),
(546, 6, 1, '2009-03-12 10:24:25'),
(547, 6, 1, '2009-03-12 10:24:25'),
(548, 6, 1, '2009-03-12 10:24:26'),
(549, 6, 1, '2009-03-12 10:24:26'),
(550, 6, 1, '2009-03-12 10:24:26'),
(551, 6, 1, '2009-03-12 10:24:27'),
(552, 6, 1, '2009-03-12 10:24:27'),
(553, 6, 1, '2009-03-12 10:24:28'),
(554, 6, 1, '2009-03-12 10:24:28'),
(555, 6, 1, '2009-03-12 10:24:28'),
(556, 6, 1, '2009-03-12 10:24:29'),
(557, 6, 1, '2009-03-12 10:24:29'),
(558, 6, 1, '2009-03-12 10:24:30'),
(559, 6, 1, '2009-03-12 10:24:30'),
(560, 6, 1, '2009-03-12 10:24:30'),
(561, 6, 1, '2009-03-12 10:24:31'),
(562, 6, 1, '2009-03-12 10:24:31'),
(563, 6, 1, '2009-03-12 10:24:32'),
(564, 6, 1, '2009-03-12 10:24:32'),
(565, 6, 1, '2009-03-12 10:24:32'),
(566, 6, 1, '2009-03-12 10:24:33'),
(567, 6, 1, '2009-03-12 10:24:33'),
(568, 6, 1, '2009-03-12 10:24:34'),
(569, 6, 1, '2009-03-12 10:24:34'),
(570, 6, 1, '2009-03-12 10:24:34'),
(571, 6, 1, '2009-03-12 10:24:35'),
(572, 6, 1, '2009-03-12 10:24:35'),
(573, 6, 1, '2009-03-12 10:24:36'),
(574, 6, 1, '2009-03-12 10:24:36'),
(575, 6, 1, '2009-03-12 10:24:36'),
(576, 6, 1, '2009-03-12 10:24:37'),
(577, 6, 1, '2009-03-12 10:24:37'),
(578, 6, 1, '2009-03-12 10:24:38'),
(579, 6, 1, '2009-03-12 10:24:38'),
(580, 6, 1, '2009-03-12 10:24:38'),
(581, 6, 1, '2009-03-12 10:24:39'),
(582, 6, 1, '2009-03-12 10:24:39'),
(583, 6, 1, '2009-03-12 10:24:40'),
(584, 6, 1, '2009-03-12 10:24:40'),
(585, 6, 1, '2009-03-12 10:24:41'),
(586, 6, 1, '2009-03-12 10:24:41'),
(587, 6, 1, '2009-03-12 10:24:41'),
(588, 6, 1, '2009-03-12 10:24:42'),
(589, 6, 1, '2009-03-12 10:24:42'),
(590, 6, 1, '2009-03-12 10:24:43'),
(591, 6, 1, '2009-03-12 10:24:43'),
(592, 6, 1, '2009-03-12 10:24:43'),
(593, 6, 1, '2009-03-12 10:24:44'),
(594, 6, 1, '2009-03-12 10:24:44'),
(595, 6, 1, '2009-03-12 10:24:45'),
(596, 6, 1, '2009-03-12 10:24:45'),
(597, 6, 1, '2009-03-12 10:24:45'),
(598, 6, 1, '2009-03-12 10:24:46'),
(599, 6, 1, '2009-03-12 10:24:46'),
(600, 6, 1, '2009-03-12 10:24:47'),
(601, 6, 1, '2009-03-12 10:24:47'),
(602, 6, 1, '2009-03-12 10:24:47'),
(603, 6, 1, '2009-03-12 10:24:48'),
(604, 6, 1, '2009-03-12 10:24:48'),
(605, 6, 1, '2009-03-12 10:24:49'),
(606, 6, 1, '2009-03-12 10:24:49'),
(607, 6, 1, '2009-03-12 10:24:49'),
(608, 6, 1, '2009-03-12 10:24:50'),
(609, 6, 1, '2009-03-12 10:24:50'),
(610, 6, 1, '2009-03-12 10:24:51'),
(611, 6, 1, '2009-03-12 10:24:51'),
(612, 6, 1, '2009-03-12 10:24:51'),
(613, 6, 1, '2009-03-12 10:24:52'),
(614, 6, 1, '2009-03-12 10:24:52'),
(615, 6, 1, '2009-03-12 10:24:53'),
(616, 6, 1, '2009-03-12 10:24:53'),
(617, 6, 1, '2009-03-12 10:24:53'),
(618, 6, 1, '2009-03-12 10:24:54'),
(619, 6, 1, '2009-03-12 10:24:54'),
(620, 6, 1, '2009-03-12 10:24:55'),
(621, 6, 1, '2009-03-12 10:24:55'),
(622, 6, 1, '2009-03-12 10:24:57'),
(623, 6, 1, '2009-03-12 10:25:01'),
(624, 6, 1, '2009-03-12 10:25:03'),
(625, 6, 1, '2009-03-12 10:25:03'),
(626, 6, 1, '2009-03-12 10:25:05'),
(627, 6, 1, '2009-03-12 10:25:05'),
(628, 6, 1, '2009-03-12 10:25:05'),
(629, 6, 1, '2009-03-12 10:25:06'),
(630, 6, 1, '2009-03-12 10:25:07'),
(631, 6, 1, '2009-03-12 10:25:08'),
(632, 6, 1, '2009-03-12 10:25:09'),
(633, 6, 1, '2009-03-12 10:25:10'),
(634, 6, 1, '2009-03-12 10:25:11'),
(635, 6, 1, '2009-03-12 10:25:11'),
(636, 6, 1, '2009-03-12 10:25:12'),
(637, 6, 1, '2009-03-12 10:25:13'),
(638, 6, 1, '2009-03-12 10:25:13'),
(639, 6, 1, '2009-03-12 10:25:14'),
(640, 6, 1, '2009-03-12 10:25:14'),
(641, 6, 1, '2009-03-12 10:25:14'),
(642, 6, 1, '2009-03-12 10:25:15'),
(643, 6, 1, '2009-03-12 10:25:15'),
(644, 6, 1, '2009-03-12 10:25:16'),
(645, 6, 1, '2009-03-12 10:25:16'),
(646, 6, 1, '2009-03-12 10:25:16'),
(647, 6, 1, '2009-03-12 10:25:17'),
(648, 6, 1, '2009-03-12 10:25:17'),
(649, 6, 1, '2009-03-12 10:25:18'),
(650, 6, 1, '2009-03-12 10:25:18'),
(651, 6, 1, '2009-03-12 10:25:19'),
(652, 6, 1, '2009-03-12 10:25:19'),
(653, 6, 1, '2009-03-12 10:25:19'),
(654, 6, 1, '2009-03-12 10:25:20'),
(655, 6, 1, '2009-03-12 10:25:20'),
(656, 6, 1, '2009-03-12 10:25:21'),
(657, 6, 1, '2009-03-12 10:25:21'),
(658, 6, 1, '2009-03-12 10:25:24'),
(659, 6, 1, '2009-03-12 10:25:24'),
(660, 6, 1, '2009-03-12 10:25:24'),
(661, 6, 1, '2009-03-12 10:25:25'),
(662, 6, 1, '2009-03-12 10:25:25'),
(663, 6, 1, '2009-03-12 10:25:26'),
(664, 6, 1, '2009-03-12 10:25:26'),
(665, 6, 1, '2009-03-12 10:25:26'),
(666, 6, 1, '2009-03-12 10:25:27'),
(667, 6, 1, '2009-03-12 10:25:27'),
(668, 6, 1, '2009-03-12 10:25:28'),
(669, 6, 1, '2009-03-12 10:25:28'),
(670, 6, 1, '2009-03-12 10:25:28'),
(671, 6, 1, '2009-03-12 10:25:29'),
(672, 6, 1, '2009-03-12 10:25:31'),
(673, 6, 1, '2009-03-12 10:25:32'),
(674, 6, 1, '2009-03-12 10:25:32'),
(675, 6, 1, '2009-03-12 10:25:33'),
(676, 6, 1, '2009-03-12 10:25:33'),
(677, 6, 1, '2009-03-12 10:25:36'),
(678, 6, 1, '2009-03-12 10:25:36'),
(679, 6, 1, '2009-03-12 10:25:40'),
(680, 6, 1, '2009-03-12 10:25:40'),
(681, 6, 1, '2009-03-12 10:25:41'),
(682, 6, 1, '2009-03-12 10:25:41'),
(683, 6, 1, '2009-03-12 10:25:42'),
(684, 6, 1, '2009-03-12 10:25:42'),
(685, 6, 1, '2009-03-12 10:25:43'),
(686, 6, 1, '2009-03-12 10:25:43'),
(687, 6, 1, '2009-03-12 10:25:43'),
(688, 6, 1, '2009-03-12 10:25:46'),
(689, 6, 1, '2009-03-12 10:25:46'),
(690, 6, 1, '2009-03-12 10:25:46'),
(691, 6, 1, '2009-03-12 10:25:47'),
(692, 6, 1, '2009-03-12 10:25:48'),
(693, 6, 1, '2009-03-12 10:25:48'),
(694, 6, 1, '2009-03-12 10:25:48'),
(695, 6, 1, '2009-03-12 10:25:49'),
(696, 6, 1, '2009-03-12 10:25:49'),
(697, 6, 1, '2009-03-12 10:25:52'),
(698, 6, 1, '2009-03-12 10:25:52'),
(699, 6, 1, '2009-03-12 10:25:53'),
(700, 6, 1, '2009-03-12 10:25:53'),
(701, 6, 1, '2009-03-12 10:25:54'),
(702, 6, 1, '2009-03-12 10:25:54'),
(703, 6, 1, '2009-03-12 10:25:54'),
(704, 6, 1, '2009-03-12 10:25:55'),
(705, 6, 1, '2009-03-12 10:25:55'),
(706, 6, 1, '2009-03-12 10:25:56'),
(707, 6, 1, '2009-03-12 10:25:56'),
(708, 6, 1, '2009-03-12 10:25:56'),
(709, 6, 1, '2009-03-12 10:25:57'),
(710, 6, 1, '2009-03-12 10:25:57'),
(711, 6, 1, '2009-03-12 10:25:58'),
(712, 6, 1, '2009-03-12 10:25:58'),
(713, 6, 1, '2009-03-12 10:25:58'),
(714, 6, 1, '2009-03-12 10:25:59'),
(715, 6, 1, '2009-03-12 10:25:59'),
(716, 6, 1, '2009-03-12 10:26:00'),
(717, 6, 1, '2009-03-12 10:26:00'),
(718, 6, 1, '2009-03-12 10:26:00'),
(719, 6, 1, '2009-03-12 10:26:01'),
(720, 6, 1, '2009-03-12 10:26:01'),
(721, 6, 1, '2009-03-12 10:26:02'),
(722, 6, 1, '2009-03-12 10:26:02'),
(723, 6, 1, '2009-03-12 10:26:02'),
(724, 6, 1, '2009-03-12 10:26:03'),
(725, 6, 1, '2009-03-12 10:26:03'),
(726, 6, 1, '2009-03-12 10:26:04'),
(727, 6, 1, '2009-03-12 10:26:04'),
(728, 6, 1, '2009-03-12 10:26:05'),
(729, 6, 1, '2009-03-12 10:26:05'),
(730, 6, 1, '2009-03-12 10:26:05'),
(731, 6, 1, '2009-03-12 10:26:06'),
(732, 6, 1, '2009-03-12 10:26:06'),
(733, 6, 1, '2009-03-12 10:26:07'),
(734, 6, 1, '2009-03-12 10:26:07'),
(735, 6, 1, '2009-03-12 10:26:07'),
(736, 6, 1, '2009-03-12 10:26:08'),
(737, 6, 1, '2009-03-12 10:26:08'),
(738, 6, 1, '2009-03-12 10:26:09'),
(739, 6, 1, '2009-03-12 10:26:09'),
(740, 6, 1, '2009-03-12 10:26:09'),
(741, 6, 1, '2009-03-12 10:26:10'),
(742, 6, 1, '2009-03-12 10:26:10'),
(743, 6, 1, '2009-03-12 10:26:11'),
(744, 6, 1, '2009-03-12 10:26:11'),
(745, 6, 1, '2009-03-12 10:26:11'),
(746, 6, 1, '2009-03-12 10:26:12'),
(747, 6, 1, '2009-03-12 10:26:12'),
(748, 6, 1, '2009-03-12 10:26:13'),
(749, 6, 1, '2009-03-12 10:26:13'),
(750, 6, 1, '2009-03-12 10:26:14'),
(751, 6, 1, '2009-03-12 10:26:14'),
(752, 6, 1, '2009-03-12 10:26:14'),
(753, 6, 1, '2009-03-12 10:26:15'),
(754, 6, 1, '2009-03-12 10:26:15'),
(755, 6, 1, '2009-03-12 10:26:16'),
(756, 6, 1, '2009-03-12 10:26:16'),
(757, 6, 1, '2009-03-12 10:26:16'),
(758, 6, 1, '2009-03-12 10:26:17'),
(759, 6, 1, '2009-03-12 10:26:18'),
(760, 6, 1, '2009-03-12 10:26:18'),
(761, 6, 1, '2009-03-12 10:26:19'),
(762, 6, 1, '2009-03-12 10:26:19'),
(763, 6, 1, '2009-03-12 10:26:20'),
(764, 6, 1, '2009-03-12 10:26:20'),
(765, 6, 1, '2009-03-12 10:26:20'),
(766, 6, 1, '2009-03-12 10:26:21'),
(767, 6, 1, '2009-03-12 10:26:21'),
(768, 6, 1, '2009-03-12 10:26:22'),
(769, 6, 1, '2009-03-12 10:26:22'),
(770, 6, 1, '2009-03-12 10:26:23'),
(771, 1, 7, '2009-03-12 10:26:26'),
(772, 6, 1, '2009-03-12 10:27:15'),
(773, 6, 1, '2009-03-12 10:27:16'),
(774, 6, 1, '2009-03-12 10:27:17'),
(775, 6, 1, '2009-03-12 10:27:18'),
(776, 6, 1, '2009-03-12 10:27:18'),
(777, 6, 1, '2009-03-12 10:27:18'),
(778, 6, 1, '2009-03-12 10:27:19'),
(779, 6, 1, '2009-03-12 10:27:19'),
(780, 6, 1, '2009-03-12 10:27:20'),
(781, 6, 1, '2009-03-12 10:27:20'),
(782, 6, 1, '2009-03-12 10:27:20'),
(783, 6, 1, '2009-03-12 10:27:21'),
(784, 6, 1, '2009-03-12 10:27:21'),
(785, 6, 1, '2009-03-12 10:27:22'),
(786, 6, 1, '2009-03-12 10:27:22'),
(787, 6, 1, '2009-03-12 10:27:22'),
(788, 6, 1, '2009-03-12 10:27:23'),
(789, 6, 1, '2009-03-12 10:27:23'),
(790, 6, 1, '2009-03-12 10:27:24'),
(791, 6, 1, '2009-03-12 10:27:24'),
(792, 6, 1, '2009-03-12 10:27:24'),
(793, 6, 1, '2009-03-12 10:27:25'),
(794, 6, 1, '2009-03-12 10:27:25'),
(795, 6, 1, '2009-03-12 10:27:26'),
(796, 6, 1, '2009-03-12 10:27:26'),
(797, 6, 1, '2009-03-12 10:27:26'),
(798, 6, 1, '2009-03-12 10:27:27'),
(799, 6, 1, '2009-03-12 10:27:27'),
(800, 6, 1, '2009-03-12 10:27:28'),
(801, 6, 1, '2009-03-12 10:27:28'),
(802, 6, 1, '2009-03-12 10:27:28'),
(803, 6, 1, '2009-03-12 10:27:29'),
(804, 6, 1, '2009-03-12 10:27:29'),
(805, 6, 1, '2009-03-12 10:27:30'),
(806, 6, 1, '2009-03-12 10:27:30'),
(807, 6, 1, '2009-03-12 10:27:30'),
(808, 6, 1, '2009-03-12 10:27:31'),
(809, 6, 1, '2009-03-12 10:27:31'),
(810, 6, 1, '2009-03-12 10:27:32'),
(811, 6, 1, '2009-03-12 10:27:32'),
(812, 6, 1, '2009-03-12 10:27:32'),
(813, 6, 1, '2009-03-12 10:27:33'),
(814, 6, 1, '2009-03-12 10:27:33'),
(815, 6, 1, '2009-03-12 10:27:34'),
(816, 6, 1, '2009-03-12 10:27:34'),
(817, 6, 1, '2009-03-12 10:27:34'),
(818, 6, 1, '2009-03-12 10:27:35'),
(819, 6, 1, '2009-03-12 10:27:35'),
(820, 6, 1, '2009-03-12 10:27:36'),
(821, 6, 1, '2009-03-12 10:27:36'),
(822, 6, 1, '2009-03-12 10:27:36'),
(823, 6, 1, '2009-03-12 10:27:37'),
(824, 6, 1, '2009-03-12 10:27:37'),
(825, 6, 1, '2009-03-12 10:27:38'),
(826, 6, 1, '2009-03-12 10:27:38'),
(827, 6, 1, '2009-03-12 10:27:38'),
(828, 6, 1, '2009-03-12 10:27:39'),
(829, 6, 1, '2009-03-12 10:27:39'),
(830, 6, 1, '2009-03-12 10:27:40'),
(831, 1, 7, '2009-03-12 10:28:46'),
(832, 6, 1, '2009-03-12 10:29:33'),
(833, 6, 1, '2009-03-12 10:29:33'),
(834, 6, 1, '2009-03-12 10:29:34'),
(835, 6, 1, '2009-03-12 10:29:35'),
(836, 6, 1, '2009-03-12 10:29:35'),
(837, 6, 1, '2009-03-12 10:29:36'),
(838, 6, 1, '2009-03-12 10:29:36'),
(839, 6, 1, '2009-03-12 10:29:36'),
(840, 6, 1, '2009-03-12 10:29:37'),
(841, 6, 1, '2009-03-12 10:29:37'),
(842, 6, 1, '2009-03-12 10:29:38'),
(843, 6, 1, '2009-03-12 10:29:38'),
(844, 6, 1, '2009-03-12 10:29:38'),
(845, 6, 1, '2009-03-12 10:29:39'),
(846, 6, 1, '2009-03-12 10:29:39'),
(847, 6, 1, '2009-03-12 10:29:40'),
(848, 6, 1, '2009-03-12 10:29:40'),
(849, 6, 1, '2009-03-12 10:29:40'),
(850, 6, 1, '2009-03-12 10:29:41'),
(851, 6, 1, '2009-03-12 10:29:41'),
(852, 6, 1, '2009-03-12 10:29:42'),
(853, 6, 1, '2009-03-12 10:29:42'),
(854, 6, 1, '2009-03-12 10:29:42'),
(855, 6, 1, '2009-03-12 10:29:43'),
(856, 6, 1, '2009-03-12 10:29:43'),
(857, 6, 1, '2009-03-12 10:29:44'),
(858, 6, 1, '2009-03-12 10:29:44'),
(859, 6, 1, '2009-03-12 10:29:44'),
(860, 6, 1, '2009-03-12 10:29:45'),
(861, 6, 1, '2009-03-12 10:29:45'),
(862, 6, 1, '2009-03-12 10:29:46'),
(863, 6, 1, '2009-03-12 10:29:46'),
(864, 6, 1, '2009-03-12 10:29:46'),
(865, 6, 1, '2009-03-12 10:29:47'),
(866, 6, 1, '2009-03-12 10:29:47'),
(867, 6, 1, '2009-03-12 10:29:48'),
(868, 6, 1, '2009-03-12 10:29:48'),
(869, 6, 1, '2009-03-12 10:29:48'),
(870, 6, 1, '2009-03-12 10:29:49'),
(871, 6, 1, '2009-03-12 10:29:49'),
(872, 6, 1, '2009-03-12 10:29:50'),
(873, 6, 1, '2009-03-12 10:29:50'),
(874, 6, 1, '2009-03-12 10:29:50'),
(875, 6, 1, '2009-03-12 10:29:51'),
(876, 6, 1, '2009-03-12 10:29:51'),
(877, 6, 1, '2009-03-12 10:29:52'),
(878, 6, 1, '2009-03-12 10:29:52'),
(879, 6, 1, '2009-03-12 10:29:52'),
(880, 6, 1, '2009-03-12 10:29:53'),
(881, 6, 1, '2009-03-12 10:29:53'),
(882, 6, 1, '2009-03-12 10:29:54'),
(883, 6, 1, '2009-03-12 10:29:54'),
(884, 6, 1, '2009-03-12 10:29:55'),
(885, 6, 1, '2009-03-12 10:29:55'),
(886, 6, 1, '2009-03-12 10:29:55'),
(887, 6, 1, '2009-03-12 10:29:56'),
(888, 6, 1, '2009-03-12 10:29:56'),
(889, 6, 1, '2009-03-12 10:29:57'),
(890, 6, 1, '2009-03-12 10:29:57'),
(891, 6, 1, '2009-03-12 10:29:57'),
(892, 6, 1, '2009-03-12 10:29:58'),
(893, 6, 1, '2009-03-12 10:29:58'),
(894, 6, 1, '2009-03-12 10:29:59'),
(895, 6, 1, '2009-03-12 10:29:59'),
(896, 6, 1, '2009-03-12 10:29:59'),
(897, 6, 1, '2009-03-12 10:30:00'),
(898, 6, 1, '2009-03-12 10:30:00'),
(899, 6, 1, '2009-03-12 10:30:01'),
(900, 6, 1, '2009-03-12 10:30:01'),
(901, 6, 1, '2009-03-12 10:30:01'),
(902, 6, 1, '2009-03-12 10:30:02'),
(903, 6, 1, '2009-03-12 10:30:02'),
(904, 6, 1, '2009-03-12 10:30:03'),
(905, 6, 1, '2009-03-12 10:30:03'),
(906, 6, 1, '2009-03-12 10:30:03'),
(907, 6, 1, '2009-03-12 10:30:04'),
(908, 6, 1, '2009-03-12 10:30:04'),
(909, 6, 1, '2009-03-12 10:30:05'),
(910, 6, 1, '2009-03-12 10:30:05'),
(911, 6, 1, '2009-03-12 10:30:05'),
(912, 6, 1, '2009-03-12 10:30:06'),
(913, 6, 1, '2009-03-12 10:30:06'),
(914, 6, 1, '2009-03-12 10:30:07'),
(915, 6, 1, '2009-03-12 10:30:07'),
(916, 6, 1, '2009-03-12 10:30:08'),
(917, 6, 1, '2009-03-12 10:30:08'),
(918, 6, 1, '2009-03-12 10:30:10'),
(919, 6, 1, '2009-03-12 10:30:13'),
(920, 6, 1, '2009-03-12 10:30:16'),
(921, 6, 1, '2009-03-12 10:30:16'),
(922, 6, 1, '2009-03-12 10:30:17'),
(923, 6, 1, '2009-03-12 10:30:18'),
(924, 6, 1, '2009-03-12 10:30:18'),
(925, 6, 1, '2009-03-12 10:30:19'),
(926, 6, 1, '2009-03-12 10:30:19'),
(927, 6, 1, '2009-03-12 10:30:21'),
(928, 6, 1, '2009-03-12 10:30:22'),
(929, 6, 1, '2009-03-12 10:30:22'),
(930, 6, 1, '2009-03-12 10:30:24'),
(931, 6, 1, '2009-03-12 10:30:24'),
(932, 6, 1, '2009-03-12 10:30:24'),
(933, 6, 1, '2009-03-12 10:30:25'),
(934, 6, 1, '2009-03-12 10:30:26'),
(935, 6, 1, '2009-03-12 10:30:26'),
(936, 6, 1, '2009-03-12 10:30:27'),
(937, 6, 1, '2009-03-12 10:30:27'),
(938, 6, 1, '2009-03-12 10:30:27'),
(939, 6, 1, '2009-03-12 10:30:28'),
(940, 6, 1, '2009-03-12 10:30:28'),
(941, 6, 1, '2009-03-12 10:30:29'),
(942, 6, 1, '2009-03-12 10:30:29'),
(943, 6, 1, '2009-03-12 10:30:29'),
(944, 6, 1, '2009-03-12 10:30:30'),
(945, 6, 1, '2009-03-12 10:30:30'),
(946, 6, 1, '2009-03-12 10:30:31'),
(947, 6, 1, '2009-03-12 10:30:31'),
(948, 6, 1, '2009-03-12 10:30:31'),
(949, 6, 1, '2009-03-12 10:30:32'),
(950, 6, 1, '2009-03-12 10:30:32'),
(951, 6, 1, '2009-03-12 10:30:33'),
(952, 6, 1, '2009-03-12 10:30:33'),
(953, 6, 1, '2009-03-12 10:30:33'),
(954, 6, 1, '2009-03-12 10:30:36'),
(955, 6, 1, '2009-03-12 10:30:36'),
(956, 6, 1, '2009-03-12 10:30:37'),
(957, 6, 1, '2009-03-12 10:30:37'),
(958, 6, 1, '2009-03-12 10:30:37'),
(959, 6, 1, '2009-03-12 10:30:38'),
(960, 6, 1, '2009-03-12 10:30:38'),
(961, 6, 1, '2009-03-12 10:30:39'),
(962, 6, 1, '2009-03-12 10:30:39'),
(963, 6, 1, '2009-03-12 10:30:40'),
(964, 6, 1, '2009-03-12 10:30:40'),
(965, 6, 1, '2009-03-12 10:30:40'),
(966, 6, 1, '2009-03-12 10:30:41'),
(967, 6, 1, '2009-03-12 10:30:41'),
(968, 6, 1, '2009-03-12 10:30:43'),
(969, 6, 1, '2009-03-12 10:30:44'),
(970, 6, 1, '2009-03-12 10:30:44'),
(971, 6, 1, '2009-03-12 10:30:45'),
(972, 6, 1, '2009-03-12 10:30:45'),
(973, 6, 1, '2009-03-12 10:30:48'),
(974, 6, 1, '2009-03-12 10:30:48'),
(975, 6, 1, '2009-03-12 10:30:52'),
(976, 6, 1, '2009-03-12 10:30:53'),
(977, 6, 1, '2009-03-12 10:30:53'),
(978, 6, 1, '2009-03-12 10:30:53'),
(979, 6, 1, '2009-03-12 10:30:54'),
(980, 6, 1, '2009-03-12 10:30:54'),
(981, 6, 1, '2009-03-12 10:30:55'),
(982, 6, 1, '2009-03-12 10:30:55'),
(983, 6, 1, '2009-03-12 10:30:55'),
(984, 6, 1, '2009-03-12 10:30:58'),
(985, 6, 1, '2009-03-12 10:30:58'),
(986, 6, 1, '2009-03-12 10:30:59'),
(987, 6, 1, '2009-03-12 10:30:59'),
(988, 6, 1, '2009-03-12 10:31:00'),
(989, 6, 1, '2009-03-12 10:31:00'),
(990, 6, 1, '2009-03-12 10:31:01'),
(991, 6, 1, '2009-03-12 10:31:01'),
(992, 6, 1, '2009-03-12 10:31:01'),
(993, 6, 1, '2009-03-12 10:31:04'),
(994, 6, 1, '2009-03-12 10:31:04'),
(995, 6, 1, '2009-03-12 10:31:05'),
(996, 6, 1, '2009-03-12 10:31:05'),
(997, 6, 1, '2009-03-12 10:31:06'),
(998, 6, 1, '2009-03-12 10:31:06'),
(999, 6, 1, '2009-03-12 10:31:06'),
(1000, 6, 1, '2009-03-12 10:31:07'),
(1001, 6, 1, '2009-03-12 10:31:07'),
(1002, 6, 1, '2009-03-12 10:31:08'),
(1003, 6, 1, '2009-03-12 10:31:08'),
(1004, 6, 1, '2009-03-12 10:31:08'),
(1005, 6, 1, '2009-03-12 10:31:09'),
(1006, 6, 1, '2009-03-12 10:31:09'),
(1007, 6, 1, '2009-03-12 10:31:10'),
(1008, 6, 1, '2009-03-12 10:31:10'),
(1009, 6, 1, '2009-03-12 10:31:10'),
(1010, 6, 1, '2009-03-12 10:31:11'),
(1011, 6, 1, '2009-03-12 10:31:11'),
(1012, 6, 1, '2009-03-12 10:31:12'),
(1013, 6, 1, '2009-03-12 10:31:12'),
(1014, 6, 1, '2009-03-12 10:31:12'),
(1015, 6, 1, '2009-03-12 10:31:13'),
(1016, 6, 1, '2009-03-12 10:31:13'),
(1017, 6, 1, '2009-03-12 10:31:14'),
(1018, 6, 1, '2009-03-12 10:31:14'),
(1019, 6, 1, '2009-03-12 10:31:14'),
(1020, 6, 1, '2009-03-12 10:31:15'),
(1021, 6, 1, '2009-03-12 10:31:15'),
(1022, 6, 1, '2009-03-12 10:31:16'),
(1023, 6, 1, '2009-03-12 10:31:16'),
(1024, 6, 1, '2009-03-12 10:31:17'),
(1025, 6, 1, '2009-03-12 10:31:17'),
(1026, 6, 1, '2009-03-12 10:31:17'),
(1027, 6, 1, '2009-03-12 10:31:18'),
(1028, 6, 1, '2009-03-12 10:31:18'),
(1029, 6, 1, '2009-03-12 10:31:19'),
(1030, 6, 1, '2009-03-12 10:31:19'),
(1031, 6, 1, '2009-03-12 10:31:19'),
(1032, 6, 1, '2009-03-12 10:31:20'),
(1033, 6, 1, '2009-03-12 10:31:20'),
(1034, 6, 1, '2009-03-12 10:31:21'),
(1035, 6, 1, '2009-03-12 10:31:21'),
(1036, 6, 1, '2009-03-12 10:31:21'),
(1037, 6, 1, '2009-03-12 10:31:22'),
(1038, 6, 1, '2009-03-12 10:31:22'),
(1039, 6, 1, '2009-03-12 10:31:23'),
(1040, 6, 1, '2009-03-12 10:31:23'),
(1041, 6, 1, '2009-03-12 10:31:23'),
(1042, 6, 1, '2009-03-12 10:31:24'),
(1043, 6, 1, '2009-03-12 10:31:24'),
(1044, 6, 1, '2009-03-12 10:31:25'),
(1045, 6, 1, '2009-03-12 10:31:25'),
(1046, 6, 1, '2009-03-12 10:31:25'),
(1047, 6, 1, '2009-03-12 10:31:26'),
(1048, 6, 1, '2009-03-12 10:31:26'),
(1049, 6, 1, '2009-03-12 10:31:27'),
(1050, 6, 1, '2009-03-12 10:31:27'),
(1051, 6, 1, '2009-03-12 10:31:27'),
(1052, 6, 1, '2009-03-12 10:31:28'),
(1053, 6, 1, '2009-03-12 10:31:28'),
(1054, 6, 1, '2009-03-12 10:31:29'),
(1055, 6, 1, '2009-03-12 10:31:30'),
(1056, 6, 1, '2009-03-12 10:31:30'),
(1057, 6, 1, '2009-03-12 10:31:30'),
(1058, 6, 1, '2009-03-12 10:31:31'),
(1059, 6, 1, '2009-03-12 10:31:31'),
(1060, 6, 1, '2009-03-12 10:31:32'),
(1061, 6, 1, '2009-03-12 10:31:32'),
(1062, 6, 1, '2009-03-12 10:31:33'),
(1063, 6, 1, '2009-03-12 10:31:33'),
(1064, 6, 1, '2009-03-12 10:31:33'),
(1065, 6, 1, '2009-03-12 10:31:34'),
(1066, 6, 1, '2009-03-12 10:31:34'),
(1067, 1, 7, '2009-03-12 10:31:37'),
(1068, 1, 7, '2009-03-12 10:47:56'),
(1069, 1, 7, '2009-03-12 11:03:34'),
(1070, 1, 7, '2009-03-12 11:24:03'),
(1071, 1, 7, '2009-03-12 11:31:25'),
(1072, 1, 7, '2009-03-12 11:31:47'),
(1073, 1, 7, '2009-03-12 11:32:22'),
(1074, 1, 7, '2009-03-12 11:33:35'),
(1075, 1, 7, '2009-03-12 11:39:06'),
(1076, 1, 7, '2009-03-12 11:45:00'),
(1077, 1, 7, '2009-03-12 11:56:09'),
(1078, 1, 7, '2009-03-12 11:57:09'),
(1079, 1, 7, '2009-03-12 11:58:04'),
(1080, 1, 7, '2009-03-12 11:58:41'),
(1081, 1, 7, '2009-03-12 12:00:02'),
(1082, 1, 7, '2009-03-12 12:00:26'),
(1083, 6, 1, '2009-03-23 14:23:26'),
(1084, 6, 1, '2009-03-23 14:23:27'),
(1085, 6, 1, '2009-03-23 14:23:28'),
(1086, 6, 1, '2009-03-23 14:23:29'),
(1087, 6, 1, '2009-03-23 14:23:30'),
(1088, 6, 1, '2009-03-23 14:23:31'),
(1089, 6, 1, '2009-03-23 14:23:32'),
(1090, 6, 1, '2009-03-23 14:23:32'),
(1091, 1, 7, '2009-03-23 14:23:34'),
(1092, 1, 7, '2009-03-23 14:23:49'),
(1093, 1, 7, '2009-03-23 14:25:15'),
(1094, 1, 7, '2009-03-23 14:32:31'),
(1095, 0, 7, '2009-03-23 14:39:15'),
(1096, 1, 7, '2009-03-23 16:59:56'),
(1097, 1, 7, '2009-03-23 17:01:24'),
(1098, 1, 7, '2009-03-23 17:01:39'),
(1099, 1, 7, '2009-03-23 17:02:15'),
(1100, 1, 7, '2009-03-23 17:02:38'),
(1101, 1, 7, '2009-03-23 17:03:12'),
(1102, 1, 7, '2009-03-23 17:03:53'),
(1103, 1, 7, '2009-03-23 17:04:05'),
(1104, 1, 7, '2009-03-23 17:04:14'),
(1105, 1, 7, '2009-03-23 17:04:22'),
(1106, 1, 7, '2009-03-23 17:04:32'),
(1107, 1, 7, '2009-03-23 17:04:43'),
(1108, 1, 7, '2009-03-23 17:07:38'),
(1109, 1, 7, '2009-03-23 17:09:23'),
(1110, 1, 7, '2009-03-23 17:10:34'),
(1111, 1, 7, '2009-03-23 17:11:33'),
(1112, 1, 7, '2009-03-23 17:12:30'),
(1113, 1, 7, '2009-03-23 17:13:08'),
(1114, 1, 7, '2009-03-23 17:13:39'),
(1115, 1, 7, '2009-03-23 17:13:52'),
(1116, 1, 7, '2009-03-23 17:14:02'),
(1117, 1, 7, '2009-03-23 17:14:40'),
(1118, 6, 1, '2009-03-23 17:17:03'),
(1119, 6, 1, '2009-03-23 17:17:04'),
(1120, 6, 1, '2009-03-23 17:17:06'),
(1121, 6, 1, '2009-03-23 17:17:06'),
(1122, 6, 1, '2009-03-23 17:17:07'),
(1123, 6, 1, '2009-03-23 17:17:08'),
(1124, 6, 1, '2009-03-23 17:17:08'),
(1125, 6, 1, '2009-03-23 17:17:09'),
(1126, 6, 1, '2009-03-23 17:17:10'),
(1127, 6, 1, '2009-03-23 17:17:10'),
(1128, 6, 1, '2009-03-23 17:17:11'),
(1129, 6, 1, '2009-03-23 17:17:11'),
(1130, 6, 1, '2009-03-23 17:17:12'),
(1131, 6, 1, '2009-03-23 17:17:12'),
(1132, 6, 1, '2009-03-23 17:17:13'),
(1133, 6, 1, '2009-03-23 17:17:14'),
(1134, 6, 1, '2009-03-23 17:17:14'),
(1135, 6, 1, '2009-03-23 17:17:15'),
(1136, 6, 1, '2009-03-23 17:17:15'),
(1137, 6, 1, '2009-03-23 17:17:16'),
(1138, 6, 1, '2009-03-23 17:17:17'),
(1139, 6, 1, '2009-03-23 17:17:17'),
(1140, 6, 1, '2009-03-23 17:17:18'),
(1141, 6, 1, '2009-03-23 17:17:19'),
(1142, 6, 1, '2009-03-23 17:17:19'),
(1143, 6, 1, '2009-03-23 17:17:20'),
(1144, 6, 1, '2009-03-23 17:17:20'),
(1145, 6, 1, '2009-03-23 17:17:21'),
(1146, 6, 1, '2009-03-23 17:17:21'),
(1147, 6, 1, '2009-03-23 17:17:22'),
(1148, 6, 1, '2009-03-23 17:17:23'),
(1149, 6, 1, '2009-03-23 17:17:23'),
(1150, 6, 1, '2009-03-23 17:17:24'),
(1151, 6, 1, '2009-03-23 17:17:25'),
(1152, 6, 1, '2009-03-23 17:17:25'),
(1153, 6, 1, '2009-03-23 17:17:26'),
(1154, 6, 1, '2009-03-23 17:17:26'),
(1155, 6, 1, '2009-03-23 17:17:27'),
(1156, 6, 1, '2009-03-23 17:17:28'),
(1157, 6, 1, '2009-03-23 17:17:28'),
(1158, 6, 1, '2009-03-23 17:17:29'),
(1159, 6, 1, '2009-03-23 17:17:29'),
(1160, 6, 1, '2009-03-23 17:17:30'),
(1161, 6, 1, '2009-03-23 17:17:31'),
(1162, 6, 1, '2009-03-23 17:17:31'),
(1163, 6, 1, '2009-03-23 17:17:32'),
(1164, 6, 1, '2009-03-23 17:17:32'),
(1165, 6, 1, '2009-03-23 17:17:33'),
(1166, 6, 1, '2009-03-23 17:17:34'),
(1167, 6, 1, '2009-03-23 17:17:34'),
(1168, 6, 1, '2009-03-23 17:17:35'),
(1169, 6, 1, '2009-03-23 17:17:35'),
(1170, 6, 1, '2009-03-23 17:17:36'),
(1171, 6, 1, '2009-03-23 17:17:37'),
(1172, 6, 1, '2009-03-23 17:17:37'),
(1173, 6, 1, '2009-03-23 17:17:38'),
(1174, 6, 1, '2009-03-23 17:17:38'),
(1175, 6, 1, '2009-03-23 17:17:39'),
(1176, 6, 1, '2009-03-23 17:17:40'),
(1177, 6, 1, '2009-03-23 17:17:40'),
(1178, 6, 1, '2009-03-23 17:17:41'),
(1179, 6, 1, '2009-03-23 17:17:41'),
(1180, 6, 1, '2009-03-23 17:17:42'),
(1181, 6, 1, '2009-03-23 17:17:43'),
(1182, 6, 1, '2009-03-23 17:17:43'),
(1183, 6, 1, '2009-03-23 17:17:44'),
(1184, 6, 1, '2009-03-23 17:17:44'),
(1185, 6, 1, '2009-03-23 17:17:45'),
(1186, 6, 1, '2009-03-23 17:17:46'),
(1187, 6, 1, '2009-03-23 17:17:46'),
(1188, 6, 1, '2009-03-23 17:17:47'),
(1189, 6, 1, '2009-03-23 17:17:47'),
(1190, 6, 1, '2009-03-23 17:17:48'),
(1191, 6, 1, '2009-03-23 17:17:49'),
(1192, 6, 1, '2009-03-23 17:17:49'),
(1193, 6, 1, '2009-03-23 17:17:50'),
(1194, 6, 1, '2009-03-23 17:17:50'),
(1195, 6, 1, '2009-03-23 17:17:51'),
(1196, 6, 1, '2009-03-23 17:17:52'),
(1197, 6, 1, '2009-03-23 17:17:52'),
(1198, 6, 1, '2009-03-23 17:17:53'),
(1199, 6, 1, '2009-03-23 17:17:53'),
(1200, 6, 1, '2009-03-23 17:17:54'),
(1201, 6, 1, '2009-03-23 17:17:55'),
(1202, 6, 1, '2009-03-23 17:17:55'),
(1203, 6, 1, '2009-03-23 17:17:57'),
(1204, 6, 1, '2009-03-23 17:17:59'),
(1205, 6, 1, '2009-03-23 17:18:05'),
(1206, 6, 1, '2009-03-23 17:18:09'),
(1207, 6, 1, '2009-03-23 17:18:09'),
(1208, 6, 1, '2009-03-23 17:18:11'),
(1209, 6, 1, '2009-03-23 17:18:12'),
(1210, 6, 1, '2009-03-23 17:18:12'),
(1211, 6, 1, '2009-03-23 17:18:13'),
(1212, 6, 1, '2009-03-23 17:18:14'),
(1213, 6, 1, '2009-03-23 17:18:15'),
(1214, 6, 1, '2009-03-23 17:18:16'),
(1215, 6, 1, '2009-03-23 17:18:18'),
(1216, 6, 1, '2009-03-23 17:18:19'),
(1217, 6, 1, '2009-03-23 17:18:21'),
(1218, 6, 1, '2009-03-23 17:18:21'),
(1219, 6, 1, '2009-03-23 17:18:22'),
(1220, 6, 1, '2009-03-23 17:18:24'),
(1221, 6, 1, '2009-03-23 17:18:24'),
(1222, 6, 1, '2009-03-23 17:18:25'),
(1223, 6, 1, '2009-03-23 17:18:26'),
(1224, 6, 1, '2009-03-23 17:18:27'),
(1225, 6, 1, '2009-03-23 17:18:28'),
(1226, 6, 1, '2009-03-23 17:18:28'),
(1227, 6, 1, '2009-03-23 17:18:29'),
(1228, 6, 1, '2009-03-23 17:18:29'),
(1229, 6, 1, '2009-03-23 17:18:30'),
(1230, 6, 1, '2009-03-23 17:18:31'),
(1231, 6, 1, '2009-03-23 17:18:31'),
(1232, 6, 1, '2009-03-23 17:18:32'),
(1233, 6, 1, '2009-03-23 17:18:32'),
(1234, 6, 1, '2009-03-23 17:18:33'),
(1235, 6, 1, '2009-03-23 17:18:33'),
(1236, 6, 1, '2009-03-23 17:18:34'),
(1237, 6, 1, '2009-03-23 17:18:35'),
(1238, 6, 1, '2009-03-23 17:18:35'),
(1239, 6, 1, '2009-03-23 17:18:36'),
(1240, 6, 1, '2009-03-23 17:18:36'),
(1241, 6, 1, '2009-03-23 17:18:37'),
(1242, 6, 1, '2009-03-23 17:18:38'),
(1243, 6, 1, '2009-03-23 17:18:38'),
(1244, 6, 1, '2009-03-23 17:18:42'),
(1245, 6, 1, '2009-03-23 17:18:43'),
(1246, 6, 1, '2009-03-23 17:18:43'),
(1247, 6, 1, '2009-03-23 17:18:44'),
(1248, 6, 1, '2009-03-23 17:18:44'),
(1249, 6, 1, '2009-03-23 17:18:45'),
(1250, 6, 1, '2009-03-23 17:18:46'),
(1251, 6, 1, '2009-03-23 17:18:46'),
(1252, 6, 1, '2009-03-23 17:18:47'),
(1253, 6, 1, '2009-03-23 17:18:47'),
(1254, 6, 1, '2009-03-23 17:18:48'),
(1255, 6, 1, '2009-03-23 17:18:49'),
(1256, 6, 1, '2009-03-23 17:18:49'),
(1257, 6, 1, '2009-03-23 17:18:50'),
(1258, 6, 1, '2009-03-23 17:18:53'),
(1259, 6, 1, '2009-03-23 17:18:54'),
(1260, 6, 1, '2009-03-23 17:18:55'),
(1261, 6, 1, '2009-03-23 17:18:56'),
(1262, 6, 1, '2009-03-23 17:18:56'),
(1263, 6, 1, '2009-03-23 17:19:00'),
(1264, 6, 1, '2009-03-23 17:19:01'),
(1265, 6, 1, '2009-03-23 17:19:07'),
(1266, 6, 1, '2009-03-23 17:19:07'),
(1267, 6, 1, '2009-03-23 17:19:08'),
(1268, 6, 1, '2009-03-23 17:19:09'),
(1269, 6, 1, '2009-03-23 17:19:09'),
(1270, 6, 1, '2009-03-23 17:19:10'),
(1271, 6, 1, '2009-03-23 17:19:10'),
(1272, 6, 1, '2009-03-23 17:19:11'),
(1273, 6, 1, '2009-03-23 17:19:12'),
(1274, 6, 1, '2009-03-23 17:19:15'),
(1275, 6, 1, '2009-03-23 17:19:16'),
(1276, 6, 1, '2009-03-23 17:19:16'),
(1277, 6, 1, '2009-03-23 17:19:17'),
(1278, 6, 1, '2009-03-23 17:19:18'),
(1279, 6, 1, '2009-03-23 17:19:19'),
(1280, 6, 1, '2009-03-23 17:19:19'),
(1281, 6, 1, '2009-03-23 17:19:20'),
(1282, 6, 1, '2009-03-23 17:19:20'),
(1283, 6, 1, '2009-03-23 17:19:25'),
(1284, 6, 1, '2009-03-23 17:19:25'),
(1285, 6, 1, '2009-03-23 17:19:26'),
(1286, 6, 1, '2009-03-23 17:19:26'),
(1287, 6, 1, '2009-03-23 17:19:27'),
(1288, 6, 1, '2009-03-23 17:19:28'),
(1289, 6, 1, '2009-03-23 17:19:28'),
(1290, 6, 1, '2009-03-23 17:19:29'),
(1291, 6, 1, '2009-03-23 17:19:29'),
(1292, 6, 1, '2009-03-23 17:19:30'),
(1293, 6, 1, '2009-03-23 17:19:31'),
(1294, 6, 1, '2009-03-23 17:19:31'),
(1295, 6, 1, '2009-03-23 17:19:32'),
(1296, 6, 1, '2009-03-23 17:19:32'),
(1297, 6, 1, '2009-03-23 17:19:33'),
(1298, 6, 1, '2009-03-23 17:19:34'),
(1299, 6, 1, '2009-03-23 17:19:34'),
(1300, 6, 1, '2009-03-23 17:19:35'),
(1301, 6, 1, '2009-03-23 17:19:35'),
(1302, 6, 1, '2009-03-23 17:19:36'),
(1303, 6, 1, '2009-03-23 17:19:37'),
(1304, 6, 1, '2009-03-23 17:19:37'),
(1305, 6, 1, '2009-03-23 17:19:38'),
(1306, 6, 1, '2009-03-23 17:19:38'),
(1307, 6, 1, '2009-03-23 17:19:39'),
(1308, 6, 1, '2009-03-23 17:19:40'),
(1309, 6, 1, '2009-03-23 17:19:40'),
(1310, 6, 1, '2009-03-23 17:19:41'),
(1311, 6, 1, '2009-03-23 17:19:41'),
(1312, 6, 1, '2009-03-23 17:19:42'),
(1313, 6, 1, '2009-03-23 17:19:43'),
(1314, 6, 1, '2009-03-23 17:19:43'),
(1315, 6, 1, '2009-03-23 17:19:44'),
(1316, 6, 1, '2009-03-23 17:19:44'),
(1317, 6, 1, '2009-03-23 17:19:45'),
(1318, 6, 1, '2009-03-23 17:19:46'),
(1319, 6, 1, '2009-03-23 17:19:46'),
(1320, 6, 1, '2009-03-23 17:19:47'),
(1321, 6, 1, '2009-03-23 17:19:47'),
(1322, 6, 1, '2009-03-23 17:19:48'),
(1323, 6, 1, '2009-03-23 17:19:48'),
(1324, 6, 1, '2009-03-23 17:19:49'),
(1325, 6, 1, '2009-03-23 17:19:50'),
(1326, 6, 1, '2009-03-23 17:19:50'),
(1327, 6, 1, '2009-03-23 17:19:51'),
(1328, 6, 1, '2009-03-23 17:19:52'),
(1329, 6, 1, '2009-03-23 17:19:52'),
(1330, 6, 1, '2009-03-23 17:19:53'),
(1331, 6, 1, '2009-03-23 17:19:53'),
(1332, 6, 1, '2009-03-23 17:19:54'),
(1333, 6, 1, '2009-03-23 17:19:55'),
(1334, 6, 1, '2009-03-23 17:19:55'),
(1335, 6, 1, '2009-03-23 17:19:56'),
(1336, 6, 1, '2009-03-23 17:19:56'),
(1337, 6, 1, '2009-03-23 17:19:57'),
(1338, 6, 1, '2009-03-23 17:19:58'),
(1339, 6, 1, '2009-03-23 17:19:58'),
(1340, 6, 1, '2009-03-23 17:19:59'),
(1341, 6, 1, '2009-03-23 17:19:59'),
(1342, 6, 1, '2009-03-23 17:20:00'),
(1343, 6, 1, '2009-03-23 17:20:01'),
(1344, 6, 1, '2009-03-23 17:20:01'),
(1345, 6, 1, '2009-03-23 17:20:03'),
(1346, 6, 1, '2009-03-23 17:20:04'),
(1347, 6, 1, '2009-03-23 17:20:04'),
(1348, 6, 1, '2009-03-23 17:20:05'),
(1349, 6, 1, '2009-03-23 17:20:05'),
(1350, 6, 1, '2009-03-23 17:20:06'),
(1351, 6, 1, '2009-03-23 17:20:07'),
(1352, 6, 1, '2009-03-23 17:20:07'),
(1353, 6, 1, '2009-03-23 17:20:08'),
(1354, 6, 1, '2009-03-23 17:20:08'),
(1355, 6, 1, '2009-03-23 17:20:09'),
(1356, 6, 1, '2009-03-23 17:20:10'),
(1357, 1, 7, '2009-03-23 17:20:14'),
(1358, 6, 1, '2009-03-23 17:23:28'),
(1359, 6, 1, '2009-03-23 17:23:29'),
(1360, 6, 1, '2009-03-23 17:23:29'),
(1361, 6, 1, '2009-03-23 17:23:30'),
(1362, 1, 7, '2009-03-23 17:23:32'),
(1363, 6, 1, '2009-03-23 17:28:17'),
(1364, 6, 1, '2009-03-23 17:28:18'),
(1365, 6, 1, '2009-03-23 17:28:18'),
(1366, 6, 1, '2009-03-23 17:28:19'),
(1367, 1, 7, '2009-03-23 17:28:20'),
(1368, 1, 7, '2009-03-23 17:29:05'),
(1369, 1, 7, '2009-03-23 17:30:29'),
(1370, 1, 7, '2009-03-23 17:31:12'),
(1371, 1, 7, '2009-03-23 17:31:37'),
(1372, 1, 7, '2009-03-23 17:32:04'),
(1373, 1, 7, '2009-03-23 17:32:19'),
(1374, 1, 7, '2009-03-23 17:37:29'),
(1375, 1, 7, '2009-03-23 17:38:13'),
(1376, 1, 7, '2009-03-23 17:38:40'),
(1377, 1, 7, '2009-03-23 18:06:18'),
(1378, 1, 7, '2009-03-23 18:06:51'),
(1379, 1, 7, '2009-03-23 18:07:53'),
(1380, 1, 7, '2009-03-24 10:27:18'),
(1381, 1, 7, '2009-03-24 10:45:40'),
(1382, 1, 7, '2009-03-24 10:46:19');

-- --------------------------------------------------------

--
-- Structure de la table `ieml_onto`
--

DROP TABLE IF EXISTS `ieml_onto`;
CREATE TABLE `ieml_onto` (
  `ieml_id` int(11) NOT NULL auto_increment,
  `ieml_code` varchar(50) NOT NULL,
  `ieml_lib` varchar(255) NOT NULL,
  `ieml_niveau` int(11) NOT NULL,
  `ieml_parent` varchar(50) character set latin1 NOT NULL,
  `ieml_date` date NOT NULL,
  PRIMARY KEY  (`ieml_id`)
) ENGINE=InnoDB  DEFAULT CHARSET=cp1256 COMMENT='Cette table est utilisée pour stocker l’ontologie IEML.' AUTO_INCREMENT=248 ;

--
-- Contenu de la table `ieml_onto`
--

INSERT INTO `ieml_onto` (`ieml_id`, `ieml_code`, `ieml_lib`, `ieml_niveau`, `ieml_parent`, `ieml_date`) VALUES
(1, 'n.a.-n.a.-f.o.-''', 'guide spirituel', 5, 'ideas', '2009-03-23'),
(2, 'b.e.-b.u.-wa.e.-''', 'interprétariat / guide', 5, 'ideas', '2009-03-23'),
(3, 'f.e.-l.i.-''', 'activité de bâtiment / travaux publics', 5, 'ideas', '2009-03-23'),
(4, 'd.i.-l.i.-t.u.-''', 'adresse / indicateur', 5, 'ideas', '2009-03-23'),
(5, 'b.i.-d.i.-t.u.-''', 'affiché', 5, 'ideas', '2009-03-23'),
(6, 'k.o.-m.o.-s.u.-''', 'amical', 5, 'ideas', '2009-03-23'),
(7, 'b.o.-', 'articulation linguistique', 3, 'relations', '2009-03-23'),
(8, 's.i.-l.i.-''', 'articulation physique', 5, 'ideas', '2009-03-23'),
(9, 's.i.-l.i.-t.u.-''', 'articulé', 5, 'ideas', '2009-03-23'),
(10, 'd.c.-', 'authenticité', 3, 'relations', '2009-03-23'),
(11, 'x.x.-f.o.-s.y.-''', 'biologie médicale', 5, 'ideas', '2009-03-23'),
(12, 'h.h.-f.o.-s.y.-''', 'bioéthique / éthique médicale', 5, 'ideas', '2009-03-23'),
(13, 'n.g.-', 'changement de comportement du public', 3, 'relations', '2009-03-23'),
(14, 'j.wa.-', 'changement de justifications', 3, 'relations', '2009-03-23'),
(15, 'j.m.-', 'cliché', 3, 'relations', '2009-03-23'),
(16, 'b.o.-k.o.-''', 'communication', 5, 'ideas', '2009-03-23'),
(17, 'f.e.-b.i.-''', 'communication augmentée', 5, 'ideas', '2009-03-23'),
(18, 'g.g.-s.o.-''', 'communication inter-humaine', 5, 'ideas', '2009-03-23'),
(19, 'y.y.-b.o.-''', 'communication scientifique', 5, 'ideas', '2009-03-23'),
(20, 'o.o.-b.o.-s.y.-''', 'communication sociale', 5, 'ideas', '2009-03-23'),
(21, 't.e.-t.u.-wa.e.-''', 'conception de logiciels', 5, 'ideas', '2009-03-23'),
(22, 'l.e.-t.i.-wa.e.-''', 'conception de véhicule', 5, 'ideas', '2009-03-23'),
(23, 'd.e.-t.i.-wa.e.-''', 'conduire un véhicule', 5, 'ideas', '2009-03-23'),
(24, 'b.e.-f.u.-wa.e.-''', 'culture musicale', 5, 'ideas', '2009-03-23'),
(25, 'g.g.-k.o.-''', 'discours public', 5, 'ideas', '2009-03-23'),
(26, 'b.i.-d.i.-''', 'dispositif d''affichage', 5, 'ideas', '2009-03-23'),
(27, 'f.i.-b.i.-''', 'drogue / médicament', 5, 'ideas', '2009-03-23'),
(28, 'd.u.-n.u.-''', 'déictique', 5, 'ideas', '2009-03-23'),
(29, 'e.a.-we.h.-', 'enrichir sa communauté', 5, 'ideas', '2009-03-23'),
(30, 'f.wo.-', 'exercice intellectuel', 3, 'relations', '2009-03-23'),
(31, 'n.wo.-', 'exercice spirituel', 3, 'relations', '2009-03-23'),
(32, 'j.g.-', 'explication', 3, 'relations', '2009-03-23'),
(33, 'g.j.-', 'explicitation', 3, 'relations', '2009-03-23'),
(34, 'u.y.-', 'expliciter', 3, 'relations', '2009-03-23'),
(35, 'm.a.-l.a.-''', 'fabrication', 5, 'ideas', '2009-03-23'),
(36, 'c.c.-b.o.-''', 'flux d''information significative', 5, 'ideas', '2009-03-23'),
(37, 'm.i.-m.i.-''', 'fétiche', 5, 'ideas', '2009-03-23'),
(38, 'm.i.-m.i.-t.u.-''', 'fétichisé', 5, 'ideas', '2009-03-23'),
(39, 'd.e.-', 'habiletés sensorimotrices', 3, 'relations', '2009-03-23'),
(40, 'o.n.-', 'habiter une niche étroite', 3, 'relations', '2009-03-23'),
(41, 'u.u.-t.o.-s.y.-''', 'histoire de la communication', 5, 'ideas', '2009-03-23'),
(42, 's.u.-k.u.-''', 'icône', 5, 'ideas', '2009-03-23'),
(43, 'n.wu.-', 'imagination créatrice', 3, 'relations', '2009-03-23'),
(44, 'm.o.-', 'implication émotionnelle', 3, 'relations', '2009-03-23'),
(45, 'j.d.-', 'impropriété lexicale', 3, 'relations', '2009-03-23'),
(46, 'd.u.-l.u.-''', 'indice', 5, 'ideas', '2009-03-23'),
(47, 's.a.-t.a.-f.o.-''', 'informaticien', 5, 'ideas', '2009-03-23'),
(48, 'n.e.-d.a.-''', 'information du public', 5, 'ideas', '2009-03-23'),
(49, 'k.o.-n.o.-''', 'justice', 5, 'ideas', '2009-03-23'),
(50, 'u.u.-n.o.-s.y.-''', 'lexicologie / dictionnaires', 5, 'ideas', '2009-03-23'),
(51, 'k.i.-b.i.-t.u.-''', 'logiciel', 5, 'ideas', '2009-03-23'),
(52, 'f.e.-b.i.-wa.e.-''', 'maîtrise des techniques de communication', 5, 'ideas', '2009-03-23'),
(53, 'i.i.-t.o.-s.y.-''', 'modèle prédictif', 5, 'ideas', '2009-03-23'),
(54, 'f.a.-b.a.-f.o.-''', 'musicien', 5, 'ideas', '2009-03-23'),
(55, 'u.u.-f.o.-s.y.-''', 'musicologie', 5, 'ideas', '2009-03-23'),
(56, 'f.i.-b.i.-t.u.-''', 'médicamenté', 5, 'ideas', '2009-03-23'),
(57, 'x.wa.-', 'nouveau véhicule', 3, 'relations', '2009-03-23'),
(58, 'l.a.-k.a.-f.o.-''', 'officier', 5, 'ideas', '2009-03-23'),
(59, 'n.a.-l.a.-''', 'ordre public', 5, 'ideas', '2009-03-23'),
(60, 'a.u.-we.h.-', 'ouvrir l''espace public', 5, 'ideas', '2009-03-23'),
(61, 's.e.-f.u.-''', 'performance musicale', 5, 'ideas', '2009-03-23'),
(62, 'n.a.-l.a.-f.o.-''', 'policier', 5, 'ideas', '2009-03-23'),
(63, 's.a.-k.a.-f.o.-''', 'politicien', 5, 'ideas', '2009-03-23'),
(64, 's.g.-', 'projet de communication', 3, 'relations', '2009-03-23'),
(65, 't.e.-b.u.-''', 'public conquis', 5, 'ideas', '2009-03-23'),
(66, 'b.a.-d.a.-f.o.-''', 'publicitaire', 5, 'ideas', '2009-03-23'),
(67, 'b.a.-d.a.-''', 'publicité', 5, 'ideas', '2009-03-23'),
(68, 'i.b.-', 'rompre la communication', 3, 'relations', '2009-03-23'),
(69, 'm.u.-k.u.-''', 'sacrifice', 5, 'ideas', '2009-03-23'),
(70, 'x.x.-d.o.-s.y.-''', 'sciences médico-légales', 5, 'ideas', '2009-03-23'),
(71, 'b.e.-f.u.-''', 'scène musicale', 5, 'ideas', '2009-03-23'),
(72, 'u.m.-', 'se tromper de diagnostic', 3, 'relations', '2009-03-23'),
(73, 'm.p.-', 'service rendu', 3, 'relations', '2009-03-23'),
(74, 'm.e.-m.a.-wa.e.-''', 'sollicitude', 5, 'ideas', '2009-03-23'),
(75, 'x.x.-b.o.-''', 'supports de télécommunication', 5, 'ideas', '2009-03-23'),
(76, 'k.a.-l.a.-''', 'syndicat', 5, 'ideas', '2009-03-23'),
(77, 'u.u.-t.o.-''', 'système de communication', 5, 'ideas', '2009-03-23'),
(78, 'f.a.-d.a.-f.o.-''', 'technicien', 5, 'ideas', '2009-03-23'),
(79, 'g.g.-s.o.-s.y.-''', 'théories de la communication', 5, 'ideas', '2009-03-23'),
(80, 'd.l.-', 'vertical', 3, 'relations', '2009-03-23'),
(81, 't.i.-s.i.-''', 'véhicule', 5, 'ideas', '2009-03-23'),
(82, 'm.j.-', 'écho public', 3, 'relations', '2009-03-23'),
(83, 'p.p.-m.o.-s.y.-''', 'études de la publicité', 5, 'ideas', '2009-03-23'),
(84, 'y.d.-', 'être handicapé moteur', 3, 'relations', '2009-03-23'),
(85, 'a.d.-', 'être superficiel', 3, 'relations', '2009-03-23'),
(86, 'i.n.-', 'être victime d''accident', 3, 'relations', '2009-03-23'),
(87, 'f.u.-t.u.-''', 'note de musique', 5, 'ideas', '2009-03-23'),
(88, 't.a.-l.a.-''', 'archive', 5, 'ideas', '2009-03-23'),
(89, 'a.a.-l.o.-s.y.-''', 'cartographie des réseaux sociaux', 5, 'ideas', '2009-03-23'),
(90, 'u.u.-l.o.-s.y.-''', 'cartographie sémantique', 5, 'ideas', '2009-03-23'),
(91, 'f.e.-m.i.-''', 'code physique / vestimentaire', 5, 'ideas', '2009-03-23'),
(92, 's.e.-', 'maîtrise des codes', 3, 'relations', '2009-03-23'),
(93, 'e.s.-', 'négliger les codes', 3, 'relations', '2009-03-23'),
(94, 'j.j.-k.o.-''', 'écosystème cognitif', 5, 'ideas', '2009-03-23'),
(95, 'm.x.-', 'atmosphère de collaboration', 3, 'relations', '2009-03-23'),
(96, 'k.o.-f.o.-''', 'collaboration', 5, 'ideas', '2009-03-23'),
(97, 'm.o.-k.o.-''', 'compassion', 5, 'ideas', '2009-03-23'),
(98, 't.e.-s.u.-''', 'design original', 5, 'ideas', '2009-03-23'),
(99, 'u.m.-', 'se tromper de diagnostic', 3, 'relations', '2009-03-23'),
(100, 'e.e.-l.o.-''', 'emploi', 5, 'ideas', '2009-03-23'),
(101, 'we.t.-', 'régler son emploi du temps', 3, 'relations', '2009-03-23'),
(102, 'h.h.-m.o.-''', 'saints / exemples', 5, 'ideas', '2009-03-23'),
(103, 'y.y.-d.o.-s.y.-''', 'pensée réflexive', 5, 'ideas', '2009-03-23'),
(104, 'd.u.-m.u.-d.u.-''', 'réflexe', 5, 'ideas', '2009-03-23'),
(105, 'j.wo.-', 'tournant de la réflexion', 3, 'relations', '2009-03-23'),
(106, 'a.c.-', 'accepter sa transformation', 3, 'relations', '2009-03-23'),
(107, 't.e.-d.u.-wa.e.-''', 'architecture d''information', 5, 'ideas', '2009-03-23'),
(108, 'we.b.-', 'cultiver un système d''information', 3, 'relations', '2009-03-23'),
(109, 'M.O.-M.O.-''', 'cycle de transformation', 4, 'cycles', '2009-03-23'),
(110, 'o.u.-we.h.-', 'filtrer l''information', 5, 'ideas', '2009-03-23'),
(111, 'c.c.-b.o.-''', 'flux d''information significative', 5, 'ideas', '2009-03-23'),
(112, 'n.e.-d.a.-''', 'information du public', 5, 'ideas', '2009-03-23'),
(113, 's.e.-d.u.-''', 'information obtenue', 5, 'ideas', '2009-03-23'),
(114, 'e.u.-we.h.-', 'outiller la recherche d''informations', 5, 'ideas', '2009-03-23'),
(115, 't.e.-d.u.-''', 'problématique informationnelle', 5, 'ideas', '2009-03-23'),
(116, 'u.y.-we.h.-', 'préciser l''information', 5, 'ideas', '2009-03-23'),
(117, 's.e.-d.u.-wa.e.-''', 'recherche d''information', 5, 'ideas', '2009-03-23'),
(118, 'wo.u.-', 's''orienter dans l''information', 3, 'relations', '2009-03-23'),
(119, 'e.e.-b.o.-s.y.-''', 'sciences de l''éducation et de la formation', 5, 'ideas', '2009-03-23'),
(120, 'b.i.-t.i.-t.u.-''', 'support d''information', 5, 'ideas', '2009-03-23'),
(121, 'n.i.-', 'technique de transformation', 3, 'relations', '2009-03-23'),
(122, 'c.we.-', 'transformation corporelle', 3, 'relations', '2009-03-23'),
(123, 'p.wa.-', 'transformation d''objectif', 3, 'relations', '2009-03-23'),
(124, 'n.x.-', 'transformation matérielle', 3, 'relations', '2009-03-23'),
(125, 'wu.u.-', 'trouver l''information', 3, 'relations', '2009-03-23'),
(126, 'c.c.-b.o.-s.y.-''', 'économie de l''information', 5, 'ideas', '2009-03-23'),
(127, 't.e.-d.u.-wa.e.-''', 'architecture d''information', 5, 'ideas', '2009-03-23'),
(128, 'we.b.-', 'cultiver un système d''information', 3, 'relations', '2009-03-23'),
(129, 'o.u.-we.h.-', 'filtrer l''information', 5, 'ideas', '2009-03-23'),
(130, 'c.c.-b.o.-''', 'flux d''information significative', 5, 'ideas', '2009-03-23'),
(131, 'n.e.-d.a.-''', 'information du public', 5, 'ideas', '2009-03-23'),
(132, 's.e.-d.u.-''', 'information obtenue', 5, 'ideas', '2009-03-23'),
(133, 'e.u.-we.h.-', 'outiller la recherche d''informations', 5, 'ideas', '2009-03-23'),
(134, 't.e.-d.u.-''', 'problématique informationnelle', 5, 'ideas', '2009-03-23'),
(135, 'u.y.-we.h.-', 'préciser l''information', 5, 'ideas', '2009-03-23'),
(136, 's.e.-d.u.-wa.e.-''', 'recherche d''information', 5, 'ideas', '2009-03-23'),
(137, 'wo.u.-', 's''orienter dans l''information', 3, 'relations', '2009-03-23'),
(138, 'b.i.-t.i.-t.u.-''', 'support d''information', 5, 'ideas', '2009-03-23'),
(139, 'wu.u.-', 'trouver l''information', 3, 'relations', '2009-03-23'),
(140, 'c.c.-b.o.-s.y.-''', 'économie de l''information', 5, 'ideas', '2009-03-23'),
(141, 'wo.j.-', 'réfléchir aux langages possibles', 3, 'relations', '2009-03-23'),
(142, 'j.f.-', 'langue de bois', 3, 'relations', '2009-03-23'),
(143, 'u.u.-b.o.-''', 'langue naturelle', 5, 'ideas', '2009-03-23'),
(144, 'g.g.-t.o.-s.y.-''', 'langues anciennes / épigraphie', 5, 'ideas', '2009-03-23'),
(145, 's.e.-b.u.-wa.e.-''', 'parler une seconde langue', 5, 'ideas', '2009-03-23'),
(146, 'f.i.-t.i.-t.u.-''', 'nourri', 5, 'ideas', '2009-03-23'),
(147, 'f.i.-k.i.-''', 'nourriture / boisson', 5, 'ideas', '2009-03-23'),
(148, 'a.y.-we.h.-', 'investir dans la recherche', 5, 'ideas', '2009-03-23'),
(149, 'a.y.-', 'mener une recherche', 3, 'relations', '2009-03-23'),
(150, 'b.e.-d.u.-''', 'objet de recherche', 5, 'ideas', '2009-03-23'),
(151, 'o.y.-we.h.-', 'orienter la recherche', 5, 'ideas', '2009-03-23'),
(152, 'e.y.-we.h.-', 'outiller la recherche', 5, 'ideas', '2009-03-23'),
(153, 'e.u.-we.h.-', 'outiller la recherche d''informations', 5, 'ideas', '2009-03-23'),
(154, 's.e.-d.u.-wa.e.-''', 'recherche d''information', 5, 'ideas', '2009-03-23'),
(155, 'i.i.-k.o.-s.y.-''', 'recherche et développement', 5, 'ideas', '2009-03-23'),
(156, 't.e.-l.u.-wa.e.-''', 'recherche scientifique', 5, 'ideas', '2009-03-23'),
(157, 'u.u.-l.o.-s.y.-''', 'cartographie sémantique', 5, 'ideas', '2009-03-23'),
(158, 's.e.-n.u.-''', 'distinction sémantique', 5, 'ideas', '2009-03-23'),
(159, 'u.u.-l.o.-''', 'réseau sémantique', 5, 'ideas', '2009-03-23'),
(160, 'b.j.-', 'innovation sémiotique', 3, 'relations', '2009-03-23'),
(161, 'c.p.-', 'héritage / legs', 3, 'relations', '2009-03-23'),
(162, 't.h.-', 'héritage spirituel', 3, 'relations', '2009-03-23'),
(163, 'd.i.-n.i.-''', 'instrument de pilotage', 5, 'ideas', '2009-03-23'),
(164, 'f.l.-', 'montagne', 3, 'relations', '2009-03-23'),
(165, 'c.n.-', 'stagnation', 3, 'relations', '2009-03-23'),
(166, 'n.h.-', 'acculturation', 3, 'relations', '2009-03-23'),
(167, 'o.b.-', 'accumuler les malentendus', 3, 'relations', '2009-03-23'),
(168, 'n.a.-s.a.-f.o.-''', 'adulte', 5, 'ideas', '2009-03-23'),
(169, 'o.a.-we.h.-', 'affirmer des valeurs culturelles', 5, 'ideas', '2009-03-23'),
(170, 'b.o.-', 'articulation linguistique', 3, 'relations', '2009-03-23'),
(171, 's.i.-l.i.-''', 'articulation physique', 5, 'ideas', '2009-03-23'),
(172, 's.i.-l.i.-t.u.-''', 'articulé', 5, 'ideas', '2009-03-23'),
(173, 'x.x.-f.o.-''', 'biomolécule active', 5, 'ideas', '2009-03-23'),
(174, 's.e.-t.u.-wa.e.-''', 'compter / calculer', 5, 'ideas', '2009-03-23'),
(175, 'l.e.-t.i.-wa.e.-''', 'conception de véhicule', 5, 'ideas', '2009-03-23'),
(176, 'd.e.-t.i.-wa.e.-''', 'conduire un véhicule', 5, 'ideas', '2009-03-23'),
(177, 'f.a.-s.a.-f.o.-''', 'consultant', 5, 'ideas', '2009-03-23'),
(178, 'f.a.-s.a.-''', 'consultation', 5, 'ideas', '2009-03-23'),
(179, 'n.u.-f.u.-''', 'couleur', 5, 'ideas', '2009-03-23'),
(180, 'f.a.-f.a.-f.o.-''', 'cultivateur / éleveur', 5, 'ideas', '2009-03-23'),
(181, 'we.s.-', 'cultiver l''équilibre intellectuel', 3, 'relations', '2009-03-23'),
(182, 'we.m.-', 'cultiver l''équilibre émotionnel', 3, 'relations', '2009-03-23'),
(183, 'wu.n.-', 'cultiver la clarté du sens', 3, 'relations', '2009-03-23'),
(184, 'u.a.-we.h.-', 'cultiver la mémoire collective', 5, 'ideas', '2009-03-23'),
(185, 'a.e.-we.h.-', 'cultiver le développement humain', 5, 'ideas', '2009-03-23'),
(186, 'wa.n.-', 'cultiver sa motivation', 3, 'relations', '2009-03-23'),
(187, 'wa.a.-', 'cultiver son caractère', 3, 'relations', '2009-03-23'),
(188, 'wa.f.-', 'cultiver son énergie physique', 3, 'relations', '2009-03-23'),
(189, 'we.b.-', 'cultiver un système d''information', 3, 'relations', '2009-03-23'),
(190, 'n.o.-s.o.-s.u.-''', 'cultivé', 5, 'ideas', '2009-03-23'),
(191, 'n.o.-s.o.-''', 'culture', 5, 'ideas', '2009-03-23'),
(192, 'f.a.-f.a.-''', 'culture / élevage', 5, 'ideas', '2009-03-23'),
(193, 'b.e.-m.u.-wa.e.-''', 'culture des arts de la scène', 5, 'ideas', '2009-03-23'),
(194, 'b.e.-f.u.-wa.e.-''', 'culture musicale', 5, 'ideas', '2009-03-23'),
(195, 'b.e.-l.u.-wa.e.-''', 'culture scientifique', 5, 'ideas', '2009-03-23'),
(196, 'b.e.-s.u.-''', 'culture visuelle', 5, 'ideas', '2009-03-23'),
(197, 'y.y.-b.o.-s.y.-''', 'diffusion / vulgarisation', 5, 'ideas', '2009-03-23'),
(198, 'd.h.-', 'différence culturelle', 3, 'relations', '2009-03-23'),
(199, 'g.d.-', 'erreur de calcul', 3, 'relations', '2009-03-23'),
(200, 'x.l.-', 'expulsion', 3, 'relations', '2009-03-23'),
(201, 'l.wa.-', 'liberté de circulation', 3, 'relations', '2009-03-23'),
(202, 'h.b.-', 'manipulation', 3, 'relations', '2009-03-23'),
(203, 'l.u.-k.u.-d.u.-''', 'miraculeux', 5, 'ideas', '2009-03-23'),
(204, 'l.u.-s.u.-''', 'moule', 5, 'ideas', '2009-03-23'),
(205, 'l.u.-s.u.-d.u.-''', 'moulé', 5, 'ideas', '2009-03-23'),
(206, 's.i.-b.i.-t.u.-''', 'multimedia', 5, 'ideas', '2009-03-23'),
(207, 'x.wa.-', 'nouveau véhicule', 3, 'relations', '2009-03-23'),
(208, 's.e.-b.u.-''', 'ouverture culturelle', 5, 'ideas', '2009-03-23'),
(209, 'a.a.-f.o.-''', 'population humaine', 5, 'ideas', '2009-03-23'),
(210, 's.h.-', 'projet culturel', 3, 'relations', '2009-03-23'),
(211, 'c.o.-', 'pulsion', 3, 'relations', '2009-03-23'),
(212, 'n.we.-', 'racines culturelles', 3, 'relations', '2009-03-23'),
(213, 'h.o.-', 'refoulement', 3, 'relations', '2009-03-23'),
(214, 'g.g.-n.o.-''', 'relations transculturelles', 5, 'ideas', '2009-03-23'),
(215, 't.we.-', 'régularités', 3, 'relations', '2009-03-23'),
(216, 'b.e.-m.u.-''', 'scène culturelle', 5, 'ideas', '2009-03-23'),
(217, 'l.i.-b.i.-''', 'simulation', 5, 'ideas', '2009-03-23'),
(218, 't.o.-l.o.-s.u.-''', 'simultané', 5, 'ideas', '2009-03-23'),
(219, 'l.i.-b.i.-t.u.-''', 'simulé', 5, 'ideas', '2009-03-23'),
(220, 'c.c.-n.o.-''', 'singularité culturelle', 5, 'ideas', '2009-03-23'),
(221, 's.i.-b.i.-''', 'studio multimedia', 5, 'ideas', '2009-03-23'),
(222, 'b.i.-f.i.-''', 'système circulatoire / système respiratoire', 5, 'ideas', '2009-03-23'),
(223, 's.e.-n.u.-wa.e.-''', 'vocabulaire', 5, 'ideas', '2009-03-23'),
(224, 'o.', 'vouloir', 2, 'events', '2009-03-23'),
(225, 't.i.-s.i.-''', 'véhicule', 5, 'ideas', '2009-03-23'),
(226, 'b.e.-b.u.-''', 'échange culturel', 5, 'ideas', '2009-03-23'),
(227, 'g.g.-n.o.-s.y.-''', 'études transculturelles', 5, 'ideas', '2009-03-23'),
(228, 'm.i.-t.i.-''', 'dispositif de sécurité', 5, 'ideas', '2009-03-23'),
(229, 'we.we.-', 'mourir', 3, 'relations', '2009-03-23'),
(230, 'd.s.-', 'obscurité', 3, 'relations', '2009-03-23'),
(231, 'o.o.-n.o.-s.y.-''', 'sciences juridiques', 5, 'ideas', '2009-03-23'),
(232, 'f.a.-l.a.-f.o.-''', 'secouriste', 5, 'ideas', '2009-03-23'),
(233, 'd.o.-k.o.-''', 'sécurité', 5, 'ideas', '2009-03-23'),
(234, 'n.e.-l.a.-''', 'sécurité collective', 5, 'ideas', '2009-03-23'),
(235, 'k.e.-l.a.-''', 'sécurité personnelle', 5, 'ideas', '2009-03-23'),
(236, 'x.x.-n.o.-s.y.-''', 'éthique juridique / criminologie', 5, 'ideas', '2009-03-23'),
(237, 'g.g.-l.o.-s.y.-''', 'études tourisme / hôtellerie', 5, 'ideas', '2009-03-23'),
(238, 'c.j.-', 'évolution juridique', 3, 'relations', '2009-03-23'),
(239, 'x.e.-', 'usage / utilisation', 3, 'relations', '2009-03-23'),
(240, 'u.u.-l.o.-s.y.-''', 'cartographie sémantique', 5, 'ideas', '2009-03-23'),
(241, 's.e.-n.u.-''', 'distinction sémantique', 5, 'ideas', '2009-03-23'),
(242, 'u.u.-l.o.-''', 'réseau sémantique', 5, 'ideas', '2009-03-23'),
(243, 'b.j.-', 'innovation sémiotique', 3, 'relations', '2009-03-23'),
(244, 'u.u.-l.o.-s.y.-''', 'cartographie sémantique', 5, 'ideas', '2009-03-23'),
(245, 's.e.-n.u.-''', 'distinction sémantique', 5, 'ideas', '2009-03-23'),
(246, 'u.u.-l.o.-''', 'réseau sémantique', 5, 'ideas', '2009-03-23'),
(247, 'b.j.-', 'innovation sémiotique', 3, 'relations', '2009-03-23');

-- --------------------------------------------------------

--
-- Structure de la table `ieml_onto_flux`
--

DROP TABLE IF EXISTS `ieml_onto_flux`;
CREATE TABLE `ieml_onto_flux` (
  `onto_flux_id` int(11) NOT NULL auto_increment,
  `onto_flux_code` varchar(225) NOT NULL,
  `onto_flux_desc` varchar(255) NOT NULL,
  `onto_flux_niveau` int(11) NOT NULL,
  `onto_flux_parents` char(255) NOT NULL,
  PRIMARY KEY  (`onto_flux_id`)
) ENGINE=InnoDB  DEFAULT CHARSET=cp1256 AUTO_INCREMENT=192 ;

--
-- Contenu de la table `ieml_onto_flux`
--

INSERT INTO `ieml_onto_flux` (`onto_flux_id`, `onto_flux_code`, `onto_flux_desc`, `onto_flux_niveau`, `onto_flux_parents`) VALUES
(1, '=>', '', 0, ''),
(2, 'ACM', '', 0, ''),
(3, 'APIs', '', 0, ''),
(4, 'Comenius', '', 0, ''),
(5, 'Descartes', '', 0, ''),
(6, 'Earthquake', '', 0, ''),
(7, 'Edward', '', 0, ''),
(8, 'Einstein', '', 0, ''),
(9, 'ElHachemiGuerouabi', '', 0, ''),
(10, 'GUID', '', 0, ''),
(11, 'Godwin', '', 0, ''),
(12, 'Hibernate', '', 0, ''),
(13, 'IC', '', 0, ''),
(14, 'Iv?n-Herman', '', 0, ''),
(15, 'Leibniz', '', 0, ''),
(16, 'LiveMetal', '', 0, ''),
(17, 'MKSM', '', 0, ''),
(18, 'MOAT', '', 0, ''),
(19, 'News', '', 0, ''),
(20, 'Note', '', 0, ''),
(21, 'POO', '', 0, ''),
(22, 'Père_Mersenne', '', 0, ''),
(23, 'REST', '', 0, ''),
(24, 'Revyu', '', 0, ''),
(25, 'SIOC', '', 0, ''),
(26, 'SMART-Project', '', 0, ''),
(27, 'Sapir', '', 0, ''),
(28, 'Streaming', '', 0, ''),
(29, 'Wilkins', '', 0, ''),
(30, 'aLire', '', 0, ''),
(31, 'acceleo', '', 0, ''),
(32, 'accéssibilité', '', 0, ''),
(33, 'ajax', '', 0, ''),
(34, 'amro', '', 0, ''),
(35, 'animation', '', 0, ''),
(36, 'annonce', '', 0, ''),
(37, 'archive', '', 0, ''),
(38, 'article', '', 0, ''),
(39, 'bibliothèque', '', 0, ''),
(40, 'blog', '', 0, ''),
(41, 'bollywood', '', 0, ''),
(42, 'bruno-bachimont', '', 0, ''),
(43, 'c++', '', 0, ''),
(44, 'calander', '', 0, ''),
(45, 'canvas', '', 0, ''),
(46, 'cartes', '', 0, ''),
(47, 'cartographie', '', 0, ''),
(48, 'chanson', '', 0, ''),
(49, 'classification', '', 0, ''),
(50, 'cms', '', 0, ''),
(51, 'code', '', 0, ''),
(52, 'cognitif', '', 0, ''),
(53, 'collaboration', '', 0, ''),
(54, 'compass', '', 0, ''),
(55, 'conférence', '', 0, ''),
(56, 'css', '', 0, ''),
(57, 'darad', '', 0, ''),
(58, 'del.icio.us', '', 0, ''),
(59, 'demo', '', 0, ''),
(60, 'design', '', 0, ''),
(61, 'diagnostic', '', 0, ''),
(62, 'e-learning', '', 0, ''),
(63, 'eclipse', '', 0, ''),
(64, 'emploi', '', 0, ''),
(65, 'exemples', '', 0, ''),
(66, 'extension', '', 0, ''),
(67, 'filmes', '', 0, ''),
(68, 'firefox', '', 0, ''),
(69, 'flex', '', 0, ''),
(70, 'folksonomie', '', 0, ''),
(71, 'formation', '', 0, ''),
(72, 'framwork', '', 0, ''),
(73, 'gestion_connaissances', '', 0, ''),
(74, 'global', '', 0, ''),
(75, 'glossaire', '', 0, ''),
(76, 'googleDoc', '', 0, ''),
(77, 'hardware', '', 0, ''),
(78, 'icon', '', 0, ''),
(79, 'icons', '', 0, ''),
(80, 'ieml', '', 0, ''),
(81, 'indexation', '', 0, ''),
(82, 'information', '', 0, ''),
(83, 'interaction', '', 0, ''),
(84, 'internet', '', 0, ''),
(85, 'jannonce', '', 0, ''),
(86, 'java', '', 0, ''),
(87, 'javascript', '', 0, ''),
(88, 'jquery', '', 0, ''),
(89, 'json', '', 0, ''),
(90, 'kheled', '', 0, ''),
(91, 'langage_universel', '', 0, ''),
(92, 'langages', '', 0, ''),
(93, 'langue', '', 0, ''),
(94, 'link_data', '', 0, ''),
(95, 'livre', '', 0, ''),
(96, 'for:luckysemiosis', '', 0, ''),
(97, 'mail', '', 0, ''),
(98, 'manuel', '', 0, ''),
(99, 'menu', '', 0, ''),
(100, 'menu_accordion', '', 0, ''),
(101, 'meta-langage', '', 0, ''),
(102, 'moteur-recherce', '', 0, ''),
(103, 'network', '', 0, ''),
(104, 'nour', '', 0, ''),
(105, 'oai', '', 0, ''),
(106, 'ofLine', '', 0, ''),
(107, 'onto-ethologie', '', 0, ''),
(108, 'ontologie', '', 0, ''),
(109, 'ontology', '', 0, ''),
(110, 'openaccess', '', 0, ''),
(111, 'opensource', '', 0, ''),
(112, 'owl', '', 0, ''),
(113, 'pattern', '', 0, ''),
(114, 'photoshop', '', 0, ''),
(115, 'php', '', 0, ''),
(116, 'pierre_levy', '', 0, ''),
(117, 'probabilité', '', 0, ''),
(118, 'profil-utilisateur', '', 0, ''),
(119, 'programation', '', 0, ''),
(120, 'project', '', 0, ''),
(121, 'rdf', '', 0, ''),
(122, 'recherche', '', 0, ''),
(123, 'révue', '', 0, ''),
(124, 'semanticweb', '', 0, ''),
(125, 'similation', '', 0, ''),
(126, 'simile', '', 0, ''),
(127, 'sparql', '', 0, ''),
(128, 'spip', '', 0, ''),
(129, 'surveillance', '', 0, ''),
(130, 'svg', '', 0, ''),
(131, 'system', '', 0, ''),
(132, 'sémantique', '', 0, ''),
(133, 'sémiotique', '', 0, ''),
(134, 'tag', '', 0, ''),
(135, 'tagCloud', '', 0, ''),
(136, 'tagging', '', 0, ''),
(137, 'tagontoloy', '', 0, ''),
(138, 'tags', '', 0, ''),
(139, 'thinking', '', 0, ''),
(140, 'tim-berners-lee', '', 0, ''),
(141, 'timeline', '', 0, ''),
(142, 'topic-maps', '', 0, ''),
(143, 'tutorial', '', 0, ''),
(144, 'tutoriel', '', 0, ''),
(145, 'ul', '', 0, ''),
(146, 'umberto-eco', '', 0, ''),
(147, 'unl', '', 0, ''),
(148, 'updat.rdf', '', 0, ''),
(149, 'uri', '', 0, ''),
(150, 'utilisation', '', 0, ''),
(151, 'venn', '', 0, ''),
(152, 'vidéo', '', 0, ''),
(153, 'virtuelle', '', 0, ''),
(154, 'visualisation', '', 0, ''),
(155, 'w3c', '', 0, ''),
(156, 'web', '', 0, ''),
(157, 'web-semantique', '', 0, ''),
(158, 'web2.0', '', 0, ''),
(159, 'webdesign', '', 0, ''),
(160, 'xml', '', 0, ''),
(161, 'xul', '', 0, ''),
(162, 'zend', '', 0, ''),
(166, 'Iv?n-Herman', '', 0, ''),
(167, 'Père_Mersenne', '', 0, ''),
(168, 'accéssibilité', '', 0, ''),
(169, 'bibliothèque', '', 0, ''),
(170, 'conférence', '', 0, ''),
(171, 'probabilité', '', 0, ''),
(172, 'révue', '', 0, ''),
(173, 'sémantique', '', 0, ''),
(174, 'sémiotique', '', 0, ''),
(175, 'vidéo', '', 0, ''),
(179, 'Iv?n-Herman', '', 0, ''),
(180, 'Père_Mersenne', '', 0, ''),
(181, 'accéssibilité', '', 0, ''),
(182, 'bibliothèque', '', 0, ''),
(183, 'conférence', '', 0, ''),
(184, 'probabilité', '', 0, ''),
(185, 'révue', '', 0, ''),
(186, 'sémantique', '', 0, ''),
(187, 'sémiotique', '', 0, ''),
(188, 'vidéo', '', 0, ''),
(189, 'ابن-كثير', '', 0, ''),
(190, 'البداية_و_النهاية', '', 0, ''),
(191, 'كتاب', '', 0, '');

-- --------------------------------------------------------

--
-- Structure de la table `ieml_trad`
--

DROP TABLE IF EXISTS `ieml_trad`;
CREATE TABLE `ieml_trad` (
  `trad_id` int(11) NOT NULL auto_increment,
  `ieml_id` int(11) NOT NULL,
  `onto_flux_id` int(11) NOT NULL,
  `trad_date` date NOT NULL,
  `trad_post` tinyint(1) NOT NULL,
  PRIMARY KEY  (`trad_id`)
) ENGINE=InnoDB  DEFAULT CHARSET=latin1 AUTO_INCREMENT=248 ;

--
-- Contenu de la table `ieml_trad`
--

INSERT INTO `ieml_trad` (`trad_id`, `ieml_id`, `onto_flux_id`, `trad_date`, `trad_post`) VALUES
(1, 1, 10, '2009-03-23', 0),
(2, 2, 10, '2009-03-23', 0),
(3, 3, 13, '2009-03-23', 0),
(4, 4, 13, '2009-03-23', 0),
(5, 5, 13, '2009-03-23', 0),
(6, 6, 13, '2009-03-23', 0),
(7, 7, 13, '2009-03-23', 0),
(8, 8, 13, '2009-03-23', 0),
(9, 9, 13, '2009-03-23', 0),
(10, 10, 13, '2009-03-23', 0),
(11, 11, 13, '2009-03-23', 0),
(12, 12, 13, '2009-03-23', 0),
(13, 13, 13, '2009-03-23', 0),
(14, 14, 13, '2009-03-23', 0),
(15, 15, 13, '2009-03-23', 0),
(16, 16, 13, '2009-03-23', 0),
(17, 17, 13, '2009-03-23', 0),
(18, 18, 13, '2009-03-23', 0),
(19, 19, 13, '2009-03-23', 0),
(20, 20, 13, '2009-03-23', 0),
(21, 21, 13, '2009-03-23', 0),
(22, 22, 13, '2009-03-23', 0),
(23, 23, 13, '2009-03-23', 0),
(24, 24, 13, '2009-03-23', 0),
(25, 25, 13, '2009-03-23', 0),
(26, 26, 13, '2009-03-23', 0),
(27, 27, 13, '2009-03-23', 0),
(28, 28, 13, '2009-03-23', 0),
(29, 29, 13, '2009-03-23', 0),
(30, 30, 13, '2009-03-23', 0),
(31, 31, 13, '2009-03-23', 0),
(32, 32, 13, '2009-03-23', 0),
(33, 33, 13, '2009-03-23', 0),
(34, 34, 13, '2009-03-23', 0),
(35, 35, 13, '2009-03-23', 0),
(36, 36, 13, '2009-03-23', 0),
(37, 37, 13, '2009-03-23', 0),
(38, 38, 13, '2009-03-23', 0),
(39, 39, 13, '2009-03-23', 0),
(40, 40, 13, '2009-03-23', 0),
(41, 41, 13, '2009-03-23', 0),
(42, 42, 13, '2009-03-23', 0),
(43, 43, 13, '2009-03-23', 0),
(44, 44, 13, '2009-03-23', 0),
(45, 45, 13, '2009-03-23', 0),
(46, 46, 13, '2009-03-23', 0),
(47, 47, 13, '2009-03-23', 0),
(48, 48, 13, '2009-03-23', 0),
(49, 49, 13, '2009-03-23', 0),
(50, 50, 13, '2009-03-23', 0),
(51, 51, 13, '2009-03-23', 0),
(52, 52, 13, '2009-03-23', 0),
(53, 53, 13, '2009-03-23', 0),
(54, 54, 13, '2009-03-23', 0),
(55, 55, 13, '2009-03-23', 0),
(56, 56, 13, '2009-03-23', 0),
(57, 57, 13, '2009-03-23', 0),
(58, 58, 13, '2009-03-23', 0),
(59, 59, 13, '2009-03-23', 0),
(60, 60, 13, '2009-03-23', 0),
(61, 61, 13, '2009-03-23', 0),
(62, 62, 13, '2009-03-23', 0),
(63, 63, 13, '2009-03-23', 0),
(64, 64, 13, '2009-03-23', 0),
(65, 65, 13, '2009-03-23', 0),
(66, 66, 13, '2009-03-23', 0),
(67, 67, 13, '2009-03-23', 0),
(68, 68, 13, '2009-03-23', 0),
(69, 69, 13, '2009-03-23', 0),
(70, 70, 13, '2009-03-23', 0),
(71, 71, 13, '2009-03-23', 0),
(72, 72, 13, '2009-03-23', 0),
(73, 73, 13, '2009-03-23', 0),
(74, 74, 13, '2009-03-23', 0),
(75, 75, 13, '2009-03-23', 0),
(76, 76, 13, '2009-03-23', 0),
(77, 77, 13, '2009-03-23', 0),
(78, 78, 13, '2009-03-23', 0),
(79, 79, 13, '2009-03-23', 0),
(80, 80, 13, '2009-03-23', 0),
(81, 81, 13, '2009-03-23', 0),
(82, 82, 13, '2009-03-23', 0),
(83, 83, 13, '2009-03-23', 0),
(84, 84, 13, '2009-03-23', 0),
(85, 85, 13, '2009-03-23', 0),
(86, 86, 13, '2009-03-23', 0),
(87, 87, 20, '2009-03-23', 0),
(88, 88, 37, '2009-03-23', 0),
(89, 89, 47, '2009-03-23', 0),
(90, 90, 47, '2009-03-23', 0),
(91, 91, 51, '2009-03-23', 0),
(92, 92, 51, '2009-03-23', 0),
(93, 93, 51, '2009-03-23', 0),
(94, 94, 52, '2009-03-23', 0),
(95, 95, 53, '2009-03-23', 0),
(96, 96, 53, '2009-03-23', 0),
(97, 97, 54, '2009-03-23', 0),
(98, 98, 60, '2009-03-23', 0),
(99, 99, 61, '2009-03-23', 0),
(100, 100, 64, '2009-03-23', 0),
(101, 101, 64, '2009-03-23', 0),
(102, 102, 65, '2009-03-23', 0),
(103, 103, 69, '2009-03-23', 0),
(104, 104, 69, '2009-03-23', 0),
(105, 105, 69, '2009-03-23', 0),
(106, 106, 71, '2009-03-23', 0),
(107, 107, 71, '2009-03-23', 0),
(108, 108, 71, '2009-03-23', 0),
(109, 109, 71, '2009-03-23', 0),
(110, 110, 71, '2009-03-23', 0),
(111, 111, 71, '2009-03-23', 0),
(112, 112, 71, '2009-03-23', 0),
(113, 113, 71, '2009-03-23', 0),
(114, 114, 71, '2009-03-23', 0),
(115, 115, 71, '2009-03-23', 0),
(116, 116, 71, '2009-03-23', 0),
(117, 117, 71, '2009-03-23', 0),
(118, 118, 71, '2009-03-23', 0),
(119, 119, 71, '2009-03-23', 0),
(120, 120, 71, '2009-03-23', 0),
(121, 121, 71, '2009-03-23', 0),
(122, 122, 71, '2009-03-23', 0),
(123, 123, 71, '2009-03-23', 0),
(124, 124, 71, '2009-03-23', 0),
(125, 125, 71, '2009-03-23', 0),
(126, 126, 71, '2009-03-23', 0),
(127, 127, 82, '2009-03-23', 0),
(128, 128, 82, '2009-03-23', 0),
(129, 129, 82, '2009-03-23', 0),
(130, 130, 82, '2009-03-23', 0),
(131, 131, 82, '2009-03-23', 0),
(132, 132, 82, '2009-03-23', 0),
(133, 133, 82, '2009-03-23', 0),
(134, 134, 82, '2009-03-23', 0),
(135, 135, 82, '2009-03-23', 0),
(136, 136, 82, '2009-03-23', 0),
(137, 137, 82, '2009-03-23', 0),
(138, 138, 82, '2009-03-23', 0),
(139, 139, 82, '2009-03-23', 0),
(140, 140, 82, '2009-03-23', 0),
(141, 141, 92, '2009-03-23', 0),
(142, 142, 93, '2009-03-23', 0),
(143, 143, 93, '2009-03-23', 0),
(144, 144, 93, '2009-03-23', 0),
(145, 145, 93, '2009-03-23', 0),
(146, 146, 104, '2009-03-23', 0),
(147, 147, 104, '2009-03-23', 0),
(148, 148, 122, '2009-03-23', 0),
(149, 149, 122, '2009-03-23', 0),
(150, 150, 122, '2009-03-23', 0),
(151, 151, 122, '2009-03-23', 0),
(152, 152, 122, '2009-03-23', 0),
(153, 153, 122, '2009-03-23', 0),
(154, 154, 122, '2009-03-23', 0),
(155, 155, 122, '2009-03-23', 0),
(156, 156, 122, '2009-03-23', 0),
(157, 157, 132, '2009-03-23', 0),
(158, 158, 132, '2009-03-23', 0),
(159, 159, 132, '2009-03-23', 0),
(160, 160, 133, '2009-03-23', 0),
(161, 161, 134, '2009-03-23', 0),
(162, 162, 134, '2009-03-23', 0),
(163, 163, 134, '2009-03-23', 0),
(164, 164, 134, '2009-03-23', 0),
(165, 165, 134, '2009-03-23', 0),
(166, 166, 145, '2009-03-23', 0),
(167, 167, 145, '2009-03-23', 0),
(168, 168, 145, '2009-03-23', 0),
(169, 169, 145, '2009-03-23', 0),
(170, 170, 145, '2009-03-23', 0),
(171, 171, 145, '2009-03-23', 0),
(172, 172, 145, '2009-03-23', 0),
(173, 173, 145, '2009-03-23', 0),
(174, 174, 145, '2009-03-23', 0),
(175, 175, 145, '2009-03-23', 0),
(176, 176, 145, '2009-03-23', 0),
(177, 177, 145, '2009-03-23', 0),
(178, 178, 145, '2009-03-23', 0),
(179, 179, 145, '2009-03-23', 0),
(180, 180, 145, '2009-03-23', 0),
(181, 181, 145, '2009-03-23', 0),
(182, 182, 145, '2009-03-23', 0),
(183, 183, 145, '2009-03-23', 0),
(184, 184, 145, '2009-03-23', 0),
(185, 185, 145, '2009-03-23', 0),
(186, 186, 145, '2009-03-23', 0),
(187, 187, 145, '2009-03-23', 0),
(188, 188, 145, '2009-03-23', 0),
(189, 189, 145, '2009-03-23', 0),
(190, 190, 145, '2009-03-23', 0),
(191, 191, 145, '2009-03-23', 0),
(192, 192, 145, '2009-03-23', 0),
(193, 193, 145, '2009-03-23', 0),
(194, 194, 145, '2009-03-23', 0),
(195, 195, 145, '2009-03-23', 0),
(196, 196, 145, '2009-03-23', 0),
(197, 197, 145, '2009-03-23', 0),
(198, 198, 145, '2009-03-23', 0),
(199, 199, 145, '2009-03-23', 0),
(200, 200, 145, '2009-03-23', 0),
(201, 201, 145, '2009-03-23', 0),
(202, 202, 145, '2009-03-23', 0),
(203, 203, 145, '2009-03-23', 0),
(204, 204, 145, '2009-03-23', 0),
(205, 205, 145, '2009-03-23', 0),
(206, 206, 145, '2009-03-23', 0),
(207, 207, 145, '2009-03-23', 0),
(208, 208, 145, '2009-03-23', 0),
(209, 209, 145, '2009-03-23', 0),
(210, 210, 145, '2009-03-23', 0),
(211, 211, 145, '2009-03-23', 0),
(212, 212, 145, '2009-03-23', 0),
(213, 213, 145, '2009-03-23', 0),
(214, 214, 145, '2009-03-23', 0),
(215, 215, 145, '2009-03-23', 0),
(216, 216, 145, '2009-03-23', 0),
(217, 217, 145, '2009-03-23', 0),
(218, 218, 145, '2009-03-23', 0),
(219, 219, 145, '2009-03-23', 0),
(220, 220, 145, '2009-03-23', 0),
(221, 221, 145, '2009-03-23', 0),
(222, 222, 145, '2009-03-23', 0),
(223, 223, 145, '2009-03-23', 0),
(224, 224, 145, '2009-03-23', 0),
(225, 225, 145, '2009-03-23', 0),
(226, 226, 145, '2009-03-23', 0),
(227, 227, 145, '2009-03-23', 0),
(228, 228, 149, '2009-03-23', 0),
(229, 229, 149, '2009-03-23', 0),
(230, 230, 149, '2009-03-23', 0),
(231, 231, 149, '2009-03-23', 0),
(232, 232, 149, '2009-03-23', 0),
(233, 233, 149, '2009-03-23', 0),
(234, 234, 149, '2009-03-23', 0),
(235, 235, 149, '2009-03-23', 0),
(236, 236, 149, '2009-03-23', 0),
(237, 237, 149, '2009-03-23', 0),
(238, 238, 149, '2009-03-23', 0),
(239, 239, 150, '2009-03-23', 0),
(240, 240, 173, '2009-03-23', 0),
(241, 241, 173, '2009-03-23', 0),
(242, 242, 173, '2009-03-23', 0),
(243, 243, 174, '2009-03-23', 0),
(244, 244, 186, '2009-03-23', 0),
(245, 245, 186, '2009-03-23', 0),
(246, 246, 186, '2009-03-23', 0),
(247, 247, 187, '2009-03-23', 0);

-- --------------------------------------------------------

--
-- Structure de la table `ieml_trad_partage`
--

DROP TABLE IF EXISTS `ieml_trad_partage`;
CREATE TABLE `ieml_trad_partage` (
  `trad_partage_id` int(11) NOT NULL auto_increment,
  `trad_id` int(11) NOT NULL,
  `uti_id` int(11) NOT NULL,
  PRIMARY KEY  (`trad_partage_id`),
  KEY `trad_id` (`trad_id`),
  KEY `uti_id` (`uti_id`)
) ENGINE=InnoDB  DEFAULT CHARSET=latin1 AUTO_INCREMENT=495 ;

--
-- Contenu de la table `ieml_trad_partage`
--

INSERT INTO `ieml_trad_partage` (`trad_partage_id`, `trad_id`, `uti_id`) VALUES
(1, 1, 1),
(2, 1, 7),
(3, 2, 1),
(4, 2, 7),
(5, 3, 1),
(6, 3, 7),
(7, 4, 1),
(8, 4, 7),
(9, 5, 1),
(10, 5, 7),
(11, 6, 1),
(12, 6, 7),
(13, 7, 1),
(14, 7, 7),
(15, 8, 1),
(16, 8, 7),
(17, 9, 1),
(18, 9, 7),
(19, 10, 1),
(20, 10, 7),
(21, 11, 1),
(22, 11, 7),
(23, 12, 1),
(24, 12, 7),
(25, 13, 1),
(26, 13, 7),
(27, 14, 1),
(28, 14, 7),
(29, 15, 1),
(30, 15, 7),
(31, 16, 1),
(32, 16, 7),
(33, 17, 1),
(34, 17, 7),
(35, 18, 1),
(36, 18, 7),
(37, 19, 1),
(38, 19, 7),
(39, 20, 1),
(40, 20, 7),
(41, 21, 1),
(42, 21, 7),
(43, 22, 1),
(44, 22, 7),
(45, 23, 1),
(46, 23, 7),
(47, 24, 1),
(48, 24, 7),
(49, 25, 1),
(50, 25, 7),
(51, 26, 1),
(52, 26, 7),
(53, 27, 1),
(54, 27, 7),
(55, 28, 1),
(56, 28, 7),
(57, 29, 1),
(58, 29, 7),
(59, 30, 1),
(60, 30, 7),
(61, 31, 1),
(62, 31, 7),
(63, 32, 1),
(64, 32, 7),
(65, 33, 1),
(66, 33, 7),
(67, 34, 1),
(68, 34, 7),
(69, 35, 1),
(70, 35, 7),
(71, 36, 1),
(72, 36, 7),
(73, 37, 1),
(74, 37, 7),
(75, 38, 1),
(76, 38, 7),
(77, 39, 1),
(78, 39, 7),
(79, 40, 1),
(80, 40, 7),
(81, 41, 1),
(82, 41, 7),
(83, 42, 1),
(84, 42, 7),
(85, 43, 1),
(86, 43, 7),
(87, 44, 1),
(88, 44, 7),
(89, 45, 1),
(90, 45, 7),
(91, 46, 1),
(92, 46, 7),
(93, 47, 1),
(94, 47, 7),
(95, 48, 1),
(96, 48, 7),
(97, 49, 1),
(98, 49, 7),
(99, 50, 1),
(100, 50, 7),
(101, 51, 1),
(102, 51, 7),
(103, 52, 1),
(104, 52, 7),
(105, 53, 1),
(106, 53, 7),
(107, 54, 1),
(108, 54, 7),
(109, 55, 1),
(110, 55, 7),
(111, 56, 1),
(112, 56, 7),
(113, 57, 1),
(114, 57, 7),
(115, 58, 1),
(116, 58, 7),
(117, 59, 1),
(118, 59, 7),
(119, 60, 1),
(120, 60, 7),
(121, 61, 1),
(122, 61, 7),
(123, 62, 1),
(124, 62, 7),
(125, 63, 1),
(126, 63, 7),
(127, 64, 1),
(128, 64, 7),
(129, 65, 1),
(130, 65, 7),
(131, 66, 1),
(132, 66, 7),
(133, 67, 1),
(134, 67, 7),
(135, 68, 1),
(136, 68, 7),
(137, 69, 1),
(138, 69, 7),
(139, 70, 1),
(140, 70, 7),
(141, 71, 1),
(142, 71, 7),
(143, 72, 1),
(144, 72, 7),
(145, 73, 1),
(146, 73, 7),
(147, 74, 1),
(148, 74, 7),
(149, 75, 1),
(150, 75, 7),
(151, 76, 1),
(152, 76, 7),
(153, 77, 1),
(154, 77, 7),
(155, 78, 1),
(156, 78, 7),
(157, 79, 1),
(158, 79, 7),
(159, 80, 1),
(160, 80, 7),
(161, 81, 1),
(162, 81, 7),
(163, 82, 1),
(164, 82, 7),
(165, 83, 1),
(166, 83, 7),
(167, 84, 1),
(168, 84, 7),
(169, 85, 1),
(170, 85, 7),
(171, 86, 1),
(172, 86, 7),
(173, 87, 1),
(174, 87, 7),
(175, 88, 1),
(176, 88, 7),
(177, 89, 1),
(178, 89, 7),
(179, 90, 1),
(180, 90, 7),
(181, 91, 1),
(182, 91, 7),
(183, 92, 1),
(184, 92, 7),
(185, 93, 1),
(186, 93, 7),
(187, 94, 1),
(188, 94, 7),
(189, 95, 1),
(190, 95, 7),
(191, 96, 1),
(192, 96, 7),
(193, 97, 1),
(194, 97, 7),
(195, 98, 1),
(196, 98, 7),
(197, 99, 1),
(198, 99, 7),
(199, 100, 1),
(200, 100, 7),
(201, 101, 1),
(202, 101, 7),
(203, 102, 1),
(204, 102, 7),
(205, 103, 1),
(206, 103, 7),
(207, 104, 1),
(208, 104, 7),
(209, 105, 1),
(210, 105, 7),
(211, 106, 1),
(212, 106, 7),
(213, 107, 1),
(214, 107, 7),
(215, 108, 1),
(216, 108, 7),
(217, 109, 1),
(218, 109, 7),
(219, 110, 1),
(220, 110, 7),
(221, 111, 1),
(222, 111, 7),
(223, 112, 1),
(224, 112, 7),
(225, 113, 1),
(226, 113, 7),
(227, 114, 1),
(228, 114, 7),
(229, 115, 1),
(230, 115, 7),
(231, 116, 1),
(232, 116, 7),
(233, 117, 1),
(234, 117, 7),
(235, 118, 1),
(236, 118, 7),
(237, 119, 1),
(238, 119, 7),
(239, 120, 1),
(240, 120, 7),
(241, 121, 1),
(242, 121, 7),
(243, 122, 1),
(244, 122, 7),
(245, 123, 1),
(246, 123, 7),
(247, 124, 1),
(248, 124, 7),
(249, 125, 1),
(250, 125, 7),
(251, 126, 1),
(252, 126, 7),
(253, 127, 1),
(254, 127, 7),
(255, 128, 1),
(256, 128, 7),
(257, 129, 1),
(258, 129, 7),
(259, 130, 1),
(260, 130, 7),
(261, 131, 1),
(262, 131, 7),
(263, 132, 1),
(264, 132, 7),
(265, 133, 1),
(266, 133, 7),
(267, 134, 1),
(268, 134, 7),
(269, 135, 1),
(270, 135, 7),
(271, 136, 1),
(272, 136, 7),
(273, 137, 1),
(274, 137, 7),
(275, 138, 1),
(276, 138, 7),
(277, 139, 1),
(278, 139, 7),
(279, 140, 1),
(280, 140, 7),
(281, 141, 1),
(282, 141, 7),
(283, 142, 1),
(284, 142, 7),
(285, 143, 1),
(286, 143, 7),
(287, 144, 1),
(288, 144, 7),
(289, 145, 1),
(290, 145, 7),
(291, 146, 1),
(292, 146, 7),
(293, 147, 1),
(294, 147, 7),
(295, 148, 1),
(296, 148, 7),
(297, 149, 1),
(298, 149, 7),
(299, 150, 1),
(300, 150, 7),
(301, 151, 1),
(302, 151, 7),
(303, 152, 1),
(304, 152, 7),
(305, 153, 1),
(306, 153, 7),
(307, 154, 1),
(308, 154, 7),
(309, 155, 1),
(310, 155, 7),
(311, 156, 1),
(312, 156, 7),
(313, 157, 1),
(314, 157, 7),
(315, 158, 1),
(316, 158, 7),
(317, 159, 1),
(318, 159, 7),
(319, 160, 1),
(320, 160, 7),
(321, 161, 1),
(322, 161, 7),
(323, 162, 1),
(324, 162, 7),
(325, 163, 1),
(326, 163, 7),
(327, 164, 1),
(328, 164, 7),
(329, 165, 1),
(330, 165, 7),
(331, 166, 1),
(332, 166, 7),
(333, 167, 1),
(334, 167, 7),
(335, 168, 1),
(336, 168, 7),
(337, 169, 1),
(338, 169, 7),
(339, 170, 1),
(340, 170, 7),
(341, 171, 1),
(342, 171, 7),
(343, 172, 1),
(344, 172, 7),
(345, 173, 1),
(346, 173, 7),
(347, 174, 1),
(348, 174, 7),
(349, 175, 1),
(350, 175, 7),
(351, 176, 1),
(352, 176, 7),
(353, 177, 1),
(354, 177, 7),
(355, 178, 1),
(356, 178, 7),
(357, 179, 1),
(358, 179, 7),
(359, 180, 1),
(360, 180, 7),
(361, 181, 1),
(362, 181, 7),
(363, 182, 1),
(364, 182, 7),
(365, 183, 1),
(366, 183, 7),
(367, 184, 1),
(368, 184, 7),
(369, 185, 1),
(370, 185, 7),
(371, 186, 1),
(372, 186, 7),
(373, 187, 1),
(374, 187, 7),
(375, 188, 1),
(376, 188, 7),
(377, 189, 1),
(378, 189, 7),
(379, 190, 1),
(380, 190, 7),
(381, 191, 1),
(382, 191, 7),
(383, 192, 1),
(384, 192, 7),
(385, 193, 1),
(386, 193, 7),
(387, 194, 1),
(388, 194, 7),
(389, 195, 1),
(390, 195, 7),
(391, 196, 1),
(392, 196, 7),
(393, 197, 1),
(394, 197, 7),
(395, 198, 1),
(396, 198, 7),
(397, 199, 1),
(398, 199, 7),
(399, 200, 1),
(400, 200, 7),
(401, 201, 1),
(402, 201, 7),
(403, 202, 1),
(404, 202, 7),
(405, 203, 1),
(406, 203, 7),
(407, 204, 1),
(408, 204, 7),
(409, 205, 1),
(410, 205, 7),
(411, 206, 1),
(412, 206, 7),
(413, 207, 1),
(414, 207, 7),
(415, 208, 1),
(416, 208, 7),
(417, 209, 1),
(418, 209, 7),
(419, 210, 1),
(420, 210, 7),
(421, 211, 1),
(422, 211, 7),
(423, 212, 1),
(424, 212, 7),
(425, 213, 1),
(426, 213, 7),
(427, 214, 1),
(428, 214, 7),
(429, 215, 1),
(430, 215, 7),
(431, 216, 1),
(432, 216, 7),
(433, 217, 1),
(434, 217, 7),
(435, 218, 1),
(436, 218, 7),
(437, 219, 1),
(438, 219, 7),
(439, 220, 1),
(440, 220, 7),
(441, 221, 1),
(442, 221, 7),
(443, 222, 1),
(444, 222, 7),
(445, 223, 1),
(446, 223, 7),
(447, 224, 1),
(448, 224, 7),
(449, 225, 1),
(450, 225, 7),
(451, 226, 1),
(452, 226, 7),
(453, 227, 1),
(454, 227, 7),
(455, 228, 1),
(456, 228, 7),
(457, 229, 1),
(458, 229, 7),
(459, 230, 1),
(460, 230, 7),
(461, 231, 1),
(462, 231, 7),
(463, 232, 1),
(464, 232, 7),
(465, 233, 1),
(466, 233, 7),
(467, 234, 1),
(468, 234, 7),
(469, 235, 1),
(470, 235, 7),
(471, 236, 1),
(472, 236, 7),
(473, 237, 1),
(474, 237, 7),
(475, 238, 1),
(476, 238, 7),
(477, 239, 1),
(478, 239, 7),
(479, 240, 1),
(480, 240, 7),
(481, 241, 1),
(482, 241, 7),
(483, 242, 1),
(484, 242, 7),
(485, 243, 1),
(486, 243, 7),
(487, 244, 1),
(488, 244, 7),
(489, 245, 1),
(490, 245, 7),
(491, 246, 1),
(492, 246, 7),
(493, 247, 1),
(494, 247, 7);

-- --------------------------------------------------------

--
-- Structure de la table `ieml_uti`
--

DROP TABLE IF EXISTS `ieml_uti`;
CREATE TABLE `ieml_uti` (
  `uti_id` int(11) NOT NULL auto_increment,
  `uti_login` varchar(225) NOT NULL,
  `maj` varchar(225) NOT NULL,
  PRIMARY KEY  (`uti_id`)
) ENGINE=InnoDB  DEFAULT CHARSET=latin1 AUTO_INCREMENT=10 ;

--
-- Contenu de la table `ieml_uti`
--

INSERT INTO `ieml_uti` (`uti_id`, `uti_login`, `maj`) VALUES
(1, '*s.i.-m.i.-''''t.a.-s.a.-'''',**', ''),
(7, 'amelmaster', '2009-03-12 09:48:57'),
(9, 'luckysemiosis', '2009-03-23 17:53:25');

-- --------------------------------------------------------

--
-- Structure de la table `ieml_uti_onto`
--

DROP TABLE IF EXISTS `ieml_uti_onto`;
CREATE TABLE `ieml_uti_onto` (
  `uti_id` int(11) NOT NULL,
  `ieml_id` int(11) NOT NULL,
  PRIMARY KEY  (`uti_id`,`ieml_id`)
) ENGINE=InnoDB DEFAULT CHARSET=latin1;

--
-- Contenu de la table `ieml_uti_onto`
--

INSERT INTO `ieml_uti_onto` (`uti_id`, `ieml_id`) VALUES
(1, 1),
(1, 2),
(1, 3),
(1, 4),
(1, 5),
(1, 6),
(1, 7),
(1, 8),
(1, 9),
(1, 10),
(1, 11),
(1, 12),
(1, 13),
(1, 14),
(1, 15),
(1, 16),
(1, 17),
(1, 18),
(1, 19),
(1, 20),
(1, 21),
(1, 22),
(1, 23),
(1, 24),
(1, 25),
(1, 26),
(1, 27),
(1, 28),
(1, 29),
(1, 30),
(1, 31),
(1, 32),
(1, 33),
(1, 34),
(1, 35),
(1, 36),
(1, 37),
(1, 38),
(1, 39),
(1, 40),
(1, 41),
(1, 42),
(1, 43),
(1, 44),
(1, 45),
(1, 46),
(1, 47),
(1, 48),
(1, 49),
(1, 50),
(1, 51),
(1, 52),
(1, 53),
(1, 54),
(1, 55),
(1, 56),
(1, 57),
(1, 58),
(1, 59),
(1, 60),
(1, 61),
(1, 62),
(1, 63),
(1, 64),
(1, 65),
(1, 66),
(1, 67),
(1, 68),
(1, 69),
(1, 70),
(1, 71),
(1, 72),
(1, 73),
(1, 74),
(1, 75),
(1, 76),
(1, 77),
(1, 78),
(1, 79),
(1, 80),
(1, 81),
(1, 82),
(1, 83),
(1, 84),
(1, 85),
(1, 86),
(1, 87),
(1, 88),
(1, 89),
(1, 90),
(1, 91),
(1, 92),
(1, 93),
(1, 94),
(1, 95),
(1, 96),
(1, 97),
(1, 98),
(1, 99),
(1, 100),
(1, 101),
(1, 102),
(1, 103),
(1, 104),
(1, 105),
(1, 106),
(1, 107),
(1, 108),
(1, 109),
(1, 110),
(1, 111),
(1, 112),
(1, 113),
(1, 114),
(1, 115),
(1, 116),
(1, 117),
(1, 118),
(1, 119),
(1, 120),
(1, 121),
(1, 122),
(1, 123),
(1, 124),
(1, 125),
(1, 126),
(1, 127),
(1, 128),
(1, 129),
(1, 130),
(1, 131),
(1, 132),
(1, 133),
(1, 134),
(1, 135),
(1, 136),
(1, 137),
(1, 138),
(1, 139),
(1, 140),
(1, 141),
(1, 142),
(1, 143),
(1, 144),
(1, 145),
(1, 146),
(1, 147),
(1, 148),
(1, 149),
(1, 150),
(1, 151),
(1, 152),
(1, 153),
(1, 154),
(1, 155),
(1, 156),
(1, 157),
(1, 158),
(1, 159),
(1, 160),
(1, 161),
(1, 162),
(1, 163),
(1, 164),
(1, 165),
(1, 166),
(1, 167),
(1, 168),
(1, 169),
(1, 170),
(1, 171),
(1, 172),
(1, 173),
(1, 174),
(1, 175),
(1, 176),
(1, 177),
(1, 178),
(1, 179),
(1, 180),
(1, 181),
(1, 182),
(1, 183),
(1, 184),
(1, 185),
(1, 186),
(1, 187),
(1, 188),
(1, 189),
(1, 190),
(1, 191),
(1, 192),
(1, 193),
(1, 194),
(1, 195),
(1, 196),
(1, 197),
(1, 198),
(1, 199),
(1, 200),
(1, 201),
(1, 202),
(1, 203),
(1, 204),
(1, 205),
(1, 206),
(1, 207),
(1, 208),
(1, 209),
(1, 210),
(1, 211),
(1, 212),
(1, 213),
(1, 214),
(1, 215),
(1, 216),
(1, 217),
(1, 218),
(1, 219),
(1, 220),
(1, 221),
(1, 222),
(1, 223),
(1, 224),
(1, 225),
(1, 226),
(1, 227),
(1, 228),
(1, 229),
(1, 230),
(1, 231),
(1, 232),
(1, 233),
(1, 234),
(1, 235),
(1, 236),
(1, 237),
(1, 238),
(1, 239),
(1, 240),
(1, 241),
(1, 242),
(1, 243),
(1, 244),
(1, 245),
(1, 246),
(1, 247);

-- --------------------------------------------------------

--
-- Structure de la table `ieml_uti_onto_flux`
--

DROP TABLE IF EXISTS `ieml_uti_onto_flux`;
CREATE TABLE `ieml_uti_onto_flux` (
  `uti_id` int(11) NOT NULL,
  `onto_flux_id` int(11) NOT NULL,
  PRIMARY KEY  (`uti_id`,`onto_flux_id`)
) ENGINE=InnoDB DEFAULT CHARSET=latin1;

--
-- Contenu de la table `ieml_uti_onto_flux`
--

INSERT INTO `ieml_uti_onto_flux` (`uti_id`, `onto_flux_id`) VALUES
(7, 1),
(7, 2),
(7, 3),
(7, 4),
(7, 5),
(7, 6),
(7, 7),
(7, 8),
(7, 9),
(7, 10),
(7, 11),
(7, 12),
(7, 13),
(7, 14),
(7, 15),
(7, 16),
(7, 17),
(7, 18),
(7, 19),
(7, 20),
(7, 21),
(7, 22),
(7, 23),
(7, 24),
(7, 25),
(7, 26),
(7, 27),
(7, 28),
(7, 29),
(7, 30),
(7, 31),
(7, 32),
(7, 33),
(7, 34),
(7, 35),
(7, 36),
(7, 37),
(7, 38),
(7, 39),
(7, 40),
(7, 41),
(7, 42),
(7, 43),
(7, 44),
(7, 45),
(7, 46),
(7, 47),
(7, 48),
(7, 49),
(7, 50),
(7, 51),
(7, 52),
(7, 53),
(7, 54),
(7, 55),
(7, 56),
(7, 57),
(7, 58),
(7, 59),
(7, 60),
(7, 61),
(7, 62),
(7, 63),
(7, 64),
(7, 65),
(7, 66),
(7, 67),
(7, 68),
(7, 69),
(7, 70),
(7, 71),
(7, 72),
(7, 73),
(7, 74),
(7, 75),
(7, 76),
(7, 77),
(7, 78),
(7, 79),
(7, 80),
(7, 81),
(7, 82),
(7, 83),
(7, 84),
(7, 85),
(7, 86),
(7, 87),
(7, 88),
(7, 89),
(7, 90),
(7, 91),
(7, 92),
(7, 93),
(7, 94),
(7, 95),
(7, 96),
(7, 97),
(7, 98),
(7, 99),
(7, 100),
(7, 101),
(7, 102),
(7, 103),
(7, 104),
(7, 105),
(7, 106),
(7, 107),
(7, 108),
(7, 109),
(7, 110),
(7, 111),
(7, 112),
(7, 113),
(7, 114),
(7, 115),
(7, 116),
(7, 117),
(7, 118),
(7, 119),
(7, 120),
(7, 121),
(7, 122),
(7, 123),
(7, 124),
(7, 125),
(7, 126),
(7, 127),
(7, 128),
(7, 129),
(7, 130),
(7, 131),
(7, 132),
(7, 133),
(7, 134),
(7, 135),
(7, 136),
(7, 137),
(7, 138),
(7, 139),
(7, 140),
(7, 141),
(7, 142),
(7, 143),
(7, 144),
(7, 145),
(7, 146),
(7, 147),
(7, 148),
(7, 149),
(7, 150),
(7, 151),
(7, 152),
(7, 153),
(7, 154),
(7, 155),
(7, 156),
(7, 157),
(7, 158),
(7, 159),
(7, 160),
(7, 161),
(7, 162),
(7, 163),
(7, 164),
(7, 165),
(7, 166),
(7, 167),
(7, 168),
(7, 169),
(7, 170),
(7, 171),
(7, 172),
(7, 173),
(7, 174),
(7, 175),
(7, 176),
(7, 177),
(7, 178),
(7, 179),
(7, 180),
(7, 181),
(7, 182),
(7, 183),
(7, 184),
(7, 185),
(7, 186),
(7, 187),
(7, 188),
(7, 189),
(7, 190),
(7, 191);
