-- phpMyAdmin SQL Dump
-- version 2.11.0
-- http://www.phpmyadmin.net
--
-- Serveur: localhost
-- Généré le : Ven 09 Mai 2008 à 20:43
-- Version du serveur: 5.0.45
-- Version de PHP: 5.2.4

SET SQL_MODE="NO_AUTO_VALUE_ON_ZERO";

--
-- Base de données: `ieml_evalactisem`
--

-- --------------------------------------------------------

--
-- Structure de la table `ieml_acti`
--

CREATE TABLE `ieml_acti` (
  `acti_id` int(11) NOT NULL auto_increment,
  `acti_code` text NOT NULL,
  `acti_desc` varchar(255) NOT NULL,
  PRIMARY KEY  (`acti_id`)
) ENGINE=InnoDB  DEFAULT CHARSET=latin1 AUTO_INCREMENT=8 ;

--
-- Contenu de la table `ieml_acti`
--

INSERT INTO `ieml_acti` (`acti_id`, `acti_code`, `acti_desc`) VALUES
(1, 'RAT', 'recuperation des tags delicious'),
(2, 'RB', 'recuperation des bundles delicious'),
(3, 'RP', 'recuperation d''un post delicious'),
(4, 'RAP', 'recuperation de tous les posts delicious'),
(5, 'RRP', 'recuperation des  posts recentes delicious '),
(6, 'AddTrad', 'Ajout d''une traduction '),
(7, 'DelTrad', 'suppression ''ine traduction ');

-- --------------------------------------------------------

--
-- Structure de la table `ieml_acti_uti`
--

CREATE TABLE `ieml_acti_uti` (
  `acti_id` int(10) NOT NULL,
  `uti_id` int(10) NOT NULL,
  `date` datetime NOT NULL,
  `hour` time NOT NULL
) ENGINE=InnoDB DEFAULT CHARSET=latin1;

--
-- Contenu de la table `ieml_acti_uti`
--

INSERT INTO `ieml_acti_uti` (`acti_id`, `uti_id`, `date`, `hour`) VALUES
(1, 1, '2008-05-08 20:24:17', '20:24:17'),
(2, 1, '2008-05-08 20:34:44', '20:34:44'),
(2, 1, '2008-05-08 20:34:52', '20:34:52'),
(1, 1, '2008-05-08 20:38:12', '20:38:12'),
(1, 1, '2008-05-08 20:38:43', '20:38:43'),
(1, 1, '2008-05-08 20:39:14', '20:39:14'),
(1, 1, '2008-05-08 20:41:17', '20:41:17'),
(1, 1, '2008-05-08 20:43:04', '20:43:04'),
(1, 1, '2008-05-08 20:43:49', '20:43:49'),
(1, 1, '2008-05-08 21:11:22', '21:11:22'),
(1, 1, '2008-05-08 21:52:18', '21:52:18'),
(1, 1, '2008-05-08 21:54:55', '21:54:55'),
(1, 1, '2008-05-08 21:56:03', '21:56:03'),
(1, 1, '2008-05-08 21:59:35', '21:59:35'),
(1, 1, '2008-05-08 22:12:38', '22:12:38'),
(1, 1, '2008-05-08 22:13:42', '22:13:42'),
(1, 1, '2008-05-08 22:14:40', '22:14:40'),
(1, 1, '2008-05-08 22:16:01', '22:16:01'),
(1, 1, '2008-05-08 22:18:56', '22:18:56'),
(1, 1, '2008-05-08 22:19:50', '22:19:50'),
(1, 1, '2008-05-08 22:20:44', '22:20:44'),
(1, 1, '2008-05-08 22:21:24', '22:21:24'),
(1, 1, '2008-05-08 22:21:41', '22:21:41'),
(1, 1, '2008-05-08 22:26:02', '22:26:02'),
(1, 1, '2008-05-08 22:26:41', '22:26:41'),
(1, 1, '2008-05-08 22:26:43', '22:26:43'),
(1, 1, '2008-05-08 22:27:49', '22:27:49'),
(1, 1, '2008-05-08 22:34:48', '22:34:48'),
(1, 1, '2008-05-08 22:35:19', '22:35:19'),
(1, 1, '2008-05-08 22:37:03', '22:37:03'),
(1, 1, '2008-05-08 22:37:18', '22:37:18'),
(1, 1, '2008-05-09 14:16:35', '14:16:35'),
(1, 1, '2008-05-09 14:18:44', '14:18:44'),
(1, 1, '2008-05-09 14:21:51', '14:21:51'),
(6, 1, '2008-05-09 14:21:57', '14:21:57'),
(1, 1, '2008-05-09 14:24:44', '14:24:44'),
(6, 1, '2008-05-09 14:24:49', '14:24:49'),
(1, 1, '2008-05-09 14:25:18', '14:25:18'),
(6, 1, '2008-05-09 14:25:23', '14:25:23'),
(1, 1, '2008-05-09 14:25:51', '14:25:51'),
(6, 1, '2008-05-09 14:25:57', '14:25:57'),
(1, 1, '2008-05-09 14:26:58', '14:26:58'),
(6, 1, '2008-05-09 14:27:12', '14:27:12'),
(1, 1, '2008-05-09 14:29:16', '14:29:16'),
(6, 1, '2008-05-09 14:29:28', '14:29:28'),
(1, 1, '2008-05-09 14:30:22', '14:30:22'),
(7, 0, '2008-05-09 14:30:30', '14:30:30'),
(7, 0, '2008-05-09 14:30:34', '14:30:34'),
(6, 1, '2008-05-09 14:30:47', '14:30:47'),
(1, 1, '2008-05-09 14:31:37', '14:31:37'),
(1, 1, '2008-05-09 14:31:54', '14:31:54'),
(6, 1, '2008-05-09 14:32:08', '14:32:08'),
(1, 1, '2008-05-09 14:36:01', '14:36:01'),
(7, 0, '2008-05-09 14:36:09', '14:36:09'),
(6, 1, '2008-05-09 14:36:25', '14:36:25'),
(1, 1, '2008-05-09 14:36:33', '14:36:33'),
(7, 0, '2008-05-09 14:36:41', '14:36:41'),
(7, 0, '2008-05-09 14:36:49', '14:36:49'),
(7, 0, '2008-05-09 14:36:54', '14:36:54'),
(6, 1, '2008-05-09 14:37:03', '14:37:03'),
(1, 1, '2008-05-09 14:38:07', '14:38:07'),
(7, 0, '2008-05-09 14:38:13', '14:38:13'),
(6, 1, '2008-05-09 14:38:26', '14:38:26'),
(1, 1, '2008-05-09 14:39:32', '14:39:32'),
(1, 1, '2008-05-09 14:40:02', '14:40:02'),
(6, 1, '2008-05-09 14:40:08', '14:40:08'),
(1, 1, '2008-05-09 14:40:38', '14:40:38'),
(6, 1, '2008-05-09 14:40:51', '14:40:51'),
(1, 1, '2008-05-09 14:40:58', '14:40:58'),
(6, 1, '2008-05-09 14:41:09', '14:41:09'),
(1, 1, '2008-05-09 14:41:45', '14:41:45'),
(6, 1, '2008-05-09 14:41:55', '14:41:55'),
(1, 1, '2008-05-09 14:42:25', '14:42:25'),
(7, 0, '2008-05-09 14:42:31', '14:42:31'),
(1, 1, '2008-05-09 14:42:59', '14:42:59'),
(6, 1, '2008-05-09 14:43:06', '14:43:06'),
(1, 1, '2008-05-09 14:45:45', '14:45:45'),
(1, 1, '2008-05-09 14:46:30', '14:46:30'),
(6, 1, '2008-05-09 14:46:38', '14:46:38'),
(1, 1, '2008-05-09 14:49:39', '14:49:39'),
(6, 1, '2008-05-09 14:49:58', '14:49:58'),
(1, 1, '2008-05-09 14:50:36', '14:50:36'),
(1, 1, '2008-05-09 14:50:43', '14:50:43'),
(1, 1, '2008-05-09 14:50:48', '14:50:48'),
(1, 1, '2008-05-09 14:51:03', '14:51:03'),
(1, 1, '2008-05-09 14:51:20', '14:51:20'),
(7, 0, '2008-05-09 14:51:38', '14:51:38'),
(1, 1, '2008-05-09 14:51:47', '14:51:47'),
(6, 1, '2008-05-09 14:51:56', '14:51:56'),
(1, 1, '2008-05-09 14:52:58', '14:52:58'),
(6, 1, '2008-05-09 14:53:05', '14:53:05'),
(1, 1, '2008-05-09 14:53:23', '14:53:23'),
(6, 1, '2008-05-09 14:53:28', '14:53:28'),
(1, 1, '2008-05-09 14:54:38', '14:54:38'),
(6, 1, '2008-05-09 14:54:44', '14:54:44'),
(1, 1, '2008-05-09 14:55:19', '14:55:19'),
(6, 1, '2008-05-09 14:55:24', '14:55:24'),
(1, 1, '2008-05-09 14:56:05', '14:56:05'),
(6, 1, '2008-05-09 14:56:12', '14:56:12'),
(1, 1, '2008-05-09 14:57:53', '14:57:53'),
(6, 1, '2008-05-09 14:58:00', '14:58:00'),
(1, 1, '2008-05-09 14:58:34', '14:58:34'),
(6, 1, '2008-05-09 14:58:41', '14:58:41'),
(1, 1, '2008-05-09 14:59:25', '14:59:25'),
(7, 0, '2008-05-09 14:59:31', '14:59:31'),
(1, 1, '2008-05-09 14:59:44', '14:59:44'),
(6, 1, '2008-05-09 14:59:49', '14:59:49'),
(1, 1, '2008-05-09 15:00:16', '15:00:16'),
(6, 1, '2008-05-09 15:00:25', '15:00:25'),
(1, 1, '2008-05-09 15:00:43', '15:00:43'),
(7, 0, '2008-05-09 15:00:48', '15:00:48'),
(1, 1, '2008-05-09 15:01:26', '15:01:26'),
(7, 0, '2008-05-09 15:01:32', '15:01:32'),
(1, 1, '2008-05-09 15:02:08', '15:02:08'),
(7, 0, '2008-05-09 15:02:16', '15:02:16'),
(1, 1, '2008-05-09 15:03:45', '15:03:45'),
(7, 0, '2008-05-09 15:03:55', '15:03:55'),
(1, 1, '2008-05-09 15:04:25', '15:04:25'),
(7, 0, '2008-05-09 15:04:32', '15:04:32'),
(1, 1, '2008-05-09 15:05:28', '15:05:28'),
(7, 0, '2008-05-09 15:05:33', '15:05:33'),
(1, 1, '2008-05-09 15:05:54', '15:05:54'),
(7, 0, '2008-05-09 15:06:00', '15:06:00'),
(1, 1, '2008-05-09 15:06:31', '15:06:31'),
(7, 0, '2008-05-09 15:06:38', '15:06:38'),
(1, 1, '2008-05-09 15:07:08', '15:07:08'),
(7, 0, '2008-05-09 15:07:16', '15:07:16'),
(1, 1, '2008-05-09 15:07:32', '15:07:32'),
(7, 0, '2008-05-09 15:07:38', '15:07:38'),
(1, 1, '2008-05-09 15:07:45', '15:07:45'),
(7, 0, '2008-05-09 15:07:54', '15:07:54'),
(1, 1, '2008-05-09 15:08:00', '15:08:00'),
(1, 1, '2008-05-09 15:08:28', '15:08:28'),
(7, 0, '2008-05-09 15:08:34', '15:08:34'),
(1, 1, '2008-05-09 15:08:39', '15:08:39'),
(6, 1, '2008-05-09 15:08:46', '15:08:46'),
(1, 1, '2008-05-09 15:09:22', '15:09:22'),
(7, 0, '2008-05-09 15:09:30', '15:09:30'),
(1, 1, '2008-05-09 15:09:37', '15:09:37'),
(1, 1, '2008-05-09 15:09:58', '15:09:58'),
(6, 1, '2008-05-09 15:10:05', '15:10:05'),
(1, 1, '2008-05-09 15:10:12', '15:10:12'),
(6, 1, '2008-05-09 15:10:22', '15:10:22'),
(1, 1, '2008-05-09 15:10:27', '15:10:27'),
(7, 0, '2008-05-09 15:10:34', '15:10:34'),
(1, 1, '2008-05-09 15:10:39', '15:10:39'),
(7, 0, '2008-05-09 15:10:46', '15:10:46'),
(1, 1, '2008-05-09 15:10:51', '15:10:51'),
(6, 1, '2008-05-09 15:11:02', '15:11:02'),
(1, 1, '2008-05-09 15:11:08', '15:11:08'),
(6, 1, '2008-05-09 15:11:17', '15:11:17'),
(1, 1, '2008-05-09 15:11:26', '15:11:26'),
(7, 0, '2008-05-09 15:11:32', '15:11:32'),
(1, 1, '2008-05-09 15:12:01', '15:12:01'),
(1, 1, '2008-05-09 15:12:16', '15:12:16'),
(7, 0, '2008-05-09 15:12:23', '15:12:23'),
(1, 1, '2008-05-09 15:12:28', '15:12:28'),
(7, 0, '2008-05-09 15:12:37', '15:12:37'),
(1, 1, '2008-05-09 15:12:56', '15:12:56'),
(6, 1, '2008-05-09 15:13:04', '15:13:04'),
(1, 1, '2008-05-09 15:13:08', '15:13:08'),
(7, 0, '2008-05-09 15:13:17', '15:13:17'),
(1, 1, '2008-05-09 15:13:23', '15:13:23'),
(7, 0, '2008-05-09 15:13:29', '15:13:29'),
(1, 1, '2008-05-09 15:13:34', '15:13:34'),
(1, 1, '2008-05-09 15:14:18', '15:14:18'),
(7, 0, '2008-05-09 15:14:24', '15:14:24'),
(1, 1, '2008-05-09 15:14:33', '15:14:33'),
(6, 1, '2008-05-09 15:14:39', '15:14:39'),
(1, 1, '2008-05-09 15:14:44', '15:14:44'),
(6, 1, '2008-05-09 15:14:52', '15:14:52'),
(1, 1, '2008-05-09 15:15:06', '15:15:06'),
(6, 1, '2008-05-09 15:15:14', '15:15:14'),
(1, 1, '2008-05-09 15:15:47', '15:15:47'),
(6, 1, '2008-05-09 15:15:54', '15:15:54'),
(1, 1, '2008-05-09 15:16:00', '15:16:00'),
(1, 1, '2008-05-09 15:16:34', '15:16:34'),
(6, 1, '2008-05-09 15:16:40', '15:16:40'),
(1, 1, '2008-05-09 15:16:44', '15:16:44'),
(1, 1, '2008-05-09 15:17:04', '15:17:04'),
(6, 1, '2008-05-09 15:17:09', '15:17:09'),
(1, 1, '2008-05-09 15:17:19', '15:17:19'),
(6, 1, '2008-05-09 15:17:32', '15:17:32'),
(1, 1, '2008-05-09 15:17:38', '15:17:38'),
(1, 1, '2008-05-09 15:18:18', '15:18:18'),
(6, 1, '2008-05-09 15:18:24', '15:18:24'),
(1, 1, '2008-05-09 15:19:23', '15:19:23'),
(6, 1, '2008-05-09 15:19:29', '15:19:29'),
(1, 1, '2008-05-09 15:21:29', '15:21:29'),
(6, 1, '2008-05-09 15:21:34', '15:21:34'),
(1, 1, '2008-05-09 15:21:39', '15:21:39'),
(6, 1, '2008-05-09 15:21:49', '15:21:49'),
(1, 1, '2008-05-09 15:21:57', '15:21:57'),
(6, 1, '2008-05-09 15:22:16', '15:22:16'),
(1, 1, '2008-05-09 15:22:22', '15:22:22'),
(1, 1, '2008-05-09 15:22:50', '15:22:50'),
(6, 1, '2008-05-09 15:22:56', '15:22:56'),
(1, 1, '2008-05-09 15:25:03', '15:25:03'),
(1, 1, '2008-05-09 15:25:38', '15:25:38'),
(6, 1, '2008-05-09 15:25:45', '15:25:45'),
(1, 1, '2008-05-09 15:26:28', '15:26:28'),
(6, 1, '2008-05-09 15:26:36', '15:26:36'),
(1, 1, '2008-05-09 15:26:43', '15:26:43'),
(1, 1, '2008-05-09 15:26:58', '15:26:58'),
(6, 1, '2008-05-09 15:27:05', '15:27:05'),
(1, 1, '2008-05-09 15:27:13', '15:27:13'),
(6, 1, '2008-05-09 15:27:22', '15:27:22'),
(1, 1, '2008-05-09 15:27:28', '15:27:28'),
(7, 0, '2008-05-09 15:27:53', '15:27:53'),
(1, 1, '2008-05-09 15:28:00', '15:28:00'),
(7, 0, '2008-05-09 15:28:07', '15:28:07'),
(1, 1, '2008-05-09 15:28:12', '15:28:12'),
(7, 0, '2008-05-09 15:28:20', '15:28:20'),
(1, 1, '2008-05-09 15:28:26', '15:28:26'),
(7, 0, '2008-05-09 15:28:43', '15:28:43'),
(1, 1, '2008-05-09 15:30:09', '15:30:09'),
(7, 0, '2008-05-09 15:30:17', '15:30:17'),
(1, 1, '2008-05-09 15:30:22', '15:30:22'),
(7, 0, '2008-05-09 15:31:11', '15:31:11'),
(1, 1, '2008-05-09 15:32:28', '15:32:28'),
(7, 0, '2008-05-09 15:32:35', '15:32:35'),
(1, 1, '2008-05-09 15:34:37', '15:34:37'),
(6, 1, '2008-05-09 15:34:42', '15:34:42'),
(1, 1, '2008-05-09 15:34:46', '15:34:46'),
(6, 1, '2008-05-09 15:35:00', '15:35:00'),
(1, 1, '2008-05-09 15:35:14', '15:35:14'),
(6, 1, '2008-05-09 15:35:19', '15:35:19'),
(1, 1, '2008-05-09 15:35:30', '15:35:30'),
(1, 1, '2008-05-09 15:35:49', '15:35:49'),
(6, 1, '2008-05-09 15:35:55', '15:35:55'),
(1, 1, '2008-05-09 15:36:01', '15:36:01'),
(6, 1, '2008-05-09 15:36:13', '15:36:13'),
(1, 1, '2008-05-09 15:36:19', '15:36:19'),
(6, 1, '2008-05-09 15:36:30', '15:36:30'),
(1, 1, '2008-05-09 15:36:35', '15:36:35'),
(1, 1, '2008-05-09 15:36:54', '15:36:54'),
(6, 1, '2008-05-09 15:37:01', '15:37:01'),
(1, 1, '2008-05-09 15:37:06', '15:37:06'),
(6, 1, '2008-05-09 15:37:24', '15:37:24'),
(1, 1, '2008-05-09 15:37:29', '15:37:29'),
(6, 1, '2008-05-09 15:37:36', '15:37:36'),
(1, 1, '2008-05-09 15:37:40', '15:37:40'),
(7, 0, '2008-05-09 15:37:48', '15:37:48'),
(1, 1, '2008-05-09 15:37:53', '15:37:53'),
(7, 0, '2008-05-09 15:38:01', '15:38:01'),
(1, 1, '2008-05-09 15:38:08', '15:38:08'),
(7, 0, '2008-05-09 15:38:15', '15:38:15'),
(1, 1, '2008-05-09 15:39:35', '15:39:35'),
(1, 1, '2008-05-09 15:39:53', '15:39:53'),
(1, 1, '2008-05-09 15:40:17', '15:40:17'),
(6, 1, '2008-05-09 15:40:22', '15:40:22'),
(1, 1, '2008-05-09 15:40:28', '15:40:28'),
(6, 1, '2008-05-09 15:40:40', '15:40:40'),
(1, 1, '2008-05-09 15:40:46', '15:40:46'),
(6, 1, '2008-05-09 15:40:51', '15:40:51'),
(1, 1, '2008-05-09 15:40:58', '15:40:58'),
(6, 1, '2008-05-09 15:41:10', '15:41:10'),
(1, 1, '2008-05-09 15:41:15', '15:41:15'),
(6, 1, '2008-05-09 15:41:25', '15:41:25'),
(1, 1, '2008-05-09 15:41:51', '15:41:51'),
(1, 1, '2008-05-09 15:42:07', '15:42:07'),
(1, 1, '2008-05-09 15:44:56', '15:44:56'),
(7, 0, '2008-05-09 15:45:03', '15:45:03'),
(1, 1, '2008-05-09 15:45:26', '15:45:26'),
(7, 0, '2008-05-09 15:45:41', '15:45:41'),
(1, 1, '2008-05-09 15:46:42', '15:46:42'),
(7, 0, '2008-05-09 15:46:49', '15:46:49'),
(1, 1, '2008-05-09 15:47:29', '15:47:29'),
(7, 0, '2008-05-09 15:47:35', '15:47:35'),
(1, 1, '2008-05-09 15:49:07', '15:49:07'),
(1, 1, '2008-05-09 15:49:20', '15:49:20'),
(6, 1, '2008-05-09 15:50:10', '15:50:10'),
(1, 1, '2008-05-09 15:51:59', '15:51:59'),
(7, 0, '2008-05-09 15:52:15', '15:52:15'),
(1, 1, '2008-05-09 15:52:43', '15:52:43'),
(7, 0, '2008-05-09 15:52:50', '15:52:50'),
(1, 1, '2008-05-09 15:53:49', '15:53:49'),
(1, 1, '2008-05-09 15:54:17', '15:54:17'),
(6, 1, '2008-05-09 15:54:25', '15:54:25'),
(1, 1, '2008-05-09 15:54:57', '15:54:57'),
(1, 1, '2008-05-09 15:55:34', '15:55:34'),
(7, 0, '2008-05-09 15:55:46', '15:55:46'),
(1, 1, '2008-05-09 15:56:34', '15:56:34'),
(7, 0, '2008-05-09 15:56:43', '15:56:43'),
(1, 1, '2008-05-09 16:01:08', '16:01:08'),
(1, 1, '2008-05-09 16:01:31', '16:01:31'),
(6, 1, '2008-05-09 16:01:38', '16:01:38'),
(1, 1, '2008-05-09 16:01:44', '16:01:44'),
(1, 1, '2008-05-09 16:02:15', '16:02:15'),
(7, 0, '2008-05-09 16:02:24', '16:02:24'),
(1, 1, '2008-05-09 16:02:34', '16:02:34'),
(6, 1, '2008-05-09 16:02:45', '16:02:45'),
(1, 1, '2008-05-09 16:02:50', '16:02:50'),
(7, 0, '2008-05-09 16:02:57', '16:02:57'),
(1, 1, '2008-05-09 16:03:01', '16:03:01'),
(1, 1, '2008-05-09 16:03:37', '16:03:37'),
(6, 1, '2008-05-09 16:03:46', '16:03:46'),
(1, 1, '2008-05-09 16:03:51', '16:03:51'),
(7, 0, '2008-05-09 16:03:57', '16:03:57'),
(1, 1, '2008-05-09 16:04:02', '16:04:02'),
(1, 1, '2008-05-09 16:04:20', '16:04:20'),
(7, 0, '2008-05-09 16:04:26', '16:04:26'),
(1, 1, '2008-05-09 16:04:32', '16:04:32'),
(1, 1, '2008-05-09 16:04:51', '16:04:51'),
(6, 1, '2008-05-09 16:04:57', '16:04:57'),
(1, 1, '2008-05-09 16:05:02', '16:05:02'),
(6, 1, '2008-05-09 16:05:13', '16:05:13'),
(1, 1, '2008-05-09 16:05:19', '16:05:19'),
(7, 0, '2008-05-09 16:05:33', '16:05:33'),
(1, 1, '2008-05-09 16:05:39', '16:05:39'),
(6, 1, '2008-05-09 16:05:46', '16:05:46'),
(1, 1, '2008-05-09 16:05:50', '16:05:50'),
(7, 0, '2008-05-09 16:05:57', '16:05:57'),
(1, 1, '2008-05-09 16:06:03', '16:06:03'),
(1, 1, '2008-05-09 16:06:19', '16:06:19'),
(6, 1, '2008-05-09 16:06:30', '16:06:30'),
(1, 1, '2008-05-09 16:06:35', '16:06:35'),
(6, 1, '2008-05-09 16:06:42', '16:06:42'),
(1, 1, '2008-05-09 16:06:48', '16:06:48'),
(6, 1, '2008-05-09 16:06:56', '16:06:56'),
(1, 1, '2008-05-09 16:07:02', '16:07:02'),
(6, 1, '2008-05-09 16:07:09', '16:07:09'),
(1, 1, '2008-05-09 16:07:18', '16:07:18'),
(6, 1, '2008-05-09 16:07:31', '16:07:31'),
(1, 1, '2008-05-09 16:07:39', '16:07:39'),
(1, 1, '2008-05-09 16:07:56', '16:07:56'),
(7, 0, '2008-05-09 16:08:05', '16:08:05'),
(1, 1, '2008-05-09 16:08:11', '16:08:11'),
(1, 1, '2008-05-09 16:08:27', '16:08:27'),
(7, 0, '2008-05-09 16:08:33', '16:08:33'),
(6, 1, '2008-05-09 16:08:55', '16:08:55'),
(1, 1, '2008-05-09 16:09:00', '16:09:00'),
(6, 1, '2008-05-09 16:09:08', '16:09:08'),
(1, 1, '2008-05-09 16:09:12', '16:09:12'),
(6, 1, '2008-05-09 16:09:34', '16:09:34'),
(1, 1, '2008-05-09 16:09:40', '16:09:40'),
(6, 1, '2008-05-09 16:09:48', '16:09:48'),
(1, 1, '2008-05-09 16:09:54', '16:09:54'),
(6, 1, '2008-05-09 16:10:02', '16:10:02'),
(1, 1, '2008-05-09 16:22:32', '16:22:32'),
(6, 1, '2008-05-09 16:22:45', '16:22:45'),
(1, 1, '2008-05-09 16:35:45', '16:35:45'),
(6, 1, '2008-05-09 16:35:53', '16:35:53'),
(1, 1, '2008-05-09 16:35:59', '16:35:59'),
(6, 1, '2008-05-09 16:36:23', '16:36:23'),
(1, 1, '2008-05-09 16:36:29', '16:36:29'),
(1, 1, '2008-05-09 16:37:03', '16:37:03'),
(6, 1, '2008-05-09 16:37:15', '16:37:15'),
(1, 1, '2008-05-09 16:37:20', '16:37:20'),
(6, 1, '2008-05-09 16:37:37', '16:37:37'),
(1, 1, '2008-05-09 16:37:44', '16:37:44'),
(6, 1, '2008-05-09 16:37:56', '16:37:56'),
(1, 1, '2008-05-09 16:38:20', '16:38:20'),
(1, 1, '2008-05-09 16:38:28', '16:38:28'),
(1, 1, '2008-05-09 16:38:34', '16:38:34'),
(6, 1, '2008-05-09 16:38:48', '16:38:48'),
(1, 1, '2008-05-09 16:38:54', '16:38:54'),
(7, 0, '2008-05-09 16:39:02', '16:39:02'),
(7, 0, '2008-05-09 16:39:06', '16:39:06'),
(7, 0, '2008-05-09 16:39:10', '16:39:10'),
(6, 1, '2008-05-09 16:39:15', '16:39:15'),
(1, 1, '2008-05-09 16:39:23', '16:39:23'),
(6, 1, '2008-05-09 16:39:29', '16:39:29'),
(1, 1, '2008-05-09 16:39:34', '16:39:34'),
(6, 1, '2008-05-09 16:39:46', '16:39:46'),
(1, 1, '2008-05-09 16:39:51', '16:39:51'),
(6, 1, '2008-05-09 16:40:09', '16:40:09'),
(1, 1, '2008-05-09 16:40:14', '16:40:14'),
(6, 1, '2008-05-09 16:40:28', '16:40:28'),
(1, 1, '2008-05-09 16:40:33', '16:40:33'),
(1, 1, '2008-05-09 16:41:06', '16:41:06'),
(6, 1, '2008-05-09 16:41:23', '16:41:23'),
(1, 1, '2008-05-09 16:41:29', '16:41:29'),
(6, 1, '2008-05-09 16:41:45', '16:41:45'),
(1, 1, '2008-05-09 16:41:52', '16:41:52'),
(6, 1, '2008-05-09 16:42:05', '16:42:05'),
(1, 1, '2008-05-09 16:42:35', '16:42:35'),
(6, 1, '2008-05-09 16:42:47', '16:42:47'),
(1, 1, '2008-05-09 16:42:53', '16:42:53'),
(6, 1, '2008-05-09 16:43:00', '16:43:00'),
(1, 1, '2008-05-09 16:45:19', '16:45:19'),
(6, 1, '2008-05-09 16:49:33', '16:49:33'),
(1, 1, '2008-05-09 16:49:38', '16:49:38'),
(6, 1, '2008-05-09 16:49:48', '16:49:48'),
(1, 1, '2008-05-09 16:57:03', '16:57:03'),
(6, 1, '2008-05-09 16:57:16', '16:57:16'),
(1, 1, '2008-05-09 16:57:22', '16:57:22'),
(6, 1, '2008-05-09 16:57:34', '16:57:34'),
(1, 1, '2008-05-09 16:58:46', '16:58:46'),
(6, 1, '2008-05-09 16:58:54', '16:58:54'),
(1, 1, '2008-05-09 16:59:48', '16:59:48'),
(7, 0, '2008-05-09 16:59:56', '16:59:56'),
(6, 1, '2008-05-09 17:10:05', '17:10:05'),
(1, 1, '2008-05-09 17:10:24', '17:10:24'),
(6, 1, '2008-05-09 17:10:52', '17:10:52'),
(1, 1, '2008-05-09 17:11:19', '17:11:19'),
(6, 1, '2008-05-09 17:20:43', '17:20:43'),
(1, 1, '2008-05-09 17:20:57', '17:20:57'),
(7, 0, '2008-05-09 17:21:05', '17:21:05'),
(7, 0, '2008-05-09 17:21:14', '17:21:14'),
(7, 0, '2008-05-09 17:21:27', '17:21:27'),
(6, 1, '2008-05-09 17:21:33', '17:21:33'),
(1, 2, '2008-05-09 17:23:17', '17:23:17'),
(1, 2, '2008-05-09 17:23:32', '17:23:32'),
(1, 2, '2008-05-09 17:23:42', '17:23:42'),
(1, 2, '2008-05-09 17:24:01', '17:24:01'),
(6, 2, '2008-05-09 17:24:28', '17:24:28'),
(1, 2, '2008-05-09 17:24:33', '17:24:33'),
(1, 2, '2008-05-09 17:25:05', '17:25:05'),
(6, 2, '2008-05-09 17:25:32', '17:25:32'),
(7, 0, '2008-05-09 17:25:41', '17:25:41'),
(6, 2, '2008-05-09 17:25:52', '17:25:52'),
(1, 1, '2008-05-09 17:26:19', '17:26:19'),
(6, 1, '2008-05-09 17:26:30', '17:26:30'),
(6, 1, '2008-05-09 17:26:42', '17:26:42'),
(6, 1, '2008-05-09 17:26:54', '17:26:54'),
(6, 1, '2008-05-09 17:27:05', '17:27:05'),
(6, 1, '2008-05-09 17:27:15', '17:27:15'),
(6, 1, '2008-05-09 17:27:37', '17:27:37'),
(7, 0, '2008-05-09 17:27:44', '17:27:44'),
(7, 0, '2008-05-09 17:27:48', '17:27:48'),
(7, 0, '2008-05-09 17:27:53', '17:27:53'),
(7, 0, '2008-05-09 17:27:58', '17:27:58'),
(7, 0, '2008-05-09 17:28:04', '17:28:04'),
(6, 1, '2008-05-09 17:28:30', '17:28:30'),
(7, 0, '2008-05-09 17:28:40', '17:28:40'),
(6, 1, '2008-05-09 17:28:48', '17:28:48'),
(6, 1, '2008-05-09 17:29:00', '17:29:00'),
(6, 1, '2008-05-09 17:29:10', '17:29:10'),
(6, 1, '2008-05-09 17:29:21', '17:29:21'),
(6, 1, '2008-05-09 17:29:30', '17:29:30'),
(6, 1, '2008-05-09 17:29:51', '17:29:51'),
(1, 1, '2008-05-09 19:18:57', '19:18:57'),
(1, 1, '2008-05-09 19:19:07', '19:19:07'),
(7, 0, '2008-05-09 19:19:22', '19:19:22'),
(7, 0, '2008-05-09 19:19:26', '19:19:26'),
(7, 0, '2008-05-09 19:19:30', '19:19:30'),
(6, 1, '2008-05-09 19:19:43', '19:19:43'),
(6, 1, '2008-05-09 19:20:03', '19:20:03'),
(1, 1, '2008-05-09 19:22:14', '19:22:14'),
(6, 1, '2008-05-09 19:22:35', '19:22:35'),
(6, 1, '2008-05-09 19:22:58', '19:22:58'),
(6, 1, '2008-05-09 19:23:07', '19:23:07'),
(6, 1, '2008-05-09 19:23:43', '19:23:43'),
(6, 1, '2008-05-09 19:23:51', '19:23:51'),
(6, 1, '2008-05-09 19:24:25', '19:24:25'),
(1, 1, '2008-05-09 19:24:52', '19:24:52'),
(6, 1, '2008-05-09 19:25:19', '19:25:19'),
(1, 1, '2008-05-09 19:25:46', '19:25:46'),
(6, 1, '2008-05-09 19:26:19', '19:26:19'),
(1, 1, '2008-05-09 19:27:25', '19:27:25'),
(7, 0, '2008-05-09 19:27:35', '19:27:35'),
(6, 1, '2008-05-09 19:27:43', '19:27:43'),
(1, 1, '2008-05-09 19:27:54', '19:27:54'),
(6, 1, '2008-05-09 19:28:03', '19:28:03'),
(1, 1, '2008-05-09 19:28:09', '19:28:09'),
(6, 1, '2008-05-09 19:28:21', '19:28:21'),
(1, 1, '2008-05-09 19:28:28', '19:28:28'),
(6, 1, '2008-05-09 19:29:57', '19:29:57'),
(1, 1, '2008-05-09 19:30:06', '19:30:06'),
(7, 0, '2008-05-09 19:30:15', '19:30:15'),
(6, 1, '2008-05-09 19:30:25', '19:30:25'),
(1, 1, '2008-05-09 19:32:30', '19:32:30'),
(6, 1, '2008-05-09 19:32:47', '19:32:47'),
(1, 1, '2008-05-09 19:38:02', '19:38:02'),
(1, 1, '2008-05-09 19:54:55', '19:54:55'),
(1, 1, '2008-05-09 20:06:20', '20:06:20'),
(1, 1, '2008-05-09 20:08:08', '20:08:08'),
(1, 1, '2008-05-09 20:21:34', '20:21:34'),
(1, 1, '2008-05-09 20:22:21', '20:22:21'),
(6, 1, '2008-05-09 20:22:41', '20:22:41'),
(1, 1, '2008-05-09 20:22:49', '20:22:49'),
(6, 1, '2008-05-09 20:23:01', '20:23:01'),
(1, 1, '2008-05-09 20:23:08', '20:23:08'),
(6, 1, '2008-05-09 20:29:29', '20:29:29'),
(1, 1, '2008-05-09 20:29:37', '20:29:37'),
(7, 0, '2008-05-09 20:29:56', '20:29:56'),
(7, 0, '2008-05-09 20:36:49', '20:36:49'),
(7, 0, '2008-05-09 20:37:18', '20:37:18'),
(7, 0, '2008-05-09 20:37:28', '20:37:28'),
(7, 0, '2008-05-09 20:37:57', '20:37:57'),
(7, 0, '2008-05-09 20:38:03', '20:38:03'),
(7, 0, '2008-05-09 20:38:11', '20:38:11'),
(6, 1, '2008-05-09 20:38:25', '20:38:25'),
(1, 1, '2008-05-09 20:38:33', '20:38:33');

-- --------------------------------------------------------

--
-- Structure de la table `ieml_foret`
--

CREATE TABLE `ieml_foret` (
  `ieml_id` int(11) NOT NULL,
  `ieml_parent` int(11) NOT NULL,
  UNIQUE KEY `ieml_id` (`ieml_id`,`ieml_parent`)
) ENGINE=MyISAM DEFAULT CHARSET=latin1;

--
-- Contenu de la table `ieml_foret`
--

INSERT INTO `ieml_foret` (`ieml_id`, `ieml_parent`) VALUES
(0, 0),
(1, 5),
(2, 5),
(3, 5),
(4, 5),
(5, 5),
(6, 5),
(7, 3),
(8, 5),
(9, 4),
(10, 5),
(11, 3),
(12, 5),
(13, 5),
(14, 5),
(15, 5),
(16, 5),
(17, 5),
(18, 5),
(19, 3),
(20, 3),
(21, 5),
(22, 3),
(23, 5),
(24, 3),
(25, 3),
(26, 5),
(27, 3),
(28, 5),
(29, 5),
(30, 3),
(31, 5),
(32, 5),
(33, 3),
(34, 5),
(35, 5),
(36, 5),
(37, 5),
(38, 5),
(39, 3),
(40, 3),
(41, 3),
(42, 5),
(43, 4),
(44, 5),
(45, 5),
(46, 5),
(47, 3),
(48, 5),
(49, 5),
(50, 5),
(51, 5),
(52, 5),
(53, 5),
(54, 5),
(55, 5),
(56, 5),
(57, 5),
(58, 3),
(59, 5),
(60, 5),
(61, 3),
(62, 5),
(63, 5),
(64, 3),
(65, 3),
(66, 5),
(67, 5),
(68, 5),
(69, 5),
(70, 5),
(71, 5),
(72, 3),
(73, 5),
(74, 5),
(75, 3),
(76, 3),
(77, 3),
(78, 5),
(79, 5),
(80, 5),
(81, 3),
(82, 5),
(83, 5),
(84, 5),
(85, 3),
(86, 3),
(87, 5),
(88, 3),
(89, 5),
(90, 3),
(91, 5),
(92, 5),
(93, 5),
(94, 5),
(95, 5),
(96, 5),
(97, 5),
(98, 5),
(99, 5),
(100, 5),
(101, 5),
(102, 5),
(103, 5),
(104, 5),
(105, 5),
(106, 5),
(107, 3),
(108, 5),
(109, 5),
(110, 5),
(111, 3),
(112, 3),
(113, 5),
(114, 3),
(115, 3),
(116, 3),
(117, 5),
(118, 3),
(119, 5),
(120, 3),
(121, 3),
(122, 3),
(123, 3),
(124, 5),
(125, 3),
(126, 3),
(127, 5),
(128, 5),
(129, 5),
(130, 5),
(131, 5),
(132, 5),
(133, 5),
(134, 5),
(135, 5),
(136, 5),
(137, 3),
(138, 5),
(139, 5),
(140, 3),
(141, 5),
(142, 5),
(143, 5),
(144, 5),
(145, 3),
(146, 3),
(147, 5),
(148, 3),
(149, 5),
(150, 3),
(151, 3),
(152, 5),
(153, 5),
(154, 3),
(155, 2),
(156, 5),
(157, 5),
(158, 5),
(159, 5),
(160, 5),
(161, 3),
(162, 3),
(163, 5),
(164, 3),
(165, 5),
(166, 3),
(167, 5),
(168, 5),
(169, 3),
(170, 5),
(171, 5),
(172, 5),
(173, 5),
(174, 5),
(175, 5),
(176, 3),
(177, 5),
(178, 5),
(179, 5),
(180, 3),
(181, 5),
(182, 5),
(183, 1),
(184, 5),
(185, 5),
(186, 5),
(187, 3),
(188, 5),
(189, 5),
(190, 3),
(191, 3),
(192, 5),
(193, 5),
(194, 3),
(195, 5),
(196, 5),
(197, 5),
(198, 5),
(199, 3),
(200, 5),
(201, 5),
(202, 5),
(203, 5),
(204, 5),
(205, 5),
(206, 5),
(207, 5),
(208, 5),
(209, 5),
(210, 5),
(211, 5),
(212, 5),
(213, 5),
(214, 5),
(215, 3),
(216, 3),
(217, 5),
(218, 5),
(219, 5),
(220, 5),
(221, 5),
(222, 5),
(223, 5),
(224, 3),
(225, 5),
(226, 3),
(227, 5),
(228, 5),
(229, 3),
(230, 5),
(231, 5),
(232, 5),
(233, 3),
(234, 5),
(235, 5),
(236, 5),
(237, 5),
(238, 5),
(239, 5),
(240, 5),
(241, 5),
(242, 5),
(243, 5),
(244, 5),
(245, 3),
(246, 5),
(247, 3),
(248, 3),
(249, 5),
(250, 5),
(251, 3),
(252, 5),
(253, 5),
(254, 5),
(255, 3),
(256, 5),
(257, 5),
(258, 3),
(259, 5),
(260, 5),
(261, 3),
(262, 5),
(263, 5),
(264, 5),
(265, 3),
(266, 3),
(267, 3),
(268, 3),
(269, 2),
(270, 3),
(271, 5),
(272, 3),
(273, 5),
(274, 3),
(275, 5),
(276, 5),
(277, 3),
(278, 5),
(279, 5),
(280, 3),
(281, 5),
(282, 3),
(283, 3),
(284, 3),
(285, 5),
(286, 5),
(287, 5),
(288, 4),
(289, 3),
(290, 5),
(291, 3),
(292, 3),
(293, 5),
(294, 4),
(295, 3),
(296, 5),
(297, 5),
(298, 5),
(299, 5),
(300, 3),
(301, 5),
(302, 2),
(303, 5),
(304, 5),
(305, 3),
(306, 5),
(307, 3),
(308, 5),
(309, 3),
(310, 5),
(311, 5),
(312, 5),
(313, 3),
(314, 3),
(315, 5),
(316, 3),
(317, 5),
(318, 5),
(319, 3),
(320, 5),
(321, 5),
(322, 5),
(323, 5),
(324, 3),
(325, 2),
(326, 5),
(327, 5),
(328, 5),
(329, 5),
(330, 5),
(331, 5),
(332, 5),
(333, 3),
(334, 5),
(335, 3),
(336, 5),
(337, 5),
(338, 5),
(339, 5),
(340, 5),
(341, 5),
(342, 5),
(343, 5),
(344, 3),
(345, 3),
(346, 5),
(347, 3),
(348, 5),
(349, 5),
(350, 5),
(351, 5),
(352, 2),
(353, 3),
(354, 5),
(355, 5),
(356, 5),
(357, 5),
(358, 5),
(359, 5),
(360, 5),
(361, 5),
(362, 5),
(363, 5),
(364, 3),
(365, 5),
(366, 5),
(367, 5),
(368, 5),
(369, 5),
(370, 5),
(371, 5),
(372, 5),
(373, 3),
(374, 3),
(375, 5),
(376, 3),
(377, 5),
(378, 5),
(379, 5),
(380, 5),
(381, 4),
(382, 5),
(383, 5),
(384, 3),
(385, 5),
(386, 5),
(387, 5),
(388, 3),
(389, 5),
(390, 5),
(391, 5),
(392, 3),
(393, 5),
(394, 5),
(395, 5),
(396, 5),
(397, 5),
(398, 5),
(399, 5),
(400, 5),
(401, 4),
(402, 5),
(403, 5),
(404, 3),
(405, 5),
(406, 5),
(407, 5),
(408, 5),
(409, 5),
(410, 5),
(411, 5),
(412, 5),
(413, 5),
(414, 5),
(415, 5),
(416, 2),
(417, 5),
(418, 3),
(419, 3),
(420, 5),
(421, 3),
(422, 3),
(423, 5),
(424, 5),
(425, 5),
(426, 3),
(427, 5),
(428, 3),
(429, 3),
(430, 5),
(431, 5),
(432, 5),
(433, 3),
(434, 5),
(435, 5),
(436, 5),
(437, 5),
(438, 5),
(439, 3),
(440, 3),
(441, 3),
(442, 5),
(443, 3),
(444, 5),
(445, 5),
(446, 5),
(447, 3),
(448, 5),
(449, 5),
(450, 4),
(451, 5),
(452, 5),
(453, 3),
(454, 3),
(455, 5),
(456, 5),
(457, 5),
(458, 5),
(459, 5),
(460, 3),
(461, 3),
(462, 3),
(463, 5),
(464, 4),
(465, 5),
(466, 3),
(467, 4),
(468, 5),
(469, 3),
(470, 3),
(471, 5),
(472, 1),
(473, 5),
(474, 3),
(475, 5),
(476, 5),
(477, 5),
(478, 5),
(479, 3),
(480, 5),
(481, 5),
(482, 3),
(483, 3),
(484, 5),
(485, 3),
(486, 3),
(487, 5),
(488, 5),
(489, 5),
(490, 5),
(491, 5),
(492, 5),
(493, 5),
(494, 3),
(495, 3),
(496, 3),
(497, 5),
(498, 3),
(499, 3),
(500, 3),
(501, 5),
(502, 5),
(503, 5),
(504, 3),
(505, 5),
(506, 5),
(507, 3),
(508, 5),
(509, 5),
(510, 3),
(511, 5),
(512, 5),
(513, 5),
(514, 5),
(515, 5),
(516, 5),
(517, 5),
(518, 5),
(519, 5),
(520, 3),
(521, 3),
(522, 5),
(523, 5),
(524, 3),
(525, 5),
(526, 5),
(527, 5),
(528, 5),
(529, 5),
(530, 5),
(531, 5),
(532, 5),
(533, 5),
(534, 5),
(535, 5),
(536, 5),
(537, 5),
(538, 5),
(539, 5),
(540, 5),
(541, 3),
(542, 3),
(543, 5),
(544, 3),
(545, 5),
(546, 5),
(547, 3),
(548, 5),
(549, 5),
(550, 5),
(551, 3),
(552, 5),
(553, 5),
(554, 4),
(555, 5),
(556, 3),
(557, 5),
(558, 3),
(559, 3),
(560, 5),
(561, 5),
(562, 3),
(563, 5),
(564, 5),
(565, 5),
(566, 5),
(567, 5),
(568, 5),
(569, 5),
(570, 5),
(571, 5),
(572, 5),
(573, 5),
(574, 5),
(575, 5),
(576, 5),
(577, 5),
(578, 3),
(579, 5),
(580, 5),
(581, 5),
(582, 5),
(583, 5),
(584, 5),
(585, 3),
(586, 3),
(587, 3),
(588, 3),
(589, 5),
(590, 3),
(591, 5),
(592, 5),
(593, 3),
(594, 3),
(595, 5),
(596, 5),
(597, 3),
(598, 5),
(599, 3),
(600, 5),
(601, 3),
(602, 2),
(603, 5),
(604, 3),
(605, 3),
(606, 3),
(607, 5),
(608, 5),
(609, 5),
(610, 3),
(611, 3),
(612, 5),
(613, 3),
(614, 5),
(615, 5),
(616, 5),
(617, 5),
(618, 3),
(619, 3),
(620, 5),
(621, 5),
(622, 3),
(623, 5),
(624, 5),
(625, 3),
(626, 5),
(627, 3),
(628, 5),
(629, 5),
(630, 3),
(631, 5),
(632, 5),
(633, 5),
(634, 5),
(635, 5),
(636, 5),
(637, 3),
(638, 3),
(639, 3),
(640, 5),
(641, 5),
(642, 5),
(643, 3),
(644, 5),
(645, 3),
(646, 5),
(647, 3),
(648, 3),
(649, 3),
(650, 5),
(651, 5),
(652, 3),
(653, 5),
(654, 5),
(655, 5),
(656, 5),
(657, 5),
(658, 3),
(659, 3),
(660, 5),
(661, 5),
(662, 5),
(663, 2),
(664, 5),
(665, 5),
(666, 3),
(667, 5),
(668, 5),
(669, 5),
(670, 5),
(671, 3),
(672, 5),
(673, 3),
(674, 3),
(675, 5),
(676, 5),
(677, 5),
(678, 3),
(679, 3),
(680, 5),
(681, 5),
(682, 3),
(683, 3),
(684, 5),
(685, 5),
(686, 5),
(687, 2),
(688, 3),
(689, 3),
(690, 5),
(691, 5),
(692, 5),
(693, 5),
(694, 5),
(695, 5),
(696, 3),
(697, 3),
(698, 3),
(699, 5),
(700, 5),
(701, 5),
(702, 5),
(703, 5),
(704, 5),
(705, 5),
(706, 5),
(707, 5),
(708, 5),
(709, 5),
(710, 5),
(711, 5),
(712, 5),
(713, 5),
(714, 5),
(715, 5),
(716, 5),
(717, 3),
(718, 5),
(719, 5),
(720, 5),
(721, 5),
(722, 5),
(723, 5),
(724, 5),
(725, 5),
(726, 5),
(727, 1),
(728, 5),
(729, 5),
(730, 5),
(731, 5),
(732, 5),
(733, 5),
(734, 3),
(735, 4),
(736, 5),
(737, 5),
(738, 5),
(739, 3),
(740, 5),
(741, 5),
(742, 5),
(743, 3),
(744, 5),
(745, 5),
(746, 5),
(747, 3),
(748, 3),
(749, 5),
(750, 5),
(751, 3),
(752, 5),
(753, 5),
(754, 5),
(755, 5),
(756, 5),
(757, 3),
(758, 5),
(759, 3),
(760, 3),
(761, 5),
(762, 5),
(763, 5),
(764, 5),
(765, 3),
(766, 5),
(767, 4),
(768, 3),
(769, 3),
(770, 3),
(771, 5),
(772, 3),
(773, 3),
(774, 3),
(775, 5),
(776, 5),
(777, 5),
(778, 3),
(779, 3),
(780, 5),
(781, 3),
(782, 5),
(783, 3),
(784, 5),
(785, 5),
(786, 3),
(787, 5),
(788, 5),
(789, 3),
(790, 3),
(791, 3),
(792, 3),
(793, 3),
(794, 5),
(795, 5),
(796, 5),
(797, 3),
(798, 3),
(799, 3),
(800, 5),
(801, 5),
(802, 3),
(803, 5),
(804, 5),
(805, 5),
(806, 5),
(807, 3),
(808, 5),
(809, 5),
(810, 5),
(811, 3),
(812, 5),
(813, 5),
(814, 5),
(815, 3),
(816, 3),
(817, 3),
(818, 5),
(819, 5),
(820, 5),
(821, 5),
(822, 5),
(823, 3),
(824, 5),
(825, 5),
(826, 3),
(827, 3),
(828, 5),
(829, 5),
(830, 3),
(831, 5),
(832, 5),
(833, 5),
(834, 5),
(835, 5),
(836, 3),
(837, 5),
(838, 5),
(839, 5),
(840, 5),
(841, 3),
(842, 5),
(843, 5),
(844, 3),
(845, 5),
(846, 3),
(847, 5),
(848, 3),
(849, 3),
(850, 5),
(851, 3),
(852, 2),
(853, 5),
(854, 3),
(855, 3),
(856, 5),
(857, 3),
(858, 3),
(859, 3),
(860, 5),
(861, 5),
(862, 3),
(863, 3),
(864, 5),
(865, 5),
(866, 5),
(867, 5),
(868, 5),
(869, 5),
(870, 5),
(871, 5),
(872, 3),
(873, 5),
(874, 5),
(875, 3),
(876, 5),
(877, 5),
(878, 3),
(879, 5),
(880, 3),
(881, 5),
(882, 5),
(883, 5),
(884, 3),
(885, 3),
(886, 5),
(887, 3),
(888, 3),
(889, 5),
(890, 3),
(891, 5),
(892, 5),
(893, 3),
(894, 3),
(895, 5),
(896, 5),
(897, 5),
(898, 5),
(899, 5),
(900, 5),
(901, 3),
(902, 5),
(903, 5),
(904, 5),
(905, 3),
(906, 5),
(907, 3),
(908, 5),
(909, 5),
(910, 5),
(911, 5),
(912, 5),
(913, 5),
(914, 3),
(915, 3),
(916, 5),
(917, 5),
(918, 5),
(919, 5),
(920, 5),
(921, 5),
(922, 5),
(923, 5),
(924, 5),
(925, 5),
(926, 5),
(927, 5),
(928, 5),
(929, 5),
(930, 5),
(931, 5),
(932, 4),
(933, 5),
(934, 5),
(935, 5),
(936, 3),
(937, 5),
(938, 3),
(939, 5),
(940, 5),
(941, 3),
(942, 3),
(943, 3),
(944, 5),
(945, 5),
(946, 5),
(947, 5),
(948, 5),
(949, 5),
(950, 3),
(951, 3),
(952, 5),
(953, 3),
(954, 5),
(955, 5),
(956, 5),
(957, 5),
(958, 5),
(959, 3),
(960, 5),
(961, 2),
(962, 3),
(963, 2),
(964, 5),
(965, 5),
(966, 5),
(967, 5),
(968, 3),
(969, 3),
(970, 4),
(971, 5),
(972, 3),
(973, 3),
(974, 3),
(975, 5),
(976, 3),
(977, 5),
(978, 5),
(979, 5),
(980, 5),
(981, 5),
(982, 3),
(983, 5),
(984, 5),
(985, 5),
(986, 5),
(987, 5),
(988, 5),
(989, 3),
(990, 3),
(991, 5),
(992, 5),
(993, 3),
(994, 5),
(995, 3),
(996, 5),
(997, 2),
(998, 5),
(999, 3),
(1000, 3),
(1001, 5),
(1002, 3),
(1003, 5),
(1004, 3),
(1005, 5),
(1006, 3),
(1007, 3),
(1008, 5),
(1009, 2),
(1010, 5),
(1011, 5),
(1012, 5),
(1013, 5),
(1014, 5),
(1015, 3),
(1016, 3),
(1017, 3),
(1018, 5),
(1019, 3),
(1020, 5),
(1021, 5),
(1022, 1),
(1023, 3),
(1024, 3),
(1025, 5),
(1026, 5),
(1027, 5),
(1028, 5),
(1029, 3),
(1030, 5),
(1031, 5),
(1032, 5),
(1033, 3),
(1034, 3),
(1035, 5),
(1036, 3),
(1037, 5),
(1038, 5),
(1039, 5),
(1040, 3),
(1041, 5),
(1042, 5),
(1043, 3),
(1044, 3),
(1045, 5),
(1046, 5),
(1047, 3),
(1048, 3),
(1049, 5),
(1050, 5),
(1051, 3),
(1052, 5),
(1053, 3),
(1054, 3),
(1055, 5),
(1056, 3),
(1057, 3),
(1058, 3),
(1059, 4),
(1060, 3),
(1061, 3),
(1062, 5),
(1063, 3),
(1064, 5),
(1065, 3),
(1066, 3),
(1067, 3),
(1068, 5),
(1069, 5),
(1070, 5),
(1071, 5),
(1072, 2),
(1073, 3),
(1074, 3),
(1075, 3),
(1076, 5),
(1077, 5),
(1078, 5),
(1079, 5),
(1080, 5),
(1081, 5),
(1082, 5),
(1083, 5),
(1084, 5),
(1085, 5),
(1086, 5),
(1087, 5),
(1088, 4),
(1089, 5),
(1090, 3),
(1091, 5),
(1092, 3),
(1093, 5),
(1094, 5),
(1095, 5),
(1096, 5),
(1097, 5),
(1098, 5),
(1099, 3),
(1100, 5),
(1101, 5),
(1102, 5),
(1103, 5),
(1104, 5),
(1105, 5),
(1106, 5),
(1107, 5),
(1108, 3),
(1109, 3),
(1110, 5),
(1111, 3),
(1112, 5),
(1113, 5),
(1114, 2),
(1115, 5),
(1116, 3),
(1117, 5),
(1118, 5),
(1119, 3),
(1120, 5),
(1121, 3),
(1122, 5),
(1123, 5),
(1124, 5),
(1125, 5),
(1126, 3),
(1127, 5),
(1128, 3),
(1129, 3),
(1130, 3),
(1131, 3),
(1132, 3),
(1133, 5),
(1134, 5),
(1135, 3),
(1136, 5),
(1137, 5),
(1138, 5),
(1139, 3),
(1140, 5),
(1141, 3),
(1142, 3),
(1143, 3),
(1144, 3),
(1145, 5),
(1146, 2),
(1147, 5),
(1148, 3),
(1149, 5),
(1150, 3),
(1151, 5),
(1152, 5),
(1153, 3),
(1154, 5),
(1155, 3),
(1156, 5),
(1157, 5),
(1158, 5),
(1159, 5),
(1160, 5),
(1161, 5),
(1162, 5),
(1163, 3),
(1164, 3),
(1165, 5),
(1166, 5),
(1167, 5),
(1168, 5),
(1169, 5),
(1170, 5),
(1171, 5),
(1172, 5),
(1173, 3),
(1174, 3),
(1175, 5),
(1176, 5),
(1177, 5),
(1178, 5),
(1179, 3),
(1180, 5),
(1181, 3),
(1182, 5),
(1183, 3),
(1184, 3),
(1185, 5),
(1186, 3),
(1187, 3),
(1188, 5),
(1189, 5),
(1190, 5),
(1191, 3),
(1192, 3),
(1193, 3),
(1194, 5),
(1195, 5),
(1196, 3),
(1197, 5),
(1198, 5),
(1199, 5),
(1200, 3),
(1201, 3),
(1202, 5),
(1203, 5),
(1204, 3),
(1205, 5),
(1206, 3),
(1207, 5),
(1208, 3),
(1209, 5),
(1210, 3),
(1211, 5),
(1212, 5),
(1213, 5),
(1214, 5),
(1215, 3),
(1216, 5),
(1217, 3),
(1218, 2),
(1219, 5),
(1220, 5),
(1221, 3),
(1222, 3),
(1223, 5),
(1224, 5),
(1225, 5),
(1226, 5),
(1227, 5),
(1228, 5),
(1229, 5),
(1230, 5),
(1231, 3),
(1232, 5),
(1233, 3),
(1234, 3),
(1235, 5),
(1236, 5),
(1237, 3),
(1238, 3),
(1239, 3),
(1240, 3),
(1241, 5),
(1242, 3),
(1243, 3),
(1244, 5),
(1245, 5),
(1246, 3),
(1247, 5),
(1248, 3),
(1249, 5),
(1250, 3),
(1251, 5),
(1252, 5),
(1253, 3),
(1254, 5),
(1255, 5),
(1256, 5),
(1257, 5),
(1258, 5),
(1259, 5),
(1260, 5),
(1261, 3),
(1262, 5),
(1263, 5),
(1264, 5),
(1265, 5),
(1266, 5),
(1267, 5),
(1268, 4),
(1269, 5),
(1270, 5),
(1271, 5),
(1272, 5),
(1273, 3),
(1274, 5),
(1275, 5),
(1276, 3),
(1277, 5),
(1278, 5),
(1279, 3),
(1280, 5),
(1281, 3),
(1282, 5),
(1283, 5),
(1284, 3),
(1285, 3),
(1286, 3),
(1287, 5),
(1288, 3),
(1289, 5),
(1290, 5),
(1291, 5),
(1292, 3),
(1293, 3),
(1294, 5),
(1295, 3),
(1296, 5),
(1297, 3),
(1298, 5),
(1299, 5),
(1300, 5),
(1301, 3),
(1302, 5),
(1303, 5),
(1304, 5),
(1305, 5),
(1306, 3),
(1307, 5),
(1308, 3),
(1309, 3),
(1310, 5),
(1311, 3),
(1312, 3),
(1313, 5),
(1314, 5),
(1315, 5),
(1316, 3),
(1317, 5),
(1318, 5),
(1319, 5),
(1320, 3),
(1321, 5),
(1322, 3),
(1323, 5),
(1324, 5),
(1325, 5),
(1326, 3),
(1327, 5),
(1328, 5),
(1329, 3),
(1330, 5),
(1331, 5),
(1332, 5),
(1333, 5),
(1334, 3),
(1335, 5),
(1336, 3),
(1337, 5),
(1338, 5),
(1339, 3),
(1340, 3),
(1341, 5),
(1342, 5),
(1343, 3),
(1344, 5),
(1345, 5),
(1346, 3),
(1347, 5),
(1348, 3),
(1349, 5),
(1350, 3),
(1351, 5),
(1352, 5),
(1353, 3),
(1354, 3),
(1355, 5),
(1356, 5),
(1357, 3),
(1358, 2),
(1359, 5),
(1360, 5),
(1361, 3),
(1362, 3),
(1363, 5),
(1364, 5),
(1365, 5),
(1366, 5),
(1367, 3),
(1368, 5),
(1369, 5),
(1370, 3),
(1371, 5),
(1372, 5),
(1373, 5),
(1374, 3),
(1375, 5),
(1376, 3),
(1377, 3),
(1378, 3),
(1379, 5),
(1380, 5),
(1381, 3),
(1382, 5),
(1383, 3),
(1384, 5),
(1385, 3),
(1386, 5),
(1387, 5),
(1388, 5),
(1389, 5),
(1390, 5),
(1391, 3),
(1392, 3),
(1393, 3),
(1394, 5),
(1395, 5),
(1396, 3),
(1397, 5),
(1398, 5),
(1399, 5),
(1400, 3),
(1401, 5),
(1402, 3),
(1403, 5),
(1404, 5),
(1405, 5),
(1406, 3),
(1407, 3),
(1408, 3),
(1409, 5),
(1410, 3),
(1411, 5),
(1412, 5),
(1413, 3),
(1414, 5),
(1415, 5),
(1416, 5),
(1417, 3),
(1418, 5),
(1419, 5),
(1420, 5),
(1421, 5),
(1422, 5),
(1423, 5),
(1424, 3),
(1425, 3),
(1426, 5),
(1427, 5),
(1428, 3),
(1429, 3),
(1430, 3),
(1431, 5),
(1432, 3),
(1433, 3),
(1434, 5),
(1435, 3),
(1436, 5),
(1437, 5),
(1438, 5),
(1439, 5),
(1440, 5),
(1441, 5),
(1442, 5),
(1443, 5),
(1444, 5),
(1445, 5),
(1446, 5),
(1447, 5),
(1448, 3),
(1449, 5),
(1450, 3),
(1451, 5),
(1452, 5),
(1453, 5),
(1454, 5),
(1455, 5),
(1456, 5),
(1457, 3),
(1458, 5),
(1459, 5),
(1460, 5),
(1461, 5),
(1462, 5),
(1463, 3),
(1464, 5),
(1465, 3),
(1466, 5),
(1467, 5),
(1468, 5),
(1469, 3),
(1470, 5),
(1471, 3),
(1472, 5),
(1473, 5),
(1474, 3),
(1475, 5),
(1476, 3),
(1477, 3),
(1478, 3),
(1479, 5),
(1480, 5),
(1481, 3),
(1482, 3),
(1483, 5),
(1484, 5),
(1485, 3),
(1486, 3),
(1487, 5),
(1488, 5),
(1489, 3),
(1490, 5),
(1491, 5),
(1492, 5),
(1493, 5),
(1494, 5),
(1495, 5),
(1496, 5),
(1497, 5),
(1498, 5),
(1499, 5),
(1500, 5),
(1501, 5),
(1502, 3),
(1503, 5),
(1504, 3),
(1505, 5),
(1506, 5),
(1507, 5),
(1508, 3),
(1509, 5),
(1510, 5),
(1511, 5),
(1512, 5),
(1513, 5),
(1514, 5),
(1515, 5),
(1516, 5),
(1517, 5),
(1518, 5),
(1519, 5),
(1520, 5),
(1521, 5),
(1522, 3),
(1523, 5),
(1524, 5),
(1525, 3),
(1526, 5),
(1527, 3),
(1528, 5),
(1529, 5),
(1530, 5),
(1531, 3),
(1532, 5),
(1533, 5),
(1534, 5),
(1535, 5),
(1536, 5),
(1537, 3),
(1538, 5),
(1539, 3),
(1540, 5),
(1541, 5),
(1542, 3),
(1543, 3),
(1544, 5),
(1545, 5),
(1546, 5),
(1547, 3),
(1548, 5),
(1549, 3),
(1550, 3),
(1551, 5),
(1552, 5),
(1553, 5),
(1554, 2),
(1555, 5),
(1556, 3),
(1557, 5),
(1558, 5),
(1559, 5),
(1560, 5),
(1561, 5),
(1562, 2),
(1563, 3),
(1564, 5),
(1565, 5),
(1566, 5),
(1567, 3),
(1568, 5),
(1569, 5),
(1570, 5),
(1571, 3),
(1572, 5),
(1573, 5),
(1574, 5),
(1575, 5),
(1576, 3),
(1577, 5),
(1578, 5),
(1579, 3),
(1580, 5),
(1581, 5),
(1582, 5),
(1583, 3),
(1584, 5),
(1585, 5),
(1586, 3),
(1587, 3),
(1588, 5),
(1589, 5),
(1590, 5),
(1591, 5),
(1592, 5),
(1593, 5),
(1594, 3),
(1595, 5),
(1596, 5),
(1597, 5),
(1598, 5),
(1599, 5),
(1600, 3),
(1601, 5),
(1602, 3),
(1603, 5),
(1604, 5),
(1605, 3),
(1606, 3),
(1607, 3),
(1608, 2),
(1609, 3),
(1610, 3),
(1611, 3),
(1612, 5),
(1613, 3),
(1614, 3),
(1615, 3),
(1616, 5),
(1617, 5),
(1618, 5),
(1619, 3),
(1620, 3),
(1621, 5),
(1622, 5),
(1623, 5),
(1624, 5),
(1625, 5),
(1626, 5),
(1627, 3),
(1628, 3),
(1629, 5),
(1630, 3),
(1631, 5),
(1632, 3),
(1633, 3),
(1634, 3),
(1635, 3),
(1636, 5),
(1637, 3),
(1638, 5),
(1639, 5),
(1640, 3),
(1641, 3),
(1642, 3),
(1643, 3),
(1644, 1),
(1645, 5),
(1646, 5),
(1647, 5),
(1648, 3),
(1649, 3),
(1650, 3),
(1651, 5),
(1652, 5),
(1653, 5),
(1654, 5),
(1655, 3),
(1656, 3),
(1657, 5),
(1658, 5),
(1659, 5),
(1660, 5),
(1661, 5),
(1662, 3),
(1663, 3),
(1664, 3),
(1665, 5),
(1666, 5),
(1667, 3),
(1668, 5),
(1669, 5),
(1670, 3),
(1671, 5),
(1672, 5),
(1673, 5),
(1674, 3),
(1675, 5),
(1676, 5),
(1677, 5),
(1678, 5),
(1679, 3),
(1680, 3),
(1681, 3),
(1682, 3),
(1683, 5),
(1684, 5),
(1685, 3),
(1686, 3),
(1687, 3),
(1688, 5),
(1689, 3),
(1690, 5),
(1691, 5),
(1692, 3),
(1693, 5),
(1694, 3),
(1695, 3),
(1696, 5),
(1697, 5),
(1698, 5),
(1699, 5),
(1700, 5),
(1701, 3),
(1702, 5),
(1703, 5),
(1704, 5),
(1705, 5),
(1706, 5),
(1707, 5),
(1708, 5),
(1709, 5),
(1710, 3),
(1711, 3),
(1712, 5),
(1713, 5),
(1714, 5),
(1715, 3),
(1716, 5),
(1717, 5),
(1718, 5),
(1719, 5),
(1720, 5),
(1721, 3),
(1722, 5),
(1723, 5),
(1724, 5),
(1725, 5),
(1726, 5),
(1727, 3),
(1728, 3),
(1729, 3),
(1730, 3),
(1731, 5),
(1732, 3),
(1733, 5),
(1734, 5),
(1735, 5),
(1736, 5),
(1737, 5),
(1738, 5),
(1739, 5),
(1740, 3),
(1741, 5),
(1742, 5),
(1743, 3),
(1744, 5),
(1745, 3),
(1746, 5),
(1747, 5),
(1748, 5),
(1749, 5),
(1750, 5),
(1751, 5),
(1752, 5),
(1753, 5),
(1754, 5),
(1755, 5),
(1756, 3),
(1757, 5),
(1758, 5),
(1759, 5),
(1760, 5),
(1761, 3),
(1762, 5),
(1763, 5),
(1764, 5),
(1765, 5),
(1766, 5),
(1767, 5),
(1768, 5),
(1769, 5),
(1770, 5),
(1771, 3),
(1772, 5),
(1773, 3),
(1774, 5),
(1775, 3),
(1776, 5),
(1777, 3),
(1778, 3),
(1779, 3),
(1780, 5),
(1781, 5),
(1782, 5),
(1783, 5),
(1784, 5),
(1785, 5),
(1786, 5),
(1787, 3),
(1788, 5),
(1789, 5),
(1790, 5),
(1791, 5),
(1792, 3),
(1793, 3),
(1794, 5),
(1795, 3),
(1796, 3),
(1797, 5),
(1798, 5),
(1799, 5),
(1800, 5),
(1801, 5),
(1802, 5),
(1803, 3),
(1804, 5),
(1805, 5),
(1806, 5),
(1807, 5),
(1808, 5),
(1809, 5),
(1810, 5),
(1811, 5),
(1812, 5),
(1813, 3),
(1814, 5),
(1815, 5),
(1816, 5),
(1817, 5),
(1818, 3),
(1819, 5),
(1820, 5),
(1821, 5),
(1822, 3),
(1823, 5),
(1824, 3),
(1825, 5),
(1826, 3),
(1827, 5),
(1828, 5),
(1829, 5),
(1830, 5),
(1831, 5),
(1832, 5),
(1833, 3),
(1834, 3),
(1835, 3),
(1836, 5),
(1837, 5),
(1838, 2),
(1839, 3),
(1840, 5),
(1841, 5),
(1842, 3),
(1843, 5),
(1844, 5),
(1845, 3),
(1846, 3),
(1847, 3),
(1848, 3),
(1849, 5),
(1850, 3),
(1851, 3),
(1852, 3),
(1853, 5),
(1854, 5),
(1855, 5),
(1856, 5),
(1857, 5),
(1858, 5),
(1859, 5),
(1860, 5),
(1861, 5),
(1862, 3),
(1863, 3),
(1864, 5),
(1865, 3),
(1866, 3),
(1867, 1),
(1868, 5),
(1869, 5),
(1870, 5),
(1871, 5),
(1872, 3),
(1873, 5),
(1874, 5),
(1875, 3),
(1876, 5),
(1877, 3),
(1878, 5),
(1879, 5),
(1880, 3),
(1881, 3),
(1882, 3),
(1883, 5),
(1884, 5),
(1885, 5),
(1886, 3),
(1887, 3),
(1888, 5),
(1889, 5),
(1890, 3),
(1891, 3),
(1892, 5),
(1893, 5),
(1894, 5),
(1895, 3),
(1896, 5),
(1897, 5),
(1898, 3),
(1899, 5),
(1900, 3),
(1901, 5),
(1902, 5),
(1903, 5),
(1904, 3),
(1905, 5),
(1906, 5),
(1907, 5),
(1908, 5),
(1909, 3),
(1910, 5),
(1911, 5),
(1912, 5),
(1913, 5),
(1914, 5),
(1915, 5),
(1916, 5),
(1917, 5),
(1918, 5),
(1919, 3),
(1920, 3),
(1921, 5),
(1922, 3),
(1923, 3),
(1924, 3),
(1925, 2),
(1926, 5),
(1927, 5),
(1928, 5),
(1929, 3),
(1930, 5),
(1931, 2),
(1932, 5),
(1933, 3),
(1934, 5),
(1935, 5),
(1936, 5),
(1937, 5),
(1938, 5),
(1939, 3),
(1940, 3),
(1941, 5),
(1942, 5),
(1943, 3),
(1944, 5),
(1945, 5),
(1946, 2),
(1947, 3),
(1948, 5),
(1949, 5),
(1950, 5),
(1951, 3),
(1952, 3);

-- --------------------------------------------------------

--
-- Structure de la table `ieml_foret_flux`
--

CREATE TABLE `ieml_foret_flux` (
  `onto_flux_id` int(11) NOT NULL auto_increment,
  `onto_flux_parents` int(11) NOT NULL,
  PRIMARY KEY  (`onto_flux_id`,`onto_flux_parents`)
) ENGINE=InnoDB  DEFAULT CHARSET=latin1 AUTO_INCREMENT=39 ;

--
-- Contenu de la table `ieml_foret_flux`
--

INSERT INTO `ieml_foret_flux` (`onto_flux_id`, `onto_flux_parents`) VALUES
(1, 0),
(2, 0),
(3, 0),
(4, 14),
(5, 0),
(6, 0),
(7, 0),
(8, 0),
(9, 14),
(9, 15),
(10, 0),
(11, 0),
(12, 0),
(13, 15),
(14, 0),
(15, 0),
(16, 35),
(17, 35),
(18, 0),
(19, 0),
(20, 35),
(21, 0),
(22, 0),
(23, 0),
(24, 35),
(25, 37),
(26, 36),
(27, 0),
(28, 36),
(29, 0),
(30, 0),
(31, 35),
(32, 35),
(33, 0),
(34, 0),
(35, 0),
(36, 0),
(37, 0),
(38, 0);

-- --------------------------------------------------------

--
-- Structure de la table `ieml_onto`
--

CREATE TABLE `ieml_onto` (
  `ieml_id` int(11) NOT NULL auto_increment,
  `ieml_code` varchar(50) character set utf8 collate utf8_bin NOT NULL,
  `ieml_lib` varchar(255) NOT NULL,
  `ieml_niveau` int(11) NOT NULL,
  `ieml_parent` varchar(50) NOT NULL,
  `ieml_date` date NOT NULL,
  PRIMARY KEY  (`ieml_id`)
) ENGINE=InnoDB  DEFAULT CHARSET=latin1 COMMENT='Cette table est utilisée pour stocker l’ontologie IEML.' AUTO_INCREMENT=1953 ;

--
-- Contenu de la table `ieml_onto`
--

INSERT INTO `ieml_onto` (`ieml_id`, `ieml_code`, `ieml_lib`, `ieml_niveau`, `ieml_parent`, `ieml_date`) VALUES
(1, 'k.o.-k.o.-''', 'paix', 5, 'ideas', '2008-05-09'),
(2, 't.o.-j.j.-''', '(à venir)', 5, 'ideas', '2008-05-09'),
(3, 'd.i.-b.i.-t.u.-''', 'numérique', 5, 'ideas', '2008-05-09'),
(4, 'n.u.-l.u.-''', 'piste', 5, 'ideas', '2008-05-09'),
(5, 'k.o.-j.j.-s.y.-''', '(à venir)', 5, 'ideas', '2008-05-09'),
(6, 'f.o.-b.o.-''', 'geste / coup', 5, 'ideas', '2008-05-09'),
(7, 'j.e.-', 'hiérarchie', 3, 'relations', '2008-05-09'),
(8, 't.e.-f.u.-wa.e.-''', 'composer de la musique', 5, 'ideas', '2008-05-09'),
(9, 'M.O.-M.O.-''', 'cycle de transformation', 4, 'cycles', '2008-05-09'),
(10, 'k.o.-x.x.-''', '(à venir)', 5, 'ideas', '2008-05-09'),
(11, 'p.a.-', 'appartenance à un groupe', 3, 'relations', '2008-05-09'),
(12, 'b.o.-f.o.-s.u.-''', 'courageux', 5, 'ideas', '2008-05-09'),
(13, 'f.a.-t.a.-f.o.-''', 'assureur', 5, 'ideas', '2008-05-09'),
(14, 'c.c.-b.o.-s.y.-''', 'économie de l''information', 5, 'ideas', '2008-05-09'),
(15, 'o.o.-s.o.-s.y.-''', 'sciences du management', 5, 'ideas', '2008-05-09'),
(16, 'k.u.-t.u.-''', 'signe divinatoire', 5, 'ideas', '2008-05-09'),
(17, 'm.a.-s.a.-f.o.-''', 'médiateur', 5, 'ideas', '2008-05-09'),
(18, 'd.o.-k.o.-s.u.-''', 'sûr', 5, 'ideas', '2008-05-09'),
(19, 'l.wa.-', 'liberté de circulation', 3, 'relations', '2008-05-09'),
(20, 'm.y.-', 'intelligence émotionnelle', 3, 'relations', '2008-05-09'),
(21, 'l.a.-m.a.-f.o.-''', 'allié', 5, 'ideas', '2008-05-09'),
(22, 't.i.-', 'contenant', 3, 'relations', '2008-05-09'),
(23, 'l.u.-n.u.-d.u.-''', 'ayant lieu / étant arrivé', 5, 'ideas', '2008-05-09'),
(24, 'j.p.-', 'mutation pédagogique', 3, 'relations', '2008-05-09'),
(25, 'j.b.-', 'redondance', 3, 'relations', '2008-05-09'),
(26, 'b.o.-x.x.-''', '(à venir)', 5, 'ideas', '2008-05-09'),
(27, 'a.s.-', 'prendre à la lettre', 3, 'relations', '2008-05-09'),
(28, 'k.e.-t.a.-''', 'mémoire personnelle', 5, 'ideas', '2008-05-09'),
(29, 'g.g.-f.o.-s.y.-''', 'écologie / agronomie', 5, 'ideas', '2008-05-09'),
(30, 'm.u.-', 'symptôme', 3, 'relations', '2008-05-09'),
(31, 'e.e.-k.o.-s.y.-''', 'associations professionnelles', 5, 'ideas', '2008-05-09'),
(32, 'y.y.-l.o.-s.y.-''', 'muséologie', 5, 'ideas', '2008-05-09'),
(33, 'wu.l.-', 'étendre sa vue d''ensemble', 3, 'relations', '2008-05-09'),
(34, 'l.o.-j.j.-''', '(à venir)', 5, 'ideas', '2008-05-09'),
(35, 'l.o.-h.h.-''', '(à venir)', 5, 'ideas', '2008-05-09'),
(36, 'j.j.-m.o.-''', 'oeuvre d''art', 5, 'ideas', '2008-05-09'),
(37, 'l.u.-t.u.-d.u.-''', 'qualitatif', 5, 'ideas', '2008-05-09'),
(38, 'm.a.-f.a.-f.o.-''', 'aidant', 5, 'ideas', '2008-05-09'),
(39, 'k.f.-', 'rivière', 3, 'relations', '2008-05-09'),
(40, 'we.g.-', 'unifier la documentation', 3, 'relations', '2008-05-09'),
(41, 't.o.-', 'temps', 3, 'relations', '2008-05-09'),
(42, 's.e.-f.u.-wa.e.-''', 'jouer de la musique / chanter', 5, 'ideas', '2008-05-09'),
(43, 'O.M.-M.O.-''', 'cycle de production', 4, 'cycles', '2008-05-09'),
(44, 'e.y.-we.h.-', 'outiller la recherche', 5, 'ideas', '2008-05-09'),
(45, 's.e.-d.u.-wa.e.-''', 'recherche d''information', 5, 'ideas', '2008-05-09'),
(46, 'j.j.-s.o.-''', 'concept philosophique', 5, 'ideas', '2008-05-09'),
(47, 'g.wo.-', 'mutation du style', 3, 'relations', '2008-05-09'),
(48, 'f.o.-j.j.-s.y.-''', '(à venir)', 5, 'ideas', '2008-05-09'),
(49, 'c.c.-d.o.-''', 'opérations financières', 5, 'ideas', '2008-05-09'),
(50, 'd.o.-s.o.-s.u.-''', 'raisonnable', 5, 'ideas', '2008-05-09'),
(51, 's.u.-t.u.-''', 'idéogramme', 5, 'ideas', '2008-05-09'),
(52, 's.a.-b.a.-''', 'rôle', 5, 'ideas', '2008-05-09'),
(53, 'n.e.-b.a.-''', 'image de la communauté', 5, 'ideas', '2008-05-09'),
(54, 'k.a.-b.a.-f.o.-''', 'spectateur', 5, 'ideas', '2008-05-09'),
(55, 'm.o.-o.o.-s.y.-''', '(à venir)', 5, 'ideas', '2008-05-09'),
(56, 'u.u.-b.o.-''', 'langue naturelle', 5, 'ideas', '2008-05-09'),
(57, 'k.i.-n.i.-t.u.-''', 'assemblé / manufacturé', 5, 'ideas', '2008-05-09'),
(58, 'wa.h.-', 'transformer le sens', 3, 'relations', '2008-05-09'),
(59, 'l.u.-l.u.-d.u.-''', 'matériel', 5, 'ideas', '2008-05-09'),
(60, 'u.u.-s.o.-s.y.-''', 'sémiologie', 5, 'ideas', '2008-05-09'),
(61, 'we.e.-', 'renouveler les compétences', 3, 'relations', '2008-05-09'),
(62, 'm.u.-n.u.-d.u.-''', 'subjectif', 5, 'ideas', '2008-05-09'),
(63, 'n.o.-d.o.-''', 'évaluation', 5, 'ideas', '2008-05-09'),
(64, 'f.d.-', 'fruit', 3, 'relations', '2008-05-09'),
(65, 'i.c.-', 'travailler sur soi', 3, 'relations', '2008-05-09'),
(66, 't.u.-m.u.-''', 'son', 5, 'ideas', '2008-05-09'),
(67, 'l.u.-f.u.-''', 'grain / texture', 5, 'ideas', '2008-05-09'),
(68, 't.o.-t.o.-s.u.-''', 'en transition / temporel', 5, 'ideas', '2008-05-09'),
(69, 'f.a.-d.a.-f.o.-''', 'technicien', 5, 'ideas', '2008-05-09'),
(70, 'y.y.-k.o.-''', 'communauté savante', 5, 'ideas', '2008-05-09'),
(71, 'l.i.-d.i.-''', 'boussole', 5, 'ideas', '2008-05-09'),
(72, 'wu.b.-', 'développer sa sensibilité poétique', 3, 'relations', '2008-05-09'),
(73, 'n.o.-t.o.-s.u.-''', 'en progrès', 5, 'ideas', '2008-05-09'),
(74, 's.u.-m.u.-d.u.-''', 'onirique', 5, 'ideas', '2008-05-09'),
(75, 'f.f.-', 'eau', 3, 'relations', '2008-05-09'),
(76, 'f.n.-', 'sauvage', 3, 'relations', '2008-05-09'),
(77, 'i.x.-', 'travailler la matière', 3, 'relations', '2008-05-09'),
(78, 'n.o.-l.o.-s.u.-''', 'cosmique', 5, 'ideas', '2008-05-09'),
(79, 'l.u.-t.u.-''', 'qualité', 5, 'ideas', '2008-05-09'),
(80, 'm.i.-b.i.-''', 'parfum', 5, 'ideas', '2008-05-09'),
(81, 'm.n.-', 'ennui', 3, 'relations', '2008-05-09'),
(82, 'b.o.-m.o.-s.u.-''', 'beau', 5, 'ideas', '2008-05-09'),
(83, 'l.o.-b.o.-''', 'composition', 5, 'ideas', '2008-05-09'),
(84, 'k.u.-b.u.-d.u.-''', 'révélé', 5, 'ideas', '2008-05-09'),
(85, 's.i.-', 'interface', 3, 'relations', '2008-05-09'),
(86, 'a.a.-', 'contracter', 3, 'relations', '2008-05-09'),
(87, 'm.u.-l.u.-d.u.-''', 'rappelé à la mémoire', 5, 'ideas', '2008-05-09'),
(88, 'o.wa.-', 'agir dans le cadre du droit administratif / commercial', 3, 'relations', '2008-05-09'),
(89, 't.o.-g.g.-s.y.-''', '(à venir)', 5, 'ideas', '2008-05-09'),
(90, 'f.u.-', 'sensation', 3, 'relations', '2008-05-09'),
(91, 'k.e.-t.a.-wa.e.-''', 'entraînement de la mémoire', 5, 'ideas', '2008-05-09'),
(92, 'y.y.-f.o.-s.y.-''', 'esthétique', 5, 'ideas', '2008-05-09'),
(93, 't.i.-d.i.-t.u.-''', 'chronométré', 5, 'ideas', '2008-05-09'),
(94, 'o.o.-b.o.-s.y.-''', 'communication sociale', 5, 'ideas', '2008-05-09'),
(95, 'l.o.-o.o.-''', '(à venir)', 5, 'ideas', '2008-05-09'),
(96, 'd.e.-f.i.-''', 'performance physique', 5, 'ideas', '2008-05-09'),
(97, 'l.o.-s.o.-''', 'exploration', 5, 'ideas', '2008-05-09'),
(98, 't.e.-n.u.-wa.e.-''', 'écriture littéraire', 5, 'ideas', '2008-05-09'),
(99, 's.o.-n.o.-''', 'méditation', 5, 'ideas', '2008-05-09'),
(100, 'f.o.-y.y.-s.y.-''', '(à venir)', 5, 'ideas', '2008-05-09'),
(101, 'n.o.-f.o.-''', 'santé', 5, 'ideas', '2008-05-09'),
(102, 'd.e.-m.i.-''', 'goût', 5, 'ideas', '2008-05-09'),
(103, 'd.a.-b.a.-''', 'production de spectacle', 5, 'ideas', '2008-05-09'),
(104, 'h.h.-n.o.-s.y.-''', 'études sur les droits humains', 5, 'ideas', '2008-05-09'),
(105, 'm.i.-l.i.-t.u.-''', 'vêtu / recouvert', 5, 'ideas', '2008-05-09'),
(106, 'd.a.-m.a.-f.o.-''', 'enfant', 5, 'ideas', '2008-05-09'),
(107, 'd.s.-', 'obscurité', 3, 'relations', '2008-05-09'),
(108, 's.u.-s.u.-''', 'idée', 5, 'ideas', '2008-05-09'),
(109, 'l.o.-e.e.-s.y.-''', '(à venir)', 5, 'ideas', '2008-05-09'),
(110, 'k.o.-l.o.-s.u.-''', 'institué', 5, 'ideas', '2008-05-09'),
(111, 't.c.-', 'legs politique', 3, 'relations', '2008-05-09'),
(112, 'a.wa.-', 'créer une entreprise', 3, 'relations', '2008-05-09'),
(113, 't.u.-l.u.-d.u.-''', 'photographié', 5, 'ideas', '2008-05-09'),
(114, 'y.k.-', 'ignorer les relations', 3, 'relations', '2008-05-09'),
(115, 'l.we.-', 'responsabilité économique', 3, 'relations', '2008-05-09'),
(116, 'a.l.-', 'transgresser', 3, 'relations', '2008-05-09'),
(117, 's.o.-j.j.-s.y.-''', '(à venir)', 5, 'ideas', '2008-05-09'),
(118, 'wa.wu.-', 'célébrer', 3, 'relations', '2008-05-09'),
(119, 'k.i.-f.i.-''', 'bouche / système digestif', 5, 'ideas', '2008-05-09'),
(120, 'b.i.-', 'medium', 3, 'relations', '2008-05-09'),
(121, 'c.e.-', 'révolution / changement de pouvoir', 3, 'relations', '2008-05-09'),
(122, 'k.x.-', 'équipe de projet', 3, 'relations', '2008-05-09'),
(123, 'wu.wa.-', 'déplorer', 3, 'relations', '2008-05-09'),
(124, 'b.o.-p.p.-s.y.-''', '(à venir)', 5, 'ideas', '2008-05-09'),
(125, 'n.n.-', 'feu', 3, 'relations', '2008-05-09'),
(126, 'we.f.-', 'satisfaire ses besoins primaires', 3, 'relations', '2008-05-09'),
(127, 'd.a.-d.a.-f.o.-''', 'inventeur', 5, 'ideas', '2008-05-09'),
(128, 'd.a.-s.a.-''', 'étude', 5, 'ideas', '2008-05-09'),
(129, 'u.y.-we.h.-', 'préciser l''information', 5, 'ideas', '2008-05-09'),
(130, 'n.o.-e.e.-''', '(à venir)', 5, 'ideas', '2008-05-09'),
(131, 'd.a.-l.a.-''', 'renseignement', 5, 'ideas', '2008-05-09'),
(132, 'b.e.-t.u.-''', 'cohérence logique', 5, 'ideas', '2008-05-09'),
(133, 'u.u.-f.o.-s.y.-''', 'musicologie', 5, 'ideas', '2008-05-09'),
(134, 'x.x.-b.o.-''', 'supports de télécommunication', 5, 'ideas', '2008-05-09'),
(135, 'p.p.-t.o.-s.y.-''', 'histoire des relations internationales', 5, 'ideas', '2008-05-09'),
(136, 'd.o.-h.h.-''', '(à venir)', 5, 'ideas', '2008-05-09'),
(137, 's.wa.-', 'tactique', 3, 'relations', '2008-05-09'),
(138, 'e.e.-d.o.-''', 'degré de compétence', 5, 'ideas', '2008-05-09'),
(139, 'l.e.-f.i.-wa.e.-''', 'biotechnologie', 5, 'ideas', '2008-05-09'),
(140, 'c.f.-', 'échec', 3, 'relations', '2008-05-09'),
(141, 's.e.-m.u.-''', 'jeu d''acteur', 5, 'ideas', '2008-05-09'),
(142, 't.e.-k.u.-''', 'symbole original', 5, 'ideas', '2008-05-09'),
(143, 'n.o.-j.j.-s.y.-''', '(à venir)', 5, 'ideas', '2008-05-09'),
(144, 'm.o.-n.o.-s.u.-''', 'sage', 5, 'ideas', '2008-05-09'),
(145, 'x.wu.-', 'nouvel instrument d''observation', 3, 'relations', '2008-05-09'),
(146, 't.d.-', 'Automne', 3, 'relations', '2008-05-09'),
(147, 'g.g.-b.o.-''', 'représentation transversale', 5, 'ideas', '2008-05-09'),
(148, 'a.i.-', 'poser sa candidature', 3, 'relations', '2008-05-09'),
(149, 'k.o.-x.x.-s.y.-''', '(à venir)', 5, 'ideas', '2008-05-09'),
(150, 'wo.h.-', 'réfléchir aux sens possibles', 3, 'relations', '2008-05-09'),
(151, 's.g.-', 'projet de communication', 3, 'relations', '2008-05-09'),
(152, 'f.e.-t.i.-''', 'matériel entretenu', 5, 'ideas', '2008-05-09'),
(153, 'n.o.-b.o.-''', 'style', 5, 'ideas', '2008-05-09'),
(154, 'wa.f.-', 'cultiver son énergie physique', 3, 'relations', '2008-05-09'),
(155, 'x.', 'mutation matérielle', 2, 'events', '2008-05-09'),
(156, 'f.o.-n.o.-''', 'danse', 5, 'ideas', '2008-05-09'),
(157, 'b.o.-t.o.-''', 'promesse', 5, 'ideas', '2008-05-09'),
(158, 'k.o.-h.h.-''', '(à venir)', 5, 'ideas', '2008-05-09'),
(159, 'd.i.-l.i.-''', 'lieu / site', 5, 'ideas', '2008-05-09'),
(160, 'u.u.-d.o.-s.y.-''', 'sciences de la documentation', 5, 'ideas', '2008-05-09'),
(161, 'wo.p.-', 'réfléchir aux objets possibles', 3, 'relations', '2008-05-09'),
(162, 'f.t.-', 'fleur', 3, 'relations', '2008-05-09'),
(163, 't.o.-y.y.-s.y.-''', '(à venir)', 5, 'ideas', '2008-05-09'),
(164, 'p.l.-', 'suffisance', 3, 'relations', '2008-05-09'),
(165, 'b.u.-m.u.-d.u.-''', 'chant', 5, 'ideas', '2008-05-09'),
(166, 'y.y.-', 'maîtriser un domaine de connaissance', 3, 'relations', '2008-05-09'),
(167, 'n.a.-l.a.-''', 'ordre public', 5, 'ideas', '2008-05-09'),
(168, 'f.e.-l.i.-wa.e.-''', 'maîtrise de la construction', 5, 'ideas', '2008-05-09'),
(169, 'e.s.-', 'négliger les codes', 3, 'relations', '2008-05-09'),
(170, 'b.a.-k.a.-''', 'agir politique', 5, 'ideas', '2008-05-09'),
(171, 'i.e.-we.h.-', 'investir', 5, 'ideas', '2008-05-09'),
(172, 'f.o.-n.o.-s.u.-''', 'pas / démarche', 5, 'ideas', '2008-05-09'),
(173, 'p.p.-m.o.-''', 'promotion d''une marque', 5, 'ideas', '2008-05-09'),
(174, 'f.o.-t.o.-s.u.-''', 'en croissance', 5, 'ideas', '2008-05-09'),
(175, 'y.y.-m.o.-s.y.-''', 'critique art/science', 5, 'ideas', '2008-05-09'),
(176, 'wu.a.-', 'étudier les caractères', 3, 'relations', '2008-05-09'),
(177, 'b.e.-d.u.-''', 'objet de recherche', 5, 'ideas', '2008-05-09'),
(178, 'l.i.-t.i.-t.u.-''', 'fermé / emballé', 5, 'ideas', '2008-05-09'),
(179, 'p.p.-s.o.-s.y.-''', 'théorie de l''apprentissage', 5, 'ideas', '2008-05-09'),
(180, 't.h.-', 'héritage spirituel', 3, 'relations', '2008-05-09'),
(181, 'k.u.-t.u.-d.u.-''', 'prémonitoire', 5, 'ideas', '2008-05-09'),
(182, 'u.u.-f.o.-''', 'musique', 5, 'ideas', '2008-05-09'),
(183, 'U.', 'virtuel', 1, 'elements', '2008-05-09'),
(184, 's.e.-t.u.-''', 'opération arithmétique', 5, 'ideas', '2008-05-09'),
(185, 'o.y.-we.h.-', 'orienter la recherche', 5, 'ideas', '2008-05-09'),
(186, 'o.o.-m.o.-s.y.-''', 'critique sociale', 5, 'ideas', '2008-05-09'),
(187, 'm.wu.-', 'goût de vivre', 3, 'relations', '2008-05-09'),
(188, 'f.u.-m.u.-d.u.-''', 'sentimental', 5, 'ideas', '2008-05-09'),
(189, 'm.i.-s.i.-t.u.-''', 'piégé', 5, 'ideas', '2008-05-09'),
(190, 'd.y.-', 'connaissance objective', 3, 'relations', '2008-05-09'),
(191, 'g.we.-', 'initiation / nouveau nom', 3, 'relations', '2008-05-09'),
(192, 'm.o.-h.h.-s.y.-''', '(à venir)', 5, 'ideas', '2008-05-09'),
(193, 'e.o.-we.h.-', 'poser normes et standards', 5, 'ideas', '2008-05-09'),
(194, 'o.s.-', 'avoir des préjugés', 3, 'relations', '2008-05-09'),
(195, 'd.u.-s.u.-d.u.-''', 'cartographié', 5, 'ideas', '2008-05-09'),
(196, 't.u.-f.u.-d.u.-''', 'séquentiel', 5, 'ideas', '2008-05-09'),
(197, 'a.a.-f.o.-''', 'population humaine', 5, 'ideas', '2008-05-09'),
(198, 'a.y.-we.h.-', 'investir dans la recherche', 5, 'ideas', '2008-05-09'),
(199, 't.s.-', 'nuit', 3, 'relations', '2008-05-09'),
(200, 'b.i.-s.i.-t.u.-''', 'atmosphérique', 5, 'ideas', '2008-05-09'),
(201, 'k.o.-d.o.-s.u.-''', 'honnête', 5, 'ideas', '2008-05-09'),
(202, 'n.u.-l.u.-d.u.-''', 'retracé', 5, 'ideas', '2008-05-09'),
(203, 'd.e.-d.i.-''', 'geste précis', 5, 'ideas', '2008-05-09'),
(204, 'd.e.-s.i.-''', 'synchronie corps-esprit', 5, 'ideas', '2008-05-09'),
(205, 'm.u.-m.u.-''', 'visage', 5, 'ideas', '2008-05-09'),
(206, 's.o.-g.g.-''', '(à venir)', 5, 'ideas', '2008-05-09'),
(207, 'n.u.-k.u.-''', 'vertu', 5, 'ideas', '2008-05-09'),
(208, 'f.e.-f.i.-''', 'opération sur le corps', 5, 'ideas', '2008-05-09'),
(209, 's.o.-i.i.-''', '(à venir)', 5, 'ideas', '2008-05-09'),
(210, 'k.e.-l.a.-''', 'sécurité personnelle', 5, 'ideas', '2008-05-09'),
(211, 'b.o.-a.a.-s.y.-''', '(à venir)', 5, 'ideas', '2008-05-09'),
(212, 'f.o.-c.c.-s.y.-''', '(à venir)', 5, 'ideas', '2008-05-09'),
(213, 't.o.-f.o.-s.u.-''', 'périodique', 5, 'ideas', '2008-05-09'),
(214, 'd.o.-y.y.-s.y.-''', '(à venir)', 5, 'ideas', '2008-05-09'),
(215, 'p.d.-', 'erreur sur les faits', 3, 'relations', '2008-05-09'),
(216, 'u.wo.-', 'publier ou exposer une oeuvre originale', 3, 'relations', '2008-05-09'),
(217, 'k.o.-p.p.-''', '(à venir)', 5, 'ideas', '2008-05-09'),
(218, 'f.u.-n.u.-d.u.-''', 'attribué', 5, 'ideas', '2008-05-09'),
(219, 'k.o.-o.o.-s.y.-''', '(à venir)', 5, 'ideas', '2008-05-09'),
(220, 's.o.-p.p.-s.y.-''', '(à venir)', 5, 'ideas', '2008-05-09'),
(221, 's.o.-x.x.-''', '(à venir)', 5, 'ideas', '2008-05-09'),
(222, 'h.h.-l.o.-''', 'paysage sacré / espace', 5, 'ideas', '2008-05-09'),
(223, 's.o.-a.a.-''', '(à venir)', 5, 'ideas', '2008-05-09'),
(224, 'u.b.-', 'monologuer', 3, 'relations', '2008-05-09'),
(225, 'f.i.-t.i.-''', 'graisse', 5, 'ideas', '2008-05-09'),
(226, 'n.p.-', 'évolution du marché', 3, 'relations', '2008-05-09'),
(227, 'b.o.-h.h.-s.y.-''', '(à venir)', 5, 'ideas', '2008-05-09'),
(228, 'y.y.-d.o.-''', 'paradigme / épistémè', 5, 'ideas', '2008-05-09'),
(229, 'j.s.-', 'lapsus', 3, 'relations', '2008-05-09'),
(230, 'b.o.-i.i.-s.y.-''', '(à venir)', 5, 'ideas', '2008-05-09'),
(231, 'm.u.-f.u.-d.u.-''', 'agréable', 5, 'ideas', '2008-05-09'),
(232, 'm.i.-t.i.-t.u.-''', 'protégé', 5, 'ideas', '2008-05-09'),
(233, 'b.we.-', 'climat médiatique', 3, 'relations', '2008-05-09'),
(234, 'd.u.-f.u.-''', 'présence', 5, 'ideas', '2008-05-09'),
(235, 'b.o.-e.e.-s.y.-''', '(à venir)', 5, 'ideas', '2008-05-09'),
(236, 's.i.-m.i.-''', 'robot / mécanisme', 5, 'ideas', '2008-05-09'),
(237, 't.a.-k.a.-f.o.-''', 'fonctionnaire', 5, 'ideas', '2008-05-09'),
(238, 'c.c.-n.o.-''', 'singularité culturelle', 5, 'ideas', '2008-05-09'),
(239, 'n.o.-l.o.-''', 'cosmos', 5, 'ideas', '2008-05-09'),
(240, 'm.i.-m.i.-t.u.-''', 'fétichisé', 5, 'ideas', '2008-05-09'),
(241, 'm.e.-n.a.-''', 'personne choisie', 5, 'ideas', '2008-05-09'),
(242, 't.a.-d.a.-''', 'investissement', 5, 'ideas', '2008-05-09'),
(243, 'n.i.-n.i.-t.u.-''', 'source d''énergie', 5, 'ideas', '2008-05-09'),
(244, 'b.o.-h.h.-''', '(à venir)', 5, 'ideas', '2008-05-09'),
(245, 'g.n.-', 'censure', 3, 'relations', '2008-05-09'),
(246, 's.a.-f.a.-''', 'psychothérapie', 5, 'ideas', '2008-05-09'),
(247, 'y.wu.-', 'assumer son identité personnelle', 3, 'relations', '2008-05-09'),
(248, 't.k.-', 'Hiver', 3, 'relations', '2008-05-09'),
(249, 't.i.-b.i.-t.u.-''', 'informatif', 5, 'ideas', '2008-05-09'),
(250, 'k.o.-o.o.-''', '(à venir)', 5, 'ideas', '2008-05-09'),
(251, 'f.b.-', 'rouge', 3, 'relations', '2008-05-09'),
(252, 'n.i.-s.i.-''', 'moteur', 5, 'ideas', '2008-05-09'),
(253, 'k.u.-s.u.-d.u.-''', 'symétrique', 5, 'ideas', '2008-05-09'),
(254, 't.o.-m.o.-s.u.-''', 'espéré', 5, 'ideas', '2008-05-09'),
(255, 'b.d.-', 'aigu', 3, 'relations', '2008-05-09'),
(256, 'b.o.-y.y.-''', '(à venir)', 5, 'ideas', '2008-05-09'),
(257, 'o.i.-we.h.-', 'orienter la production', 5, 'ideas', '2008-05-09'),
(258, 'b.h.-', 'réinterprétation du contexte', 3, 'relations', '2008-05-09'),
(259, 'n.e.-m.a.-''', 'entente', 5, 'ideas', '2008-05-09'),
(260, 'd.a.-k.a.-f.o.-''', 'inspecteur', 5, 'ideas', '2008-05-09'),
(261, 'wu.p.-', 're-évaluer l''objet', 3, 'relations', '2008-05-09'),
(262, 'm.e.-s.a.-''', 'apprendre des autres', 5, 'ideas', '2008-05-09'),
(263, 'i.i.-t.o.-s.y.-''', 'modèle prédictif', 5, 'ideas', '2008-05-09'),
(264, 'l.o.-n.o.-s.u.-''', 'spatial', 5, 'ideas', '2008-05-09'),
(265, 'wo.n.-', 'changer de représentation du monde', 3, 'relations', '2008-05-09'),
(266, 'o.x.-', 'orienter son travail', 3, 'relations', '2008-05-09'),
(267, 'i.m.-', 'utiliser les armes', 3, 'relations', '2008-05-09'),
(268, 'wa.g.-', 'transformer la documentation', 3, 'relations', '2008-05-09'),
(269, 'e.', 'pouvoir', 2, 'events', '2008-05-09'),
(270, 'h.d.-', 'imitation', 3, 'relations', '2008-05-09'),
(271, 's.o.-s.o.-''', 'esprit', 5, 'ideas', '2008-05-09'),
(272, 's.we.-', 'souci de l''environnement', 3, 'relations', '2008-05-09'),
(273, 'k.a.-s.a.-''', 'diplomatie', 5, 'ideas', '2008-05-09'),
(274, 'g.x.-', 'commandement', 3, 'relations', '2008-05-09'),
(275, 'k.o.-b.o.-''', 'conversation', 5, 'ideas', '2008-05-09'),
(276, 'd.o.-d.o.-s.u.-''', 'examiné', 5, 'ideas', '2008-05-09'),
(277, 'h.y.-', 'cadre conceptuel', 3, 'relations', '2008-05-09'),
(278, 'd.u.-k.u.-''', 'temple', 5, 'ideas', '2008-05-09'),
(279, 'm.o.-i.i.-''', '(à venir)', 5, 'ideas', '2008-05-09'),
(280, 'a.p.-', 's''impliquer dans son sujet', 3, 'relations', '2008-05-09'),
(281, 'm.e.-b.a.-wa.e.-''', 'sages paroles', 5, 'ideas', '2008-05-09'),
(282, 'f.k.-', 'mer', 3, 'relations', '2008-05-09'),
(283, 'n.g.-', 'changement de comportement du public', 3, 'relations', '2008-05-09'),
(284, 'wa.i.-', 'utiliser l''équipement', 3, 'relations', '2008-05-09'),
(285, 'f.u.-m.u.-''', 'sensibilité', 5, 'ideas', '2008-05-09'),
(286, 's.a.-s.a.-f.o.-''', 'philosophe', 5, 'ideas', '2008-05-09'),
(287, 't.e.-k.u.-wa.e.-''', 'création de symbole', 5, 'ideas', '2008-05-09'),
(288, 'M.M.-M.M.-''', 'cycle naturel', 4, 'cycles', '2008-05-09'),
(289, 'a.d.-', 'être superficiel', 3, 'relations', '2008-05-09'),
(290, 's.i.-m.i.-t.u.-''', 'mécanique', 5, 'ideas', '2008-05-09'),
(291, 'g.f.-', 'opposition', 3, 'relations', '2008-05-09'),
(292, 'b.e.-', 'capacité de raisonner', 3, 'relations', '2008-05-09'),
(293, 't.a.-d.a.-f.o.-''', 'investisseur', 5, 'ideas', '2008-05-09'),
(294, 'O.M.-O.O.-''', 'cycle de puissance', 4, 'cycles', '2008-05-09'),
(295, 'l.n.-', 'plein', 3, 'relations', '2008-05-09'),
(296, 'm.o.-j.j.-s.y.-''', '(à venir)', 5, 'ideas', '2008-05-09'),
(297, 'm.a.-f.a.-''', 'aide', 5, 'ideas', '2008-05-09'),
(298, 'l.o.-l.o.-s.u.-''', 'complexe', 5, 'ideas', '2008-05-09'),
(299, 'y.y.-s.o.-''', 'méthode scientifique', 5, 'ideas', '2008-05-09'),
(300, 's.y.-', 'connaissance organisée', 3, 'relations', '2008-05-09'),
(301, 'm.i.-f.i.-t.u.-''', 'caressé', 5, 'ideas', '2008-05-09'),
(302, 's.', 'pensée', 2, 'events', '2008-05-09'),
(303, 'm.u.-s.u.-d.u.-''', 'fantasmé', 5, 'ideas', '2008-05-09'),
(304, 'b.a.-t.a.-''', 'comptes', 5, 'ideas', '2008-05-09'),
(305, 'j.wo.-', 'tournant de la réflexion', 3, 'relations', '2008-05-09'),
(306, 'b.a.-d.a.-f.o.-''', 'publicitaire', 5, 'ideas', '2008-05-09'),
(307, 'a.o.-', 'juger', 3, 'relations', '2008-05-09'),
(308, 'o.o.-t.o.-''', 'identité institutionnelle', 5, 'ideas', '2008-05-09'),
(309, 'k.l.-', 'étendue', 3, 'relations', '2008-05-09'),
(310, 's.i.-f.i.-''', 'système nerveux / système immunitaire', 5, 'ideas', '2008-05-09'),
(311, 'g.g.-s.o.-s.y.-''', 'théories de la communication', 5, 'ideas', '2008-05-09'),
(312, 'f.o.-e.e.-''', '(à venir)', 5, 'ideas', '2008-05-09'),
(313, 'g.k.-', 'non respect des normes', 3, 'relations', '2008-05-09'),
(314, 'f.s.-', 'animal', 3, 'relations', '2008-05-09'),
(315, 's.e.-n.u.-wa.e.-''', 'vocabulaire', 5, 'ideas', '2008-05-09'),
(316, 'g.wa.-', 'rétroaction', 3, 'relations', '2008-05-09'),
(317, 'n.e.-l.a.-wa.e.-''', 'protéger un groupe', 5, 'ideas', '2008-05-09'),
(318, 't.o.-h.h.-s.y.-''', '(à venir)', 5, 'ideas', '2008-05-09'),
(319, 'h.wu.-', 'changement de perception du même objet', 3, 'relations', '2008-05-09'),
(320, 'b.i.-l.i.-t.u.-''', 'relié', 5, 'ideas', '2008-05-09'),
(321, 'n.o.-k.o.-s.u.-''', 'religieux', 5, 'ideas', '2008-05-09'),
(322, 'f.e.-n.i.-''', 'industrie', 5, 'ideas', '2008-05-09'),
(323, 'd.o.-n.o.-''', 'science', 5, 'ideas', '2008-05-09'),
(324, 'we.o.-', 'renouveler les objectifs', 3, 'relations', '2008-05-09'),
(325, 'p.', 'mutation de référent', 2, 'events', '2008-05-09'),
(326, 'n.e.-t.a.-wa.e.-''', 'initier une tradition', 5, 'ideas', '2008-05-09'),
(327, 'd.a.-n.a.-''', 'témoignage', 5, 'ideas', '2008-05-09'),
(328, 'm.i.-b.i.-t.u.-''', 'parfumé', 5, 'ideas', '2008-05-09'),
(329, 'k.a.-s.a.-f.o.-''', 'diplomate', 5, 'ideas', '2008-05-09'),
(330, 'm.o.-g.g.-''', '(à venir)', 5, 'ideas', '2008-05-09'),
(331, 'f.i.-l.i.-''', 'charpente', 5, 'ideas', '2008-05-09'),
(332, 'b.o.-n.o.-''', 'poésie', 5, 'ideas', '2008-05-09'),
(333, 'k.g.-', 'respect des normes et standards', 3, 'relations', '2008-05-09'),
(334, 'b.u.-b.u.-''', 'hypertexte', 5, 'ideas', '2008-05-09'),
(335, 'we.k.-', 'constituer des liens sociaux', 3, 'relations', '2008-05-09'),
(336, 'n.o.-n.o.-s.u.-''', 'humain', 5, 'ideas', '2008-05-09'),
(337, 'n.e.-t.a.-''', 'civilisation', 5, 'ideas', '2008-05-09'),
(338, 'i.i.-l.o.-s.y.-''', 'physique', 5, 'ideas', '2008-05-09'),
(339, 'd.e.-t.i.-wa.e.-''', 'conduire un véhicule', 5, 'ideas', '2008-05-09'),
(340, 'm.o.-b.o.-''', 'expression', 5, 'ideas', '2008-05-09'),
(341, 'm.a.-d.a.-''', 'partenariat', 5, 'ideas', '2008-05-09'),
(342, 'd.e.-k.i.-''', 'esprit d''équipe', 5, 'ideas', '2008-05-09'),
(343, 'h.h.-f.o.-s.y.-''', 'bioéthique / éthique médicale', 5, 'ideas', '2008-05-09'),
(344, 'wa.x.-', 'transformer le système technique', 3, 'relations', '2008-05-09'),
(345, 'n.x.-', 'transformation matérielle', 3, 'relations', '2008-05-09'),
(346, 'y.o.-we.h.-', 'définir les problèmes', 5, 'ideas', '2008-05-09'),
(347, 'n.k.-', 'campement', 3, 'relations', '2008-05-09'),
(348, 'd.u.-l.u.-d.u.-''', 'soupçonné', 5, 'ideas', '2008-05-09'),
(349, 's.i.-t.i.-t.u.-''', 'filtré', 5, 'ideas', '2008-05-09'),
(350, 'd.o.-f.o.-''', 'expérience', 5, 'ideas', '2008-05-09'),
(351, 'o.o.-k.o.-''', 'régime politique', 5, 'ideas', '2008-05-09'),
(352, 'we.', 'reconstituer', 2, 'events', '2008-05-09'),
(353, 'c.t.-', 'obsolescence', 3, 'relations', '2008-05-09'),
(354, 'k.i.-k.i.-t.u.-''', 'économique', 5, 'ideas', '2008-05-09'),
(355, 'd.o.-y.y.-''', '(à venir)', 5, 'ideas', '2008-05-09'),
(356, 'n.i.-s.i.-t.u.-''', 'en mouvement', 5, 'ideas', '2008-05-09'),
(357, 'k.a.-t.a.-f.o.-''', 'secrétaire', 5, 'ideas', '2008-05-09'),
(358, 'l.o.-d.o.-''', 'orientation', 5, 'ideas', '2008-05-09'),
(359, 'y.y.-m.o.-''', 'objet de controverse', 5, 'ideas', '2008-05-09'),
(360, 'f.o.-f.o.-''', 'corps', 5, 'ideas', '2008-05-09'),
(361, 'm.e.-d.a.-''', 'méthode d''enquête', 5, 'ideas', '2008-05-09'),
(362, 'd.u.-b.u.-''', 'avertissement', 5, 'ideas', '2008-05-09'),
(363, 'p.p.-t.o.-''', 'relation internationale', 5, 'ideas', '2008-05-09'),
(364, 'm.g.-', 'empathie', 3, 'relations', '2008-05-09'),
(365, 't.e.-t.u.-''', 'cognition augmentée', 5, 'ideas', '2008-05-09'),
(366, 'b.e.-n.u.-wa.e.-''', 'érudition littéraire', 5, 'ideas', '2008-05-09'),
(367, 'm.u.-d.u.-''', 'maquillage', 5, 'ideas', '2008-05-09'),
(368, 'm.o.-k.o.-''', 'compassion', 5, 'ideas', '2008-05-09'),
(369, 'l.i.-f.i.-t.u.-''', 'fort / agile', 5, 'ideas', '2008-05-09'),
(370, 'n.i.-t.i.-''', 'carburant', 5, 'ideas', '2008-05-09'),
(371, 'b.u.-n.u.-d.u.-''', 'agissant', 5, 'ideas', '2008-05-09'),
(372, 'd.o.-g.g.-s.y.-''', '(à venir)', 5, 'ideas', '2008-05-09'),
(373, 't.g.-', 'budget', 3, 'relations', '2008-05-09'),
(374, 'l.u.-', 'trace', 3, 'relations', '2008-05-09'),
(375, 'd.e.-b.i.-wa.e.-''', 'danser', 5, 'ideas', '2008-05-09'),
(376, 'e.t.-', 'offenser', 3, 'relations', '2008-05-09'),
(377, 'n.i.-b.i.-''', 'éclairage', 5, 'ideas', '2008-05-09'),
(378, 'l.i.-b.i.-''', 'simulation', 5, 'ideas', '2008-05-09'),
(379, 'd.a.-k.a.-''', 'inspection', 5, 'ideas', '2008-05-09'),
(380, 'y.e.-we.h.-', 'proposer des solutions', 5, 'ideas', '2008-05-09'),
(381, '', 'cycle', 4, 'cycles', '2008-05-09'),
(382, 'f.u.-f.u.-d.u.-''', 'illusoire', 5, 'ideas', '2008-05-09'),
(383, 'l.o.-y.y.-s.y.-''', '(à venir)', 5, 'ideas', '2008-05-09'),
(384, 'e.k.-', 'être emporté par ses passions', 3, 'relations', '2008-05-09'),
(385, 'f.o.-u.u.-''', '(à venir)', 5, 'ideas', '2008-05-09'),
(386, 'o.o.-m.o.-''', 'problème social', 5, 'ideas', '2008-05-09'),
(387, 'k.u.-f.u.-''', 'sainteté', 5, 'ideas', '2008-05-09'),
(388, 'x.u.-', 'rédaction', 3, 'relations', '2008-05-09'),
(389, 'n.a.-t.a.-f.o.-''', 'avocat', 5, 'ideas', '2008-05-09'),
(390, 'm.o.-g.g.-s.y.-''', '(à venir)', 5, 'ideas', '2008-05-09'),
(391, 'm.a.-k.a.-f.o.-''', 'voisin', 5, 'ideas', '2008-05-09'),
(392, 'wo.m.-', 'conscience des émotions', 3, 'relations', '2008-05-09'),
(393, 't.o.-x.x.-s.y.-''', '(à venir)', 5, 'ideas', '2008-05-09'),
(394, 'l.o.-a.a.-''', '(à venir)', 5, 'ideas', '2008-05-09'),
(395, 't.u.-s.u.-''', 'caractère / typographie', 5, 'ideas', '2008-05-09'),
(396, 'n.e.-n.a.-''', 'raffinement moral', 5, 'ideas', '2008-05-09'),
(397, 'f.o.-g.g.-s.y.-''', '(à venir)', 5, 'ideas', '2008-05-09'),
(398, 'n.a.-s.a.-''', 'majorité', 5, 'ideas', '2008-05-09'),
(399, 'b.e.-d.u.-wa.e.-''', 'documentation', 5, 'ideas', '2008-05-09'),
(400, 'f.a.-n.a.-f.o.-''', 'travailleur social', 5, 'ideas', '2008-05-09'),
(401, 'O.M.-M.M.-''', 'cycle d''obstacles', 4, 'cycles', '2008-05-09'),
(402, 'l.i.-d.i.-t.u.-''', 'orienté', 5, 'ideas', '2008-05-09'),
(403, 'm.u.-m.u.-d.u.-''', 'autre', 5, 'ideas', '2008-05-09'),
(404, 'e.f.-', 'être incompétent', 3, 'relations', '2008-05-09'),
(405, 'k.e.-n.a.-''', 'éthique', 5, 'ideas', '2008-05-09'),
(406, 'l.a.-t.a.-''', 'atlas', 5, 'ideas', '2008-05-09'),
(407, 'k.o.-u.u.-''', '(à venir)', 5, 'ideas', '2008-05-09'),
(408, 'l.i.-s.i.-t.u.-''', 'ouvert', 5, 'ideas', '2008-05-09'),
(409, 'b.a.-l.a.-''', 'transport', 5, 'ideas', '2008-05-09'),
(410, 'j.j.-b.o.-''', 'structure formelle', 5, 'ideas', '2008-05-09'),
(411, 'f.e.-n.i.-wa.e.-''', 'maîtrise de la production', 5, 'ideas', '2008-05-09'),
(412, 'l.o.-e.e.-''', '(à venir)', 5, 'ideas', '2008-05-09'),
(413, 'b.i.-f.i.-''', 'système circulatoire / système respiratoire', 5, 'ideas', '2008-05-09'),
(414, 'p.p.-n.o.-s.y.-''', 'études de gouvernance internationales', 5, 'ideas', '2008-05-09'),
(415, 'b.a.-b.a.-f.o.-''', 'auteur', 5, 'ideas', '2008-05-09'),
(416, 'd.', 'vérité', 2, 'events', '2008-05-09'),
(417, 'n.o.-u.u.-s.y.-''', '(à venir)', 5, 'ideas', '2008-05-09'),
(418, 'y.j.-', 'examiner les media possibles', 3, 'relations', '2008-05-09'),
(419, 'p.e.-', 'domaine de compétence', 3, 'relations', '2008-05-09'),
(420, 'd.e.-b.i.-''', 'grâce', 5, 'ideas', '2008-05-09'),
(421, 'm.d.-', 'repos', 3, 'relations', '2008-05-09'),
(422, 'h.k.-', 'trahison', 3, 'relations', '2008-05-09'),
(423, 't.o.-i.i.-''', '(à venir)', 5, 'ideas', '2008-05-09'),
(424, 'l.o.-f.o.-s.u.-''', 'résidant', 5, 'ideas', '2008-05-09'),
(425, 'l.o.-b.o.-s.u.-''', 'composé', 5, 'ideas', '2008-05-09'),
(426, 'u.wu.-', 's''exprimer dans les média', 3, 'relations', '2008-05-09'),
(427, 'i.i.-f.o.-s.y.-''', 'biologie', 5, 'ideas', '2008-05-09'),
(428, 'h.p.-', 'critère', 3, 'relations', '2008-05-09'),
(429, 'd.p.-', 'intelligence économique', 3, 'relations', '2008-05-09'),
(430, 'm.o.-m.o.-''', 'amour', 5, 'ideas', '2008-05-09'),
(431, 't.a.-t.a.-''', 'fondation', 5, 'ideas', '2008-05-09'),
(432, 's.u.-k.u.-d.u.-''', 'visualisé', 5, 'ideas', '2008-05-09'),
(433, 'l.p.-', 'réseau de compétences', 3, 'relations', '2008-05-09'),
(434, 'e.e.-d.o.-s.y.-''', 'tests', 5, 'ideas', '2008-05-09'),
(435, 'k.e.-m.a.-''', 'autonomie affective', 5, 'ideas', '2008-05-09'),
(436, 't.e.-l.u.-''', 'découverte scientifique', 5, 'ideas', '2008-05-09'),
(437, 'l.e.-f.i.-''', 'bioévolution modifiée', 5, 'ideas', '2008-05-09'),
(438, 'y.a.-we.h.-', 'innover en matière sociale', 5, 'ideas', '2008-05-09'),
(439, 'y.wa.-', 'assumer une identité collective / corporative', 3, 'relations', '2008-05-09'),
(440, 'n.h.-', 'acculturation', 3, 'relations', '2008-05-09'),
(441, 'd.b.-', 'grave', 3, 'relations', '2008-05-09'),
(442, 'k.a.-b.a.-''', 'spectacle', 5, 'ideas', '2008-05-09'),
(443, '', 'relation', 3, 'relations', '2008-05-09'),
(444, 'l.o.-j.j.-s.y.-''', '(à venir)', 5, 'ideas', '2008-05-09'),
(445, 'f.a.-k.a.-f.o.-''', 'hôte', 5, 'ideas', '2008-05-09'),
(446, 'k.o.-t.o.-''', 'histoire', 5, 'ideas', '2008-05-09'),
(447, 'i.a.-', 'obtenir', 3, 'relations', '2008-05-09'),
(448, 'e.e.-f.o.-s.y.-''', 'éducation physique', 5, 'ideas', '2008-05-09'),
(449, 'p.p.-b.o.-''', 'puissance du discours', 5, 'ideas', '2008-05-09'),
(450, 'M.O.-O.M.-''', 'cycle de condition', 4, 'cycles', '2008-05-09'),
(451, 't.i.-f.i.-t.u.-''', 'génétique', 5, 'ideas', '2008-05-09'),
(452, 'n.o.-y.y.-''', '(à venir)', 5, 'ideas', '2008-05-09'),
(453, 'we.n.-', 'accepter le jugement des pairs', 3, 'relations', '2008-05-09'),
(454, 'm.x.-', 'atmosphère de collaboration', 3, 'relations', '2008-05-09'),
(455, 'l.e.-s.i.-''', 'compatibilité', 5, 'ideas', '2008-05-09'),
(456, 's.o.-m.o.-s.u.-''', 'comique', 5, 'ideas', '2008-05-09'),
(457, 'e.e.-t.o.-s.y.-''', 'histoire des métiers', 5, 'ideas', '2008-05-09'),
(458, 'l.a.-b.a.-f.o.-''', 'agent de relation publique', 5, 'ideas', '2008-05-09'),
(459, 'f.o.-p.p.-''', '(à venir)', 5, 'ideas', '2008-05-09'),
(460, 'o.wu.-', 'agir dans le cadre du droit pénal', 3, 'relations', '2008-05-09'),
(461, 'wo.d.-', 'méditer des vérités alternatives', 3, 'relations', '2008-05-09'),
(462, 'x.s.-', 'inertie', 3, 'relations', '2008-05-09'),
(463, 's.u.-t.u.-d.u.-''', 'schématisé', 5, 'ideas', '2008-05-09'),
(464, 'M.M.-O.O.-''', 'sources du sens', 4, 'cycles', '2008-05-09'),
(465, 'j.j.-k.o.-''', 'écosystème cognitif', 5, 'ideas', '2008-05-09'),
(466, 'd.m.-', 'faim / soif', 3, 'relations', '2008-05-09'),
(467, 'M.O.-O.O.-''', 'cycle d''impermanence', 4, 'cycles', '2008-05-09'),
(468, 'f.a.-s.a.-''', 'consultation', 5, 'ideas', '2008-05-09'),
(469, 'x.p.-', 'prêt', 3, 'relations', '2008-05-09'),
(470, 'y.o.-', 'établir des priorités', 3, 'relations', '2008-05-09'),
(471, 'd.o.-d.o.-''', 'enquête', 5, 'ideas', '2008-05-09'),
(472, '', 'éléments', 1, 'elements', '2008-05-09'),
(473, 'l.o.-u.u.-''', '(à venir)', 5, 'ideas', '2008-05-09'),
(474, 'j.we.-', 'conséquences des actes', 3, 'relations', '2008-05-09'),
(475, 'd.u.-m.u.-''', 'réaction physique', 5, 'ideas', '2008-05-09'),
(476, 'n.a.-k.a.-f.o.-''', 'réformateur', 5, 'ideas', '2008-05-09'),
(477, 'e.e.-l.o.-''', 'emploi', 5, 'ideas', '2008-05-09'),
(478, 'f.a.-f.a.-''', 'culture / élevage', 5, 'ideas', '2008-05-09'),
(479, 'c.j.-', 'évolution juridique', 3, 'relations', '2008-05-09'),
(480, 'c.c.-t.o.-s.y.-''', 'sciences historiques', 5, 'ideas', '2008-05-09'),
(481, 's.o.-u.u.-''', '(à venir)', 5, 'ideas', '2008-05-09'),
(482, 'p.h.-', 'discernement', 3, 'relations', '2008-05-09'),
(483, 'l.wu.-', 'liberté d''expression', 3, 'relations', '2008-05-09'),
(484, 'u.u.-m.o.-s.y.-''', 'philologie', 5, 'ideas', '2008-05-09'),
(485, 'd.wa.-', 'contrainte éthique', 3, 'relations', '2008-05-09'),
(486, 'e.j.-', 'maîtriser un medium', 3, 'relations', '2008-05-09'),
(487, 's.u.-n.u.-d.u.-''', 'conceptuel', 5, 'ideas', '2008-05-09'),
(488, 'm.e.-l.a.-''', 'force de la loi', 5, 'ideas', '2008-05-09'),
(489, 'k.i.-l.i.-''', 'maison / bâtiment', 5, 'ideas', '2008-05-09'),
(490, 'u.u.-d.o.-''', 'dossier', 5, 'ideas', '2008-05-09'),
(491, 'k.i.-l.i.-t.u.-''', 'bâti', 5, 'ideas', '2008-05-09'),
(492, 's.a.-f.a.-f.o.-''', 'psychologue', 5, 'ideas', '2008-05-09'),
(493, 'k.o.-y.y.-''', '(à venir)', 5, 'ideas', '2008-05-09'),
(494, 'x.g.-', 'contr''ordre', 3, 'relations', '2008-05-09'),
(495, 'wa.l.-', 'étendre la portée de l''action', 3, 'relations', '2008-05-09'),
(496, 'h.j.-', 'questionnement', 3, 'relations', '2008-05-09'),
(497, 'm.i.-n.i.-t.u.-''', 'nettoyé', 5, 'ideas', '2008-05-09'),
(498, 'i.j.-', 'raffiner son langage', 3, 'relations', '2008-05-09'),
(499, 'e.we.-', 'contrôler la reproduction', 3, 'relations', '2008-05-09'),
(500, 'we.x.-', 'unifier le système technique', 3, 'relations', '2008-05-09'),
(501, 'f.e.-d.i.-''', 'mesure', 5, 'ideas', '2008-05-09'),
(502, 's.e.-b.u.-''', 'ouverture culturelle', 5, 'ideas', '2008-05-09'),
(503, 'd.o.-o.o.-''', '(à venir)', 5, 'ideas', '2008-05-09'),
(504, 'l.s.-', 'bas', 3, 'relations', '2008-05-09'),
(505, 'd.o.-a.a.-s.y.-''', '(à venir)', 5, 'ideas', '2008-05-09'),
(506, 'b.a.-s.a.-f.o.-''', 'lecteur', 5, 'ideas', '2008-05-09'),
(507, 'c.a.-', 'renoncement', 3, 'relations', '2008-05-09'),
(508, 'u.u.-we.h.-', 'mettre en cohérence', 5, 'ideas', '2008-05-09'),
(509, 'g.g.-k.o.-s.y.-''', 'études du journalism', 5, 'ideas', '2008-05-09'),
(510, 'a.we.-', 'créer une famille', 3, 'relations', '2008-05-09'),
(511, 'g.g.-f.o.-''', 'contrôle écosystèmes', 5, 'ideas', '2008-05-09'),
(512, 'm.e.-f.a.-wa.e.-''', 'procurer du bien-être', 5, 'ideas', '2008-05-09'),
(513, 'f.e.-t.i.-wa.e.-''', 'maintenance', 5, 'ideas', '2008-05-09'),
(514, 'b.o.-d.o.-''', 'clarté', 5, 'ideas', '2008-05-09'),
(515, 'l.o.-a.a.-s.y.-''', '(à venir)', 5, 'ideas', '2008-05-09'),
(516, 'f.a.-m.a.-f.o.-''', 'mère', 5, 'ideas', '2008-05-09'),
(517, 'x.x.-s.o.-''', 'méthodes d''enseignement', 5, 'ideas', '2008-05-09'),
(518, 's.o.-o.o.-s.y.-''', '(à venir)', 5, 'ideas', '2008-05-09'),
(519, 'n.o.-y.y.-s.y.-''', '(à venir)', 5, 'ideas', '2008-05-09'),
(520, 't.u.-', 'marque', 3, 'relations', '2008-05-09'),
(521, 'o.e.-', 'diriger', 3, 'relations', '2008-05-09'),
(522, 'c.c.-s.o.-s.y.-''', 'anthropologie', 5, 'ideas', '2008-05-09'),
(523, 'd.o.-l.o.-''', 'ordre', 5, 'ideas', '2008-05-09'),
(524, 'c.l.-', 'exil', 3, 'relations', '2008-05-09'),
(525, 'c.c.-l.o.-s.y.-''', 'géographie', 5, 'ideas', '2008-05-09'),
(526, 'l.o.-c.c.-''', '(à venir)', 5, 'ideas', '2008-05-09'),
(527, 'd.a.-b.a.-f.o.-''', 'producteur', 5, 'ideas', '2008-05-09'),
(528, 't.u.-t.u.-d.u.-''', 'quantité', 5, 'ideas', '2008-05-09'),
(529, 'x.x.-f.o.-s.y.-''', 'biologie médicale', 5, 'ideas', '2008-05-09'),
(530, 'm.o.-c.c.-''', '(à venir)', 5, 'ideas', '2008-05-09'),
(531, 'a.a.-t.o.-''', 'lignée', 5, 'ideas', '2008-05-09'),
(532, 't.e.-s.u.-''', 'design original', 5, 'ideas', '2008-05-09'),
(533, 's.o.-e.e.-s.y.-''', '(à venir)', 5, 'ideas', '2008-05-09'),
(534, 't.e.-b.u.-''', 'public conquis', 5, 'ideas', '2008-05-09'),
(535, 'j.j.-k.o.-s.y.-''', 'écologie cognitive', 5, 'ideas', '2008-05-09'),
(536, 'f.o.-o.o.-''', '(à venir)', 5, 'ideas', '2008-05-09'),
(537, 's.a.-m.a.-f.o.-''', 'époux', 5, 'ideas', '2008-05-09'),
(538, 's.u.-f.u.-d.u.-''', 'perçu', 5, 'ideas', '2008-05-09'),
(539, 'e.e.-we.h.-', 'résoudre les problèmes', 5, 'ideas', '2008-05-09'),
(540, 'm.a.-l.a.-''', 'fabrication', 5, 'ideas', '2008-05-09'),
(541, 'm.h.-', 'cohérence entre actes et paroles', 3, 'relations', '2008-05-09'),
(542, 'i.l.-', 'tomber dans un piège', 3, 'relations', '2008-05-09'),
(543, 'b.u.-f.u.-''', 'forme / genre littéraire', 5, 'ideas', '2008-05-09'),
(544, 'u.c.-', 's''engager à changer', 3, 'relations', '2008-05-09'),
(545, 'b.o.-p.p.-''', '(à venir)', 5, 'ideas', '2008-05-09'),
(546, 'm.o.-a.a.-s.y.-''', '(à venir)', 5, 'ideas', '2008-05-09'),
(547, 'u.j.-', 'analyser son langage', 3, 'relations', '2008-05-09'),
(548, 't.o.-u.u.-s.y.-''', '(à venir)', 5, 'ideas', '2008-05-09'),
(549, 's.o.-a.a.-s.y.-''', '(à venir)', 5, 'ideas', '2008-05-09'),
(550, 'f.u.-d.u.-''', 'exclamation', 5, 'ideas', '2008-05-09'),
(551, 'o.a.-', 'convenir', 3, 'relations', '2008-05-09'),
(552, 'l.u.-l.u.-''', 'matière', 5, 'ideas', '2008-05-09'),
(553, 'l.e.-l.i.-wa.e.-''', 'architecte', 5, 'ideas', '2008-05-09'),
(554, 'M.O.-M.M.-''', 'cycle d''épreuves', 4, 'cycles', '2008-05-09'),
(555, 'n.i.-d.i.-''', 'roue / levier', 5, 'ideas', '2008-05-09'),
(556, 'y.m.-', 'ignorer les émotions', 3, 'relations', '2008-05-09'),
(557, 'd.o.-k.o.-''', 'sécurité', 5, 'ideas', '2008-05-09'),
(558, 'g.p.-', 'preuve', 3, 'relations', '2008-05-09'),
(559, 'we.u.-', 'rafraîchir sa documentation', 3, 'relations', '2008-05-09'),
(560, 'm.u.-d.u.-d.u.-''', 'maquillé', 5, 'ideas', '2008-05-09'),
(561, 'm.o.-u.u.-''', '(à venir)', 5, 'ideas', '2008-05-09'),
(562, 'j.x.-', 'mutation économique', 3, 'relations', '2008-05-09'),
(563, 'n.i.-f.i.-t.u.-''', 'pris / possédé', 5, 'ideas', '2008-05-09'),
(564, 'd.e.-f.i.-wa.e.-''', 'athlétisme', 5, 'ideas', '2008-05-09'),
(565, 'h.h.-d.o.-''', 'pratiques et croyances religieuses', 5, 'ideas', '2008-05-09'),
(566, 'x.x.-l.o.-s.y.-''', 'études logistique / transports', 5, 'ideas', '2008-05-09'),
(567, 'n.u.-f.u.-''', 'couleur', 5, 'ideas', '2008-05-09'),
(568, 'm.u.-t.u.-d.u.-''', 'masqué', 5, 'ideas', '2008-05-09'),
(569, 't.o.-b.o.-s.u.-''', 'narré', 5, 'ideas', '2008-05-09'),
(570, 'm.o.-n.o.-''', 'sagesse', 5, 'ideas', '2008-05-09'),
(571, 'f.u.-s.u.-d.u.-''', 'imaginé', 5, 'ideas', '2008-05-09'),
(572, 't.a.-b.a.-''', 'édition', 5, 'ideas', '2008-05-09'),
(573, 'k.u.-f.u.-d.u.-''', 'saint', 5, 'ideas', '2008-05-09'),
(574, 't.i.-t.i.-''', 'dispositif d''enregistrement', 5, 'ideas', '2008-05-09'),
(575, 'k.o.-u.u.-s.y.-''', '(à venir)', 5, 'ideas', '2008-05-09'),
(576, 'f.o.-a.a.-''', '(à venir)', 5, 'ideas', '2008-05-09'),
(577, 'i.i.-we.h.-', 'assurer la compatibilité', 5, 'ideas', '2008-05-09'),
(578, 'p.wu.-', 'création / destruction d''objet', 3, 'relations', '2008-05-09'),
(579, 'b.a.-m.a.-f.o.-''', 'amant / amante', 5, 'ideas', '2008-05-09'),
(580, 't.u.-b.u.-d.u.-''', 'écrit', 5, 'ideas', '2008-05-09'),
(581, 'f.a.-b.a.-''', 'concert', 5, 'ideas', '2008-05-09'),
(582, 'p.p.-m.o.-s.y.-''', 'études de la publicité', 5, 'ideas', '2008-05-09'),
(583, 'k.u.-l.u.-''', 'relique / dépouille', 5, 'ideas', '2008-05-09'),
(584, 'l.i.-m.i.-t.u.-''', 'meublé', 5, 'ideas', '2008-05-09'),
(585, 'g.d.-', 'erreur de calcul', 3, 'relations', '2008-05-09'),
(586, 'a.wo.-', 'créer une oeuvre', 3, 'relations', '2008-05-09'),
(587, 'l.e.-', 'compétence en ingénierie', 3, 'relations', '2008-05-09'),
(588, 't.a.-', 'scribe', 3, 'relations', '2008-05-09'),
(589, 'y.y.-f.o.-''', 'règle de goût', 5, 'ideas', '2008-05-09'),
(590, 'wu.wu.-', 'découvrir', 3, 'relations', '2008-05-09'),
(591, 'n.u.-d.u.-d.u.-''', 'étiqueté', 5, 'ideas', '2008-05-09'),
(592, '', 'idée', 5, 'ideas', '2008-05-09'),
(593, 'l.m.-', 'abri', 3, 'relations', '2008-05-09'),
(594, 'x.k.-', 'incoordination', 3, 'relations', '2008-05-09'),
(595, 'd.i.-s.i.-''', 'circuit intégré', 5, 'ideas', '2008-05-09'),
(596, 'e.e.-k.o.-''', 'corporation', 5, 'ideas', '2008-05-09'),
(597, 'c.m.-', 'persécution', 3, 'relations', '2008-05-09'),
(598, 'p.p.-l.o.-''', 'rapport de force', 5, 'ideas', '2008-05-09'),
(599, 'y.h.-', 'examiner les sens possibles', 3, 'relations', '2008-05-09'),
(600, 'y.y.-we.h.-', 'clarifier la connaissance', 5, 'ideas', '2008-05-09'),
(601, 'b.m.-', 'rire', 3, 'relations', '2008-05-09'),
(602, 'j.', 'mutation de signifiant', 2, 'events', '2008-05-09'),
(603, 'i.i.-t.o.-''', 'relation de cause à effet', 5, 'ideas', '2008-05-09'),
(604, 'j.wa.-', 'changement de justifications', 3, 'relations', '2008-05-09'),
(605, 'i.e.-', 'prêter', 3, 'relations', '2008-05-09'),
(606, 'x.h.-', 'exécution', 3, 'relations', '2008-05-09'),
(607, 'h.h.-k.o.-s.y.-''', 'ecclésiologie', 5, 'ideas', '2008-05-09'),
(608, 'y.y.-b.o.-s.y.-''', 'diffusion / vulgarisation', 5, 'ideas', '2008-05-09'),
(609, 'b.a.-m.a.-''', 'érotisme', 5, 'ideas', '2008-05-09'),
(610, 'n.we.-', 'racines culturelles', 3, 'relations', '2008-05-09'),
(611, 'y.e.-', 'enseigner', 3, 'relations', '2008-05-09'),
(612, 's.e.-f.u.-''', 'performance musicale', 5, 'ideas', '2008-05-09'),
(613, 'we.s.-', 'cultiver l''équilibre intellectuel', 3, 'relations', '2008-05-09'),
(614, 'h.h.-n.o.-''', 'droits de l''homme', 5, 'ideas', '2008-05-09'),
(615, 'a.a.-k.o.-s.y.-''', 'études de la société civile', 5, 'ideas', '2008-05-09'),
(616, 't.o.-u.u.-''', '(à venir)', 5, 'ideas', '2008-05-09'),
(617, 'k.o.-l.o.-''', 'institution', 5, 'ideas', '2008-05-09'),
(618, 'h.b.-', 'manipulation', 3, 'relations', '2008-05-09'),
(619, 'g.j.-', 'explicitation', 3, 'relations', '2008-05-09'),
(620, 'i.i.-k.o.-''', 'technologie / procédé technique', 5, 'ideas', '2008-05-09'),
(621, 's.e.-b.u.-wa.e.-''', 'parler une seconde langue', 5, 'ideas', '2008-05-09'),
(622, 'p.k.-', 'fermeture d''unité économique', 3, 'relations', '2008-05-09'),
(623, 'n.u.-b.u.-d.u.-''', 'proposé', 5, 'ideas', '2008-05-09'),
(624, 'd.i.-k.i.-''', 'monnaie', 5, 'ideas', '2008-05-09'),
(625, 'b.b.-', 'souffle', 3, 'relations', '2008-05-09'),
(626, 'i.i.-k.o.-s.y.-''', 'recherche et développement', 5, 'ideas', '2008-05-09'),
(627, 'x.m.-', 'harcèlement', 3, 'relations', '2008-05-09'),
(628, 's.e.-k.u.-''', 'lecture / écriture', 5, 'ideas', '2008-05-09'),
(629, 'd.o.-x.x.-''', '(à venir)', 5, 'ideas', '2008-05-09'),
(630, 'd.l.-', 'vertical', 3, 'relations', '2008-05-09'),
(631, 'x.x.-l.o.-''', 'fourniture à grande échelle', 5, 'ideas', '2008-05-09'),
(632, 'k.i.-m.i.-t.u.-''', 'symbole de jeu', 5, 'ideas', '2008-05-09'),
(633, 'd.i.-f.i.-''', 'organe sensoriel', 5, 'ideas', '2008-05-09'),
(634, 'd.o.-j.j.-''', '(à venir)', 5, 'ideas', '2008-05-09'),
(635, 'l.e.-b.i.-''', 'monde virtuel', 5, 'ideas', '2008-05-09'),
(636, 's.e.-m.u.-wa.e.-''', 'jouer la comédie', 5, 'ideas', '2008-05-09'),
(637, 'y.x.-', 'revue des méthodes possibles', 3, 'relations', '2008-05-09'),
(638, 'y.l.-', 'ignorer ses ou les limites', 3, 'relations', '2008-05-09'),
(639, 'g.c.-', 'décision', 3, 'relations', '2008-05-09'),
(640, 't.o.-c.c.-s.y.-''', '(à venir)', 5, 'ideas', '2008-05-09'),
(641, 'n.u.-s.u.-d.u.-''', 'total / intégral', 5, 'ideas', '2008-05-09'),
(642, 'm.u.-s.u.-''', 'fantasme', 5, 'ideas', '2008-05-09'),
(643, 'y.t.-', 'être amnésique', 3, 'relations', '2008-05-09'),
(644, 's.a.-n.a.-''', 'avancée', 5, 'ideas', '2008-05-09'),
(645, 'o.b.-', 'accumuler les malentendus', 3, 'relations', '2008-05-09'),
(646, 'a.a.-k.o.-''', 'mouvement social', 5, 'ideas', '2008-05-09'),
(647, 'wu.u.-', 'trouver l''information', 3, 'relations', '2008-05-09'),
(648, 'e.b.-', 'être incohérent', 3, 'relations', '2008-05-09'),
(649, 'j.u.-', 'message', 3, 'relations', '2008-05-09'),
(650, 'k.a.-m.a.-''', 'fraternité', 5, 'ideas', '2008-05-09'),
(651, 'k.o.-e.e.-''', '(à venir)', 5, 'ideas', '2008-05-09'),
(652, 'y.we.-', 'assumer sa tradition ou son identité familiale', 3, 'relations', '2008-05-09'),
(653, 's.e.-l.u.-''', 'nature', 5, 'ideas', '2008-05-09'),
(654, 'g.g.-s.o.-''', 'communication inter-humaine', 5, 'ideas', '2008-05-09'),
(655, 's.o.-d.o.-s.u.-''', 'humble', 5, 'ideas', '2008-05-09'),
(656, 's.u.-m.u.-''', 'rêve', 5, 'ideas', '2008-05-09'),
(657, 'b.a.-s.a.-''', 'lecture', 5, 'ideas', '2008-05-09'),
(658, 'b.s.-', 'bleu', 3, 'relations', '2008-05-09'),
(659, 'o.wo.-', 'agir dans le cadre du droit de propriété intellectuelle', 3, 'relations', '2008-05-09'),
(660, 'm.u.-b.u.-d.u.-''', 'ensorcelé', 5, 'ideas', '2008-05-09'),
(661, 's.i.-l.i.-''', 'articulation physique', 5, 'ideas', '2008-05-09'),
(662, 'b.o.-g.g.-s.y.-''', '(à venir)', 5, 'ideas', '2008-05-09'),
(663, 'wu.', 'percevoir', 2, 'events', '2008-05-09'),
(664, 'm.o.-y.y.-s.y.-''', '(à venir)', 5, 'ideas', '2008-05-09'),
(665, 'f.o.-h.h.-s.y.-''', '(à venir)', 5, 'ideas', '2008-05-09'),
(666, 'g.wu.-', 'seuil de perception', 3, 'relations', '2008-05-09'),
(667, 'u.u.-k.o.-s.y.-''', 'socio-linguistique', 5, 'ideas', '2008-05-09'),
(668, 'b.o.-d.o.-s.u.-''', 'clair', 5, 'ideas', '2008-05-09'),
(669, 'l.i.-f.i.-''', 'muscle / squelette', 5, 'ideas', '2008-05-09'),
(670, 's.e.-s.u.-wa.e.-''', 'dessiner / peindre', 5, 'ideas', '2008-05-09'),
(671, 'g.y.-', 'diplôme / crédit de savoir', 3, 'relations', '2008-05-09'),
(672, 'm.e.-m.a.-wa.e.-''', 'sollicitude', 5, 'ideas', '2008-05-09'),
(673, 'e.wo.-', 'posséder un talent ou un don', 3, 'relations', '2008-05-09'),
(674, 'e.l.-', 'être irréaliste', 3, 'relations', '2008-05-09'),
(675, 'f.i.-b.i.-t.u.-''', 'médicamenté', 5, 'ideas', '2008-05-09'),
(676, 'l.o.-t.o.-s.u.-''', 'loin', 5, 'ideas', '2008-05-09'),
(677, 'o.o.-n.o.-''', 'loi / règlement', 5, 'ideas', '2008-05-09'),
(678, 's.x.-', 'projet technique', 3, 'relations', '2008-05-09'),
(679, 'f.wu.-', 'éclat des perceptions', 3, 'relations', '2008-05-09'),
(680, 's.a.-b.a.-f.o.-''', 'acteur', 5, 'ideas', '2008-05-09'),
(681, 'e.a.-we.h.-', 'enrichir sa communauté', 5, 'ideas', '2008-05-09'),
(682, 'we.m.-', 'cultiver l''équilibre émotionnel', 3, 'relations', '2008-05-09'),
(683, 'x.j.-', 'évolution de la computation', 3, 'relations', '2008-05-09'),
(684, 'm.i.-s.i.-''', 'appât', 5, 'ideas', '2008-05-09'),
(685, 'i.i.-s.o.-''', 'possibilité conditionnée', 5, 'ideas', '2008-05-09'),
(686, 'u.u.-l.o.-''', 'réseau sémantique', 5, 'ideas', '2008-05-09'),
(687, 'l.', 'espace', 2, 'events', '2008-05-09'),
(688, 'wa.u.-', 'étudier la documentation', 3, 'relations', '2008-05-09'),
(689, 'c.h.-', 'évolution des valeurs', 3, 'relations', '2008-05-09'),
(690, 'd.a.-m.a.-''', 'descendance', 5, 'ideas', '2008-05-09'),
(691, 's.u.-b.u.-d.u.-''', 'énoncé', 5, 'ideas', '2008-05-09'),
(692, 'n.a.-b.a.-''', 'nouvelle', 5, 'ideas', '2008-05-09'),
(693, 'l.o.-k.o.-''', 'territoire', 5, 'ideas', '2008-05-09'),
(694, 'n.e.-k.a.-wa.e.-''', 'être un exemple', 5, 'ideas', '2008-05-09'),
(695, 'c.c.-s.o.-''', 'espèce humaine', 5, 'ideas', '2008-05-09'),
(696, 'a.b.-', 'plagier', 3, 'relations', '2008-05-09'),
(697, 'i.we.-', 'équiper un ménage', 3, 'relations', '2008-05-09'),
(698, 'k.wa.-', 'communauté d''action', 3, 'relations', '2008-05-09'),
(699, 't.u.-n.u.-d.u.-''', 'unique', 5, 'ideas', '2008-05-09'),
(700, 'a.a.-d.o.-s.y.-''', 'statistiques', 5, 'ideas', '2008-05-09'),
(701, 'h.h.-b.o.-''', 'enseignement spirituel', 5, 'ideas', '2008-05-09'),
(702, 's.i.-k.i.-t.u.-''', 'récolté', 5, 'ideas', '2008-05-09'),
(703, 'l.o.-n.o.-''', 'architecture', 5, 'ideas', '2008-05-09'),
(704, 'n.u.-n.u.-''', 'question', 5, 'ideas', '2008-05-09'),
(705, 'k.e.-l.a.-wa.e.-''', 'auto-protection', 5, 'ideas', '2008-05-09'),
(706, 'd.i.-l.i.-t.u.-''', 'adresse / indicateur', 5, 'ideas', '2008-05-09'),
(707, 's.o.-c.c.-''', '(à venir)', 5, 'ideas', '2008-05-09'),
(708, 't.o.-i.i.-s.y.-''', '(à venir)', 5, 'ideas', '2008-05-09'),
(709, 'n.a.-b.a.-f.o.-''', 'journaliste', 5, 'ideas', '2008-05-09'),
(710, 'd.a.-f.a.-''', 'leçon', 5, 'ideas', '2008-05-09'),
(711, 'g.g.-d.o.-''', 'raisonnement valid', 5, 'ideas', '2008-05-09'),
(712, 'n.a.-s.a.-f.o.-''', 'adulte', 5, 'ideas', '2008-05-09'),
(713, 'd.o.-a.a.-''', '(à venir)', 5, 'ideas', '2008-05-09'),
(714, 'k.a.-d.a.-f.o.-''', 'vendeur', 5, 'ideas', '2008-05-09'),
(715, 'n.u.-f.u.-d.u.-''', 'visuel', 5, 'ideas', '2008-05-09'),
(716, 'l.o.-y.y.-''', '(à venir)', 5, 'ideas', '2008-05-09'),
(717, 'x.i.-', 'produit', 3, 'relations', '2008-05-09'),
(718, 'n.a.-t.a.-''', 'procès', 5, 'ideas', '2008-05-09'),
(719, 't.i.-b.i.-''', 'document', 5, 'ideas', '2008-05-09'),
(720, 'd.u.-l.u.-''', 'indice', 5, 'ideas', '2008-05-09'),
(721, 'm.o.-p.p.-s.y.-''', '(à venir)', 5, 'ideas', '2008-05-09'),
(722, 'n.u.-m.u.-''', 'imitation', 5, 'ideas', '2008-05-09'),
(723, 'c.c.-f.o.-''', 'relations de genre / de sexe', 5, 'ideas', '2008-05-09'),
(724, 'p.p.-k.o.-''', 'production / échange / consommation', 5, 'ideas', '2008-05-09'),
(725, 'u.u.-l.o.-s.y.-''', 'cartographie sémantique', 5, 'ideas', '2008-05-09'),
(726, 'k.o.-n.o.-''', 'justice', 5, 'ideas', '2008-05-09'),
(727, 'S.', 'signe', 1, 'elements', '2008-05-09'),
(728, 'h.h.-s.o.-''', 'transcendance', 5, 'ideas', '2008-05-09'),
(729, 'k.o.-s.o.-''', 'gouvernement', 5, 'ideas', '2008-05-09'),
(730, 'k.e.-k.a.-wa.e.-''', 'suivre une discipline', 5, 'ideas', '2008-05-09'),
(731, 'f.o.-b.o.-s.u.-''', 'joué', 5, 'ideas', '2008-05-09'),
(732, 'n.o.-g.g.-''', '(à venir)', 5, 'ideas', '2008-05-09'),
(733, 's.e.-l.u.-wa.e.-''', 'lire les signes naturels', 5, 'ideas', '2008-05-09'),
(734, 'k.k.-', 'centre', 3, 'relations', '2008-05-09'),
(735, 'O.O.-M.O.-''', 'cycle de gouvernance', 4, 'cycles', '2008-05-09'),
(736, 'b.e.-m.u.-''', 'scène culturelle', 5, 'ideas', '2008-05-09'),
(737, 't.o.-k.o.-''', 'tradition', 5, 'ideas', '2008-05-09'),
(738, 'n.i.-t.i.-t.u.-''', 'consommé', 5, 'ideas', '2008-05-09'),
(739, 'we.wa.-', 'vieillir', 3, 'relations', '2008-05-09'),
(740, 'x.x.-s.o.-s.y.-''', 'didactique', 5, 'ideas', '2008-05-09'),
(741, 'n.o.-p.p.-''', '(à venir)', 5, 'ideas', '2008-05-09'),
(742, 'f.o.-a.a.-s.y.-''', '(à venir)', 5, 'ideas', '2008-05-09'),
(743, 'f.j.-', 'vibration esthétique', 3, 'relations', '2008-05-09'),
(744, 's.a.-t.a.-f.o.-''', 'informaticien', 5, 'ideas', '2008-05-09'),
(745, 'f.u.-k.u.-''', 'vision', 5, 'ideas', '2008-05-09'),
(746, 'b.a.-n.a.-''', 'accusation', 5, 'ideas', '2008-05-09'),
(747, 'wu.o.-', 'se remettre en question', 3, 'relations', '2008-05-09'),
(748, 'c.y.-', 'école / opérateur d''apprentissage', 3, 'relations', '2008-05-09'),
(749, 'b.o.-l.o.-''', 'transmission', 5, 'ideas', '2008-05-09'),
(750, 'm.u.-l.u.-''', 'souvenir', 5, 'ideas', '2008-05-09'),
(751, 'o.n.-', 'habiter une niche étroite', 3, 'relations', '2008-05-09'),
(752, 'f.a.-n.a.-''', 'protection sociale', 5, 'ideas', '2008-05-09');
INSERT INTO `ieml_onto` (`ieml_id`, `ieml_code`, `ieml_lib`, `ieml_niveau`, `ieml_parent`, `ieml_date`) VALUES
(753, 'p.p.-d.o.-s.y.-''', 'sciences du renseignement', 5, 'ideas', '2008-05-09'),
(754, 'b.o.-m.o.-''', 'beauté', 5, 'ideas', '2008-05-09'),
(755, 'b.i.-m.i.-''', 'bijou', 5, 'ideas', '2008-05-09'),
(756, 'n.o.-a.a.-''', '(à venir)', 5, 'ideas', '2008-05-09'),
(757, 'i.y.-', 'computer', 3, 'relations', '2008-05-09'),
(758, 's.o.-b.o.-''', 'inspiration', 5, 'ideas', '2008-05-09'),
(759, 'h.we.-', 'variation du contexte', 3, 'relations', '2008-05-09'),
(760, 'h.m.-', 'incohérence parole/acte', 3, 'relations', '2008-05-09'),
(761, 'o.o.-d.o.-''', 'transparence financière', 5, 'ideas', '2008-05-09'),
(762, 'm.i.-k.i.-t.u.-''', 'ludique', 5, 'ideas', '2008-05-09'),
(763, 's.o.-l.o.-s.u.-''', 'proportionné', 5, 'ideas', '2008-05-09'),
(764, 'x.x.-n.o.-s.y.-''', 'éthique juridique / criminologie', 5, 'ideas', '2008-05-09'),
(765, 'wo.c.-', 'réfléchir à la communauté', 3, 'relations', '2008-05-09'),
(766, 'n.o.-x.x.-''', '(à venir)', 5, 'ideas', '2008-05-09'),
(767, 'O.O.-O.M.-''', 'cycle de comportement', 4, 'cycles', '2008-05-09'),
(768, 'c.u.-', 'destinataire', 3, 'relations', '2008-05-09'),
(769, 'i.p.-', 'construire son sujet', 3, 'relations', '2008-05-09'),
(770, 'i.i.-', 'produire', 3, 'relations', '2008-05-09'),
(771, 'd.i.-d.i.-t.u.-''', 'quantifié', 5, 'ideas', '2008-05-09'),
(772, 'd.x.-', 'procédure', 3, 'relations', '2008-05-09'),
(773, 'u.x.-', 'expliquer son travail', 3, 'relations', '2008-05-09'),
(774, 'f.c.-', 'élection / nomination', 3, 'relations', '2008-05-09'),
(775, 'k.o.-s.o.-s.u.-''', 'gouverné', 5, 'ideas', '2008-05-09'),
(776, 'l.a.-f.a.-f.o.-''', 'écologiste', 5, 'ideas', '2008-05-09'),
(777, 'n.o.-p.p.-s.y.-''', '(à venir)', 5, 'ideas', '2008-05-09'),
(778, 'a.m.-', 'abandonner', 3, 'relations', '2008-05-09'),
(779, 'wo.b.-', 'augmenter les ressources linguistiques', 3, 'relations', '2008-05-09'),
(780, 'l.a.-b.a.-''', 'réputation', 5, 'ideas', '2008-05-09'),
(781, 'wo.wu.-', 'jouer', 3, 'relations', '2008-05-09'),
(782, 'j.j.-f.o.-''', 'dynamique évolutive', 5, 'ideas', '2008-05-09'),
(783, 's.k.-', 'Nord', 3, 'relations', '2008-05-09'),
(784, 't.u.-d.u.-d.u.-''', 'indexé', 5, 'ideas', '2008-05-09'),
(785, 'k.a.-t.a.-''', 'administration / bureau', 5, 'ideas', '2008-05-09'),
(786, 'g.u.-', 'mise à jour', 3, 'relations', '2008-05-09'),
(787, 'f.a.-s.a.-f.o.-''', 'consultant', 5, 'ideas', '2008-05-09'),
(788, 't.i.-k.i.-t.u.-''', 'stocké', 5, 'ideas', '2008-05-09'),
(789, 'f.m.-', 'fécondité', 3, 'relations', '2008-05-09'),
(790, 'd.j.-', 'expression distincte', 3, 'relations', '2008-05-09'),
(791, 'u.p.-', 'expliquer son sujet', 3, 'relations', '2008-05-09'),
(792, 'h.u.-', 'contexte', 3, 'relations', '2008-05-09'),
(793, 'e.m.-', 'commettre une fraude', 3, 'relations', '2008-05-09'),
(794, 'l.i.-k.i.-t.u.-''', 'foncier', 5, 'ideas', '2008-05-09'),
(795, 'k.o.-g.g.-s.y.-''', '(à venir)', 5, 'ideas', '2008-05-09'),
(796, 'm.e.-b.a.-''', 'dialogue', 5, 'ideas', '2008-05-09'),
(797, 's.t.-', 'jour', 3, 'relations', '2008-05-09'),
(798, 'd.i.-', 'instrument de mesure', 3, 'relations', '2008-05-09'),
(799, 'n.i.-', 'technique de transformation', 3, 'relations', '2008-05-09'),
(800, 'n.e.-b.a.-wa.e.-''', 'représenter un groupe', 5, 'ideas', '2008-05-09'),
(801, 't.o.-c.c.-''', '(à venir)', 5, 'ideas', '2008-05-09'),
(802, 'p.t.-', 'perte', 3, 'relations', '2008-05-09'),
(803, 'o.o.-t.o.-s.y.-''', 'mémoire institutionelle', 5, 'ideas', '2008-05-09'),
(804, 'f.i.-f.i.-''', 'organisme', 5, 'ideas', '2008-05-09'),
(805, 'f.i.-d.i.-''', 'capteur', 5, 'ideas', '2008-05-09'),
(806, 's.i.-n.i.-t.u.-''', 'réfrigéré', 5, 'ideas', '2008-05-09'),
(807, 'f.o.-', 'corps vivant', 3, 'relations', '2008-05-09'),
(808, 'h.h.-t.o.-''', 'sens de l''histoire', 5, 'ideas', '2008-05-09'),
(809, 's.o.-c.c.-s.y.-''', '(à venir)', 5, 'ideas', '2008-05-09'),
(810, 'k.a.-l.a.-f.o.-''', 'syndiqué', 5, 'ideas', '2008-05-09'),
(811, 'm.we.-', 'acceptation des contraintes', 3, 'relations', '2008-05-09'),
(812, 'j.j.-b.o.-s.y.-''', 'mathématiques', 5, 'ideas', '2008-05-09'),
(813, 'a.a.-m.o.-''', 'âme', 5, 'ideas', '2008-05-09'),
(814, 's.i.-b.i.-''', 'studio multimedia', 5, 'ideas', '2008-05-09'),
(815, 'j.h.-', 'ordre de priorité', 3, 'relations', '2008-05-09'),
(816, 'p.o.-', 'objet de désir', 3, 'relations', '2008-05-09'),
(817, 'l.c.-', 'migration', 3, 'relations', '2008-05-09'),
(818, 't.a.-m.a.-f.o.-''', 'ancêtre', 5, 'ideas', '2008-05-09'),
(819, 'd.o.-f.o.-s.u.-''', 'empirique', 5, 'ideas', '2008-05-09'),
(820, 's.e.-n.u.-''', 'distinction sémantique', 5, 'ideas', '2008-05-09'),
(821, 's.o.-b.o.-s.u.-''', 'inspiré', 5, 'ideas', '2008-05-09'),
(822, 'f.i.-n.i.-''', 'arme', 5, 'ideas', '2008-05-09'),
(823, 'we.j.-', 'unifier le langage', 3, 'relations', '2008-05-09'),
(824, 'x.x.-m.o.-''', 'distribution sur le marché', 5, 'ideas', '2008-05-09'),
(825, 'f.e.-b.i.-''', 'communication augmentée', 5, 'ideas', '2008-05-09'),
(826, 'e.u.-', 'promettre', 3, 'relations', '2008-05-09'),
(827, 'a.n.-', 'être corrompu ou corrompre', 3, 'relations', '2008-05-09'),
(828, 'l.a.-l.a.-f.o.-''', 'guerrier', 5, 'ideas', '2008-05-09'),
(829, 'a.a.-n.o.-s.y.-''', 'biographies / journaux', 5, 'ideas', '2008-05-09'),
(830, 'm.t.-', 'détachement', 3, 'relations', '2008-05-09'),
(831, 'l.a.-m.a.-''', 'alliance', 5, 'ideas', '2008-05-09'),
(832, 'f.o.-o.o.-s.y.-''', '(à venir)', 5, 'ideas', '2008-05-09'),
(833, 'k.e.-m.a.-wa.e.-''', 'être en amitié avec soi-même', 5, 'ideas', '2008-05-09'),
(834, 'l.u.-b.u.-d.u.-''', 'transcrit', 5, 'ideas', '2008-05-09'),
(835, 'm.e.-t.a.-''', 'force des liens personnels', 5, 'ideas', '2008-05-09'),
(836, 'wo.f.-', 'expérimenter de nouvelles habitudes corporelles', 3, 'relations', '2008-05-09'),
(837, 'n.o.-d.o.-s.u.-''', 'évalué', 5, 'ideas', '2008-05-09'),
(838, 't.a.-n.a.-f.o.-''', 'législateur', 5, 'ideas', '2008-05-09'),
(839, 'n.o.-k.o.-''', 'religion', 5, 'ideas', '2008-05-09'),
(840, 'l.a.-d.a.-f.o.-''', 'entrepreneur', 5, 'ideas', '2008-05-09'),
(841, 'h.g.-', 'synthèse', 3, 'relations', '2008-05-09'),
(842, 'c.c.-t.o.-''', 'mémoire collective', 5, 'ideas', '2008-05-09'),
(843, 'd.o.-j.j.-s.y.-''', '(à venir)', 5, 'ideas', '2008-05-09'),
(844, 'x.t.-', 'usure', 3, 'relations', '2008-05-09'),
(845, 'd.o.-p.p.-''', '(à venir)', 5, 'ideas', '2008-05-09'),
(846, 'd.t.-', 'Printemps', 3, 'relations', '2008-05-09'),
(847, 't.u.-b.u.-''', 'texte', 5, 'ideas', '2008-05-09'),
(848, 'l.x.-', 'déménagement', 3, 'relations', '2008-05-09'),
(849, 'i.k.-', 'voler', 3, 'relations', '2008-05-09'),
(850, 'l.e.-t.i.-wa.e.-''', 'conception de véhicule', 5, 'ideas', '2008-05-09'),
(851, 'g.o.-', 'interdit', 3, 'relations', '2008-05-09'),
(852, 'k.', 'société', 2, 'events', '2008-05-09'),
(853, 'b.o.-t.o.-s.u.-''', 'promis', 5, 'ideas', '2008-05-09'),
(854, 'b.u.-', 'parole', 3, 'relations', '2008-05-09'),
(855, 's.h.-', 'projet culturel', 3, 'relations', '2008-05-09'),
(856, 'b.e.-m.u.-wa.e.-''', 'culture des arts de la scène', 5, 'ideas', '2008-05-09'),
(857, 'i.wu.-', 'équipement territorial', 3, 'relations', '2008-05-09'),
(858, 'e.wa.-', 'posséder un bien', 3, 'relations', '2008-05-09'),
(859, 'g.t.-', 'gaspillage', 3, 'relations', '2008-05-09'),
(860, 't.o.-k.o.-s.u.-''', 'traditionnel', 5, 'ideas', '2008-05-09'),
(861, 'n.o.-o.o.-s.y.-''', '(à venir)', 5, 'ideas', '2008-05-09'),
(862, 'e.n.-', 'être suiviste', 3, 'relations', '2008-05-09'),
(863, 'l.d.-', 'horizontal', 3, 'relations', '2008-05-09'),
(864, 'b.a.-b.a.-''', 'littérature', 5, 'ideas', '2008-05-09'),
(865, 'k.o.-k.o.-s.u.-''', 'pacifique', 5, 'ideas', '2008-05-09'),
(866, 'f.u.-t.u.-d.u.-''', 'partition', 5, 'ideas', '2008-05-09'),
(867, 'k.a.-n.a.-''', 'tribunal', 5, 'ideas', '2008-05-09'),
(868, 'k.a.-d.a.-''', 'vente', 5, 'ideas', '2008-05-09'),
(869, 'l.e.-k.i.-wa.e.-''', 'stratégie commerciale', 5, 'ideas', '2008-05-09'),
(870, 'd.e.-n.i.-wa.e.-''', 'sports extrêmes', 5, 'ideas', '2008-05-09'),
(871, 's.e.-k.u.-wa.e.-''', 'lire / écrire', 5, 'ideas', '2008-05-09'),
(872, 'e.i.-', 'emprunter', 3, 'relations', '2008-05-09'),
(873, 'i.y.-we.h.-', 'outiller la pensée', 5, 'ideas', '2008-05-09'),
(874, 'i.o.-we.h.-', 'créer des opportunités', 5, 'ideas', '2008-05-09'),
(875, 'd.d.-', 'équilibre', 3, 'relations', '2008-05-09'),
(876, 'n.o.-g.g.-s.y.-''', '(à venir)', 5, 'ideas', '2008-05-09'),
(877, 's.o.-x.x.-s.y.-''', '(à venir)', 5, 'ideas', '2008-05-09'),
(878, 'b.y.-', 'intelligence formelle', 3, 'relations', '2008-05-09'),
(879, 'd.a.-f.a.-f.o.-''', 'enseignant', 5, 'ideas', '2008-05-09'),
(880, 'k.c.-', 'renouveau du lien', 3, 'relations', '2008-05-09'),
(881, 'b.o.-l.o.-s.u.-''', 'adressé', 5, 'ideas', '2008-05-09'),
(882, 's.a.-d.a.-f.o.-''', 'mentor', 5, 'ideas', '2008-05-09'),
(883, 't.u.-m.u.-d.u.-''', 'auditif', 5, 'ideas', '2008-05-09'),
(884, 'x.f.-', 'panne', 3, 'relations', '2008-05-09'),
(885, 'wa.a.-', 'cultiver son caractère', 3, 'relations', '2008-05-09'),
(886, 'f.o.-k.o.-s.u.-''', 'rituel', 5, 'ideas', '2008-05-09'),
(887, 'y.s.-', 'ne pas savoir lire', 3, 'relations', '2008-05-09'),
(888, 'f.e.-', 'savoir-faire', 3, 'relations', '2008-05-09'),
(889, 'f.e.-s.i.-wa.e.-''', 'inventivité pratique', 5, 'ideas', '2008-05-09'),
(890, 'c.i.-', 'comportement', 3, 'relations', '2008-05-09'),
(891, 'd.o.-m.o.-''', 'intuition', 5, 'ideas', '2008-05-09'),
(892, 'd.u.-k.u.-d.u.-''', 'dressé', 5, 'ideas', '2008-05-09'),
(893, 'p.u.-', 'thème / sujet', 3, 'relations', '2008-05-09'),
(894, 'j.m.-', 'cliché', 3, 'relations', '2008-05-09'),
(895, 'k.e.-f.a.-wa.e.-''', 'prendre soin de soi-même', 5, 'ideas', '2008-05-09'),
(896, 'd.a.-n.a.-f.o.-''', 'témoin', 5, 'ideas', '2008-05-09'),
(897, 's.u.-n.u.-''', 'nom commun', 5, 'ideas', '2008-05-09'),
(898, 'k.a.-m.a.-f.o.-''', 'frère / soeur', 5, 'ideas', '2008-05-09'),
(899, 'm.i.-k.i.-''', 'jeu', 5, 'ideas', '2008-05-09'),
(900, 's.o.-k.o.-''', 'intelligence collective', 5, 'ideas', '2008-05-09'),
(901, 's.o.-', 'souci de la pensée', 3, 'relations', '2008-05-09'),
(902, 'm.o.-l.o.-s.u.-''', 'offert', 5, 'ideas', '2008-05-09'),
(903, 'h.h.-m.o.-''', 'saints / exemples', 5, 'ideas', '2008-05-09'),
(904, 'x.x.-d.o.-s.y.-''', 'sciences médico-légales', 5, 'ideas', '2008-05-09'),
(905, 'u.u.-', 'communiquer', 3, 'relations', '2008-05-09'),
(906, 'm.e.-s.a.-wa.e.-''', 'comprendre les autres', 5, 'ideas', '2008-05-09'),
(907, 'i.h.-', 'élaborer une interprétation', 3, 'relations', '2008-05-09'),
(908, 'b.u.-k.u.-''', 'prière', 5, 'ideas', '2008-05-09'),
(909, 'l.e.-n.i.-wa.e.-''', 'conception d''outils / de robots', 5, 'ideas', '2008-05-09'),
(910, 'b.e.-s.u.-wa.e.-''', 'raffinement visuel', 5, 'ideas', '2008-05-09'),
(911, 't.o.-j.j.-s.y.-''', '(à venir)', 5, 'ideas', '2008-05-09'),
(912, 'f.u.-n.u.-''', 'attribut', 5, 'ideas', '2008-05-09'),
(913, 't.a.-f.a.-''', 'pharmacie', 5, 'ideas', '2008-05-09'),
(914, 'c.wa.-', 'changement d''alliance', 3, 'relations', '2008-05-09'),
(915, 'h.o.-', 'refoulement', 3, 'relations', '2008-05-09'),
(916, 'k.a.-f.a.-''', 'repas', 5, 'ideas', '2008-05-09'),
(917, 'k.i.-t.i.-t.u.-''', 'entreposé', 5, 'ideas', '2008-05-09'),
(918, 'm.o.-u.u.-s.y.-''', '(à venir)', 5, 'ideas', '2008-05-09'),
(919, 'n.o.-m.o.-s.u.-''', 'confiant', 5, 'ideas', '2008-05-09'),
(920, 'd.u.-n.u.-''', 'déictique', 5, 'ideas', '2008-05-09'),
(921, 's.o.-e.e.-''', '(à venir)', 5, 'ideas', '2008-05-09'),
(922, 'f.i.-m.i.-''', 'sexe', 5, 'ideas', '2008-05-09'),
(923, 'm.o.-i.i.-s.y.-''', '(à venir)', 5, 'ideas', '2008-05-09'),
(924, 'm.u.-k.u.-''', 'sacrifice', 5, 'ideas', '2008-05-09'),
(925, 'b.i.-t.i.-t.u.-''', 'support d''information', 5, 'ideas', '2008-05-09'),
(926, 'l.i.-k.i.-''', 'terrain / champ', 5, 'ideas', '2008-05-09'),
(927, 'm.a.-n.a.-f.o.-''', 'bénévole', 5, 'ideas', '2008-05-09'),
(928, 'j.j.-n.o.-''', 'univers', 5, 'ideas', '2008-05-09'),
(929, 'o.o.-d.o.-s.y.-''', 'comptabilité', 5, 'ideas', '2008-05-09'),
(930, 'c.c.-m.o.-s.y.-''', 'sciences de la mediation', 5, 'ideas', '2008-05-09'),
(931, 's.o.-j.j.-''', '(à venir)', 5, 'ideas', '2008-05-09'),
(932, 'O.M.-O.M.-''', 'cycle de performance', 4, 'cycles', '2008-05-09'),
(933, 't.i.-d.i.-''', 'horloge', 5, 'ideas', '2008-05-09'),
(934, 'n.u.-n.u.-d.u.-''', 'inconnu', 5, 'ideas', '2008-05-09'),
(935, 'b.o.-a.a.-''', '(à venir)', 5, 'ideas', '2008-05-09'),
(936, 'c.b.-', 'discrimination', 3, 'relations', '2008-05-09'),
(937, 'y.y.-n.o.-''', 'taxon scientifique', 5, 'ideas', '2008-05-09'),
(938, 'k.i.-', 'don', 3, 'relations', '2008-05-09'),
(939, 'p.p.-s.o.-''', 'méchanismes d''apprentissage', 5, 'ideas', '2008-05-09'),
(940, 'e.u.-we.h.-', 'outiller la recherche d''informations', 5, 'ideas', '2008-05-09'),
(941, 'o.we.-', 'agir dans le cadre du droit de la famille', 3, 'relations', '2008-05-09'),
(942, 'wa.m.-', 'sublimer ses émotions', 3, 'relations', '2008-05-09'),
(943, 'b.n.-', 'amer', 3, 'relations', '2008-05-09'),
(944, 'f.i.-k.i.-''', 'nourriture / boisson', 5, 'ideas', '2008-05-09'),
(945, 'l.a.-t.a.-f.o.-''', 'cartographe', 5, 'ideas', '2008-05-09'),
(946, 'a.a.-d.o.-''', 'données économiques / sociales', 5, 'ideas', '2008-05-09'),
(947, 'e.e.-m.o.-''', 'vocation', 5, 'ideas', '2008-05-09'),
(948, 't.a.-t.a.-f.o.-''', 'fondateur', 5, 'ideas', '2008-05-09'),
(949, 't.o.-g.g.-''', '(à venir)', 5, 'ideas', '2008-05-09'),
(950, 'x.wo.-', 'coup du sort', 3, 'relations', '2008-05-09'),
(951, 'k.j.-', 'communauté de langage', 3, 'relations', '2008-05-09'),
(952, 'l.o.-x.x.-s.y.-''', '(à venir)', 5, 'ideas', '2008-05-09'),
(953, 's.wo.-', 'stratégie intellectuelle', 3, 'relations', '2008-05-09'),
(954, 's.o.-k.o.-s.u.-''', 'conscient', 5, 'ideas', '2008-05-09'),
(955, 'x.x.-k.o.-''', 'échanges internationaux', 5, 'ideas', '2008-05-09'),
(956, 'j.j.-l.o.-''', 'Terre', 5, 'ideas', '2008-05-09'),
(957, 'k.o.-c.c.-''', '(à venir)', 5, 'ideas', '2008-05-09'),
(958, 'l.a.-n.a.-f.o.-''', 'défendeur', 5, 'ideas', '2008-05-09'),
(959, 'b.f.-', 'vert', 3, 'relations', '2008-05-09'),
(960, 's.a.-t.a.-''', 'donnée', 5, 'ideas', '2008-05-09'),
(961, 'h.', 'mutation de sens', 2, 'events', '2008-05-09'),
(962, 'g.l.-', 'fermeture intellectuelle', 3, 'relations', '2008-05-09'),
(963, 'y.', 'savoir', 2, 'events', '2008-05-09'),
(964, 'k.i.-b.i.-''', 'système d''exploitation', 5, 'ideas', '2008-05-09'),
(965, 'n.e.-n.a.-wa.e.-''', 'poser des valeurs', 5, 'ideas', '2008-05-09'),
(966, 'n.a.-m.a.-f.o.-''', 'père', 5, 'ideas', '2008-05-09'),
(967, 'd.o.-c.c.-s.y.-''', '(à venir)', 5, 'ideas', '2008-05-09'),
(968, 'we.h.-', 'unifier le sens', 3, 'relations', '2008-05-09'),
(969, 'x.x.-', 'mutation technique', 3, 'relations', '2008-05-09'),
(970, 'M.M.-M.O.-''', 'cycle de création', 4, 'cycles', '2008-05-09'),
(971, 'm.o.-t.o.-''', 'loyauté', 5, 'ideas', '2008-05-09'),
(972, 'a.e.-', 'demander', 3, 'relations', '2008-05-09'),
(973, 'd.e.-', 'habiletés sensorimotrices', 3, 'relations', '2008-05-09'),
(974, 'l.h.-', 'diffusion', 3, 'relations', '2008-05-09'),
(975, 'j.j.-l.o.-s.y.-''', 'sciences de la terre', 5, 'ideas', '2008-05-09'),
(976, 't.x.-', 'échéance', 3, 'relations', '2008-05-09'),
(977, 'n.e.-f.a.-''', 'guérison', 5, 'ideas', '2008-05-09'),
(978, 'b.e.-k.u.-''', 'appropriation intellectuelle', 5, 'ideas', '2008-05-09'),
(979, 't.a.-f.a.-f.o.-''', 'pharmacien', 5, 'ideas', '2008-05-09'),
(980, 'a.a.-l.o.-s.y.-''', 'cartographie des réseaux sociaux', 5, 'ideas', '2008-05-09'),
(981, 'n.i.-m.i.-''', 'travail rémunéré', 5, 'ideas', '2008-05-09'),
(982, 'p.y.-', 'objet de connnaissance', 3, 'relations', '2008-05-09'),
(983, 'u.u.-s.o.-''', 'systèmes de signes', 5, 'ideas', '2008-05-09'),
(984, 'k.e.-n.a.-wa.e.-''', 'auto-évaluation', 5, 'ideas', '2008-05-09'),
(985, 'b.u.-t.u.-d.u.-''', 'programmé', 5, 'ideas', '2008-05-09'),
(986, 'd.u.-n.u.-d.u.-''', 'contextuel', 5, 'ideas', '2008-05-09'),
(987, 'f.o.-x.x.-s.y.-''', '(à venir)', 5, 'ideas', '2008-05-09'),
(988, 'n.e.-f.a.-wa.e.-''', 'soigner', 5, 'ideas', '2008-05-09'),
(989, 'i.n.-', 'être victime d''accident', 3, 'relations', '2008-05-09'),
(990, 's.s.-', 'ciel', 3, 'relations', '2008-05-09'),
(991, 't.o.-l.o.-''', 'harmonie', 5, 'ideas', '2008-05-09'),
(992, 'g.g.-m.o.-s.y.-''', 'sondages / enquêtes / opinions', 5, 'ideas', '2008-05-09'),
(993, 'u.h.-', 'énoncer le sens', 3, 'relations', '2008-05-09'),
(994, 'a.a.-s.o.-s.y.-''', 'sociologie', 5, 'ideas', '2008-05-09'),
(995, 'j.y.-', 'hypothèse', 3, 'relations', '2008-05-09'),
(996, 'l.e.-s.i.-wa.e.-''', 'interconnecter des systèmes', 5, 'ideas', '2008-05-09'),
(997, '', 'événement', 2, 'events', '2008-05-09'),
(998, 'f.i.-m.i.-t.u.-''', 'sexuel', 5, 'ideas', '2008-05-09'),
(999, 'u.wa.-', 'exposer les produits d''une activité économique', 3, 'relations', '2008-05-09'),
(1000, 'wo.e.-', 'identifier les compétences', 3, 'relations', '2008-05-09'),
(1001, 'u.u.-n.o.-s.y.-''', 'lexicologie / dictionnaires', 5, 'ideas', '2008-05-09'),
(1002, 'd.wu.-', 'contrainte esthétique', 3, 'relations', '2008-05-09'),
(1003, 's.a.-m.a.-''', 'mariage', 5, 'ideas', '2008-05-09'),
(1004, 'j.j.-', 'mutation intellectuelle', 3, 'relations', '2008-05-09'),
(1005, 'o.o.-l.o.-s.y.-''', 'organigrames / annuaires', 5, 'ideas', '2008-05-09'),
(1006, 'p.i.-', 'maquette', 3, 'relations', '2008-05-09'),
(1007, 'u.i.-', 'donner', 3, 'relations', '2008-05-09'),
(1008, 's.o.-h.h.-''', '(à venir)', 5, 'ideas', '2008-05-09'),
(1009, 'f.', 'vie', 2, 'events', '2008-05-09'),
(1010, 'b.e.-f.u.-''', 'scène musicale', 5, 'ideas', '2008-05-09'),
(1011, 'g.g.-t.o.-''', 'inscription ancienne', 5, 'ideas', '2008-05-09'),
(1012, 't.a.-l.a.-f.o.-''', 'archiviste', 5, 'ideas', '2008-05-09'),
(1013, 'm.o.-h.h.-''', '(à venir)', 5, 'ideas', '2008-05-09'),
(1014, 'b.o.-s.o.-s.u.-''', 'interprété', 5, 'ideas', '2008-05-09'),
(1015, 'l.wo.-', 'liberté de pensée', 3, 'relations', '2008-05-09'),
(1016, 'c.p.-', 'héritage / legs', 3, 'relations', '2008-05-09'),
(1017, 't.j.-', 'référence artistique', 3, 'relations', '2008-05-09'),
(1018, 'b.i.-l.i.-''', 'canal / voie', 5, 'ideas', '2008-05-09'),
(1019, 'k.d.-', 'Ouest', 3, 'relations', '2008-05-09'),
(1020, 'l.i.-b.i.-t.u.-''', 'simulé', 5, 'ideas', '2008-05-09'),
(1021, 't.e.-m.u.-wa.e.-''', 'mise en scène / réalisation', 5, 'ideas', '2008-05-09'),
(1022, 'A.', 'actuel', 1, 'elements', '2008-05-09'),
(1023, 'wu.t.-', 'comprendre les causes', 3, 'relations', '2008-05-09'),
(1024, 'k.h.-', 'création collective', 3, 'relations', '2008-05-09'),
(1025, 'b.o.-u.u.-s.y.-''', '(à venir)', 5, 'ideas', '2008-05-09'),
(1026, 'f.o.-g.g.-''', '(à venir)', 5, 'ideas', '2008-05-09'),
(1027, 'd.i.-n.i.-''', 'instrument de pilotage', 5, 'ideas', '2008-05-09'),
(1028, 'g.g.-l.o.-''', 'accueil commercial', 5, 'ideas', '2008-05-09'),
(1029, 'o.g.-', 'choisir son propos', 3, 'relations', '2008-05-09'),
(1030, 'f.u.-f.u.-''', 'illusion', 5, 'ideas', '2008-05-09'),
(1031, 'm.i.-n.i.-''', 'instrument de nettoyage', 5, 'ideas', '2008-05-09'),
(1032, 'f.u.-b.u.-d.u.-''', 'accentué', 5, 'ideas', '2008-05-09'),
(1033, 'y.d.-', 'être handicapé moteur', 3, 'relations', '2008-05-09'),
(1034, 'b.g.-', 'contenu du message', 3, 'relations', '2008-05-09'),
(1035, 'h.h.-m.o.-s.y.-''', 'hagiographie', 5, 'ideas', '2008-05-09'),
(1036, 'e.o.-', 'discerner', 3, 'relations', '2008-05-09'),
(1037, 'b.o.-c.c.-s.y.-''', '(à venir)', 5, 'ideas', '2008-05-09'),
(1038, 's.o.-f.o.-s.u.-''', 'incarné', 5, 'ideas', '2008-05-09'),
(1039, 'b.o.-j.j.-s.y.-''', '(à venir)', 5, 'ideas', '2008-05-09'),
(1040, 'd.f.-', 'arbre', 3, 'relations', '2008-05-09'),
(1041, 's.o.-p.p.-''', '(à venir)', 5, 'ideas', '2008-05-09'),
(1042, 't.i.-n.i.-t.u.-''', 'chauffé', 5, 'ideas', '2008-05-09'),
(1043, 'wo.y.-', 's''orienter dans les savoirs', 3, 'relations', '2008-05-09'),
(1044, 'a.t.-', 'commettre une contrefaçon', 3, 'relations', '2008-05-09'),
(1045, 'l.u.-d.u.-''', 'échantillion', 5, 'ideas', '2008-05-09'),
(1046, 's.u.-l.u.-d.u.-''', 'obscur', 5, 'ideas', '2008-05-09'),
(1047, 'a.wu.-', 'mener une action politique / communautaire', 3, 'relations', '2008-05-09'),
(1048, 't.l.-', 'droite', 3, 'relations', '2008-05-09'),
(1049, 'b.o.-i.i.-''', '(à venir)', 5, 'ideas', '2008-05-09'),
(1050, 'l.e.-l.i.-''', 'structuration de l''espace', 5, 'ideas', '2008-05-09'),
(1051, 'u.d.-', 'manquer de précision', 3, 'relations', '2008-05-09'),
(1052, 'n.o.-f.o.-s.u.-''', 'sain', 5, 'ideas', '2008-05-09'),
(1053, 'o.t.-', 'être en retard', 3, 'relations', '2008-05-09'),
(1054, 'm.c.-', 'respect des personnes', 3, 'relations', '2008-05-09'),
(1055, 'm.o.-x.x.-''', '(à venir)', 5, 'ideas', '2008-05-09'),
(1056, 'b.wu.-', 'rencontre esthétique', 3, 'relations', '2008-05-09'),
(1057, 'f.wo.-', 'exercice intellectuel', 3, 'relations', '2008-05-09'),
(1058, 'h.wo.-', 'conversion', 3, 'relations', '2008-05-09'),
(1059, 'O.O.-M.M.-''', 'bases de l''action', 4, 'cycles', '2008-05-09'),
(1060, 'x.e.-', 'usage / utilisation', 3, 'relations', '2008-05-09'),
(1061, 'y.g.-', 'envisager les discours possibles', 3, 'relations', '2008-05-09'),
(1062, 's.i.-k.i.-''', 'engrais', 5, 'ideas', '2008-05-09'),
(1063, 'k.u.-', 'symbole', 3, 'relations', '2008-05-09'),
(1064, 'm.o.-s.o.-''', 'intérêt', 5, 'ideas', '2008-05-09'),
(1065, 'g.i.-', 'plan', 3, 'relations', '2008-05-09'),
(1066, 'h.s.-', 'confusion', 3, 'relations', '2008-05-09'),
(1067, 'd.a.-', 'chercheur', 3, 'relations', '2008-05-09'),
(1068, 'h.h.-k.o.-''', 'organisation des fidèles', 5, 'ideas', '2008-05-09'),
(1069, 'k.i.-m.i.-''', 'terrain de jeu', 5, 'ideas', '2008-05-09'),
(1070, 'k.e.-d.a.-wa.e.-''', 'reconnaître les faits', 5, 'ideas', '2008-05-09'),
(1071, 'l.o.-l.o.-''', 'complexité', 5, 'ideas', '2008-05-09'),
(1072, 'i.', 'faire', 2, 'events', '2008-05-09'),
(1073, 'k.p.-', 'création de biens', 3, 'relations', '2008-05-09'),
(1074, 'o.p.-', 'choisir un sujet', 3, 'relations', '2008-05-09'),
(1075, 'c.n.-', 'stagnation', 3, 'relations', '2008-05-09'),
(1076, 'k.u.-d.u.-''', 'aura', 5, 'ideas', '2008-05-09'),
(1077, 't.u.-d.u.-''', 'index', 5, 'ideas', '2008-05-09'),
(1078, 'k.o.-j.j.-''', '(à venir)', 5, 'ideas', '2008-05-09'),
(1079, 'n.o.-s.o.-''', 'culture', 5, 'ideas', '2008-05-09'),
(1080, 'c.c.-d.o.-s.y.-''', 'études financières', 5, 'ideas', '2008-05-09'),
(1081, 'i.i.-l.o.-''', 'phénomène physique', 5, 'ideas', '2008-05-09'),
(1082, 'd.o.-b.o.-''', 'description', 5, 'ideas', '2008-05-09'),
(1083, 'h.h.-s.o.-s.y.-''', 'théologie', 5, 'ideas', '2008-05-09'),
(1084, 'k.u.-b.u.-''', 'révélation', 5, 'ideas', '2008-05-09'),
(1085, 'b.i.-d.i.-''', 'dispositif d''affichage', 5, 'ideas', '2008-05-09'),
(1086, 'f.o.-d.o.-''', 'attention', 5, 'ideas', '2008-05-09'),
(1087, 'l.i.-l.i.-''', 'réseau', 5, 'ideas', '2008-05-09'),
(1088, 'O.O.-O.O.-''', 'cycle de vie', 4, 'cycles', '2008-05-09'),
(1089, 'l.i.-m.i.-''', 'meuble', 5, 'ideas', '2008-05-09'),
(1090, 'b.t.-', 'sucre', 3, 'relations', '2008-05-09'),
(1091, 's.e.-s.u.-''', 'dessin / peinture', 5, 'ideas', '2008-05-09'),
(1092, 'wa.s.-', 'se soucier de l''action', 3, 'relations', '2008-05-09'),
(1093, 'n.a.-n.a.-f.o.-''', 'guide spirituel', 5, 'ideas', '2008-05-09'),
(1094, 'm.e.-n.a.-wa.e.-''', 'capacité de jugement moral', 5, 'ideas', '2008-05-09'),
(1095, 'b.i.-d.i.-t.u.-''', 'affiché', 5, 'ideas', '2008-05-09'),
(1096, 'f.e.-k.i.-''', 'transaction commerciale', 5, 'ideas', '2008-05-09'),
(1097, 'g.g.-n.o.-s.y.-''', 'études transculturelles', 5, 'ideas', '2008-05-09'),
(1098, 'k.i.-s.i.-t.u.-''', 'à recycler', 5, 'ideas', '2008-05-09'),
(1099, 'x.we.-', 'mutation de l''environnement naturel', 3, 'relations', '2008-05-09'),
(1100, 'k.u.-m.u.-d.u.-''', 'stigmatisé', 5, 'ideas', '2008-05-09'),
(1101, 'd.u.-t.u.-''', 'hyperlien', 5, 'ideas', '2008-05-09'),
(1102, 's.e.-d.u.-''', 'information obtenue', 5, 'ideas', '2008-05-09'),
(1103, 'x.x.-m.o.-s.y.-''', 'études du marketing', 5, 'ideas', '2008-05-09'),
(1104, 'l.u.-k.u.-''', 'miracle', 5, 'ideas', '2008-05-09'),
(1105, 'g.g.-l.o.-s.y.-''', 'études tourisme / hôtellerie', 5, 'ideas', '2008-05-09'),
(1106, 'o.o.-we.h.-', 'approfondir la vision', 5, 'ideas', '2008-05-09'),
(1107, 'd.o.-i.i.-s.y.-''', '(à venir)', 5, 'ideas', '2008-05-09'),
(1108, 'wa.we.-', 'enfanter', 3, 'relations', '2008-05-09'),
(1109, 'we.t.-', 'régler son emploi du temps', 3, 'relations', '2008-05-09'),
(1110, 'm.a.-t.a.-''', 'contrat', 5, 'ideas', '2008-05-09'),
(1111, 'wa.e.-', 'maîtriser les compétences', 3, 'relations', '2008-05-09'),
(1112, 'b.e.-f.u.-wa.e.-''', 'culture musicale', 5, 'ideas', '2008-05-09'),
(1113, 'k.o.-c.c.-s.y.-''', '(à venir)', 5, 'ideas', '2008-05-09'),
(1114, 't.', 'mémoire', 2, 'events', '2008-05-09'),
(1115, 'm.e.-t.a.-wa.e.-''', 'fidélité', 5, 'ideas', '2008-05-09'),
(1116, 'h.x.-', 'choix', 3, 'relations', '2008-05-09'),
(1117, 'l.o.-m.o.-s.u.-''', 'libre', 5, 'ideas', '2008-05-09'),
(1118, 'd.o.-e.e.-''', '(à venir)', 5, 'ideas', '2008-05-09'),
(1119, 's.d.-', 'lumière', 3, 'relations', '2008-05-09'),
(1120, 't.a.-m.a.-''', 'ascendance', 5, 'ideas', '2008-05-09'),
(1121, 'h.l.-', 'intégrisme', 3, 'relations', '2008-05-09'),
(1122, 'k.u.-k.u.-''', 'divin', 5, 'ideas', '2008-05-09'),
(1123, 'd.o.-t.o.-''', 'apprentissage', 5, 'ideas', '2008-05-09'),
(1124, 'b.i.-b.i.-''', 'cyberspace', 5, 'ideas', '2008-05-09'),
(1125, 'b.o.-o.o.-s.y.-''', '(à venir)', 5, 'ideas', '2008-05-09'),
(1126, 'p.c.-', 'changement de propriétaire', 3, 'relations', '2008-05-09'),
(1127, 'n.o.-x.x.-s.y.-''', '(à venir)', 5, 'ideas', '2008-05-09'),
(1128, 'd.u.-', 'pointeur', 3, 'relations', '2008-05-09'),
(1129, 'j.a.-', 'consentement / adhésion', 3, 'relations', '2008-05-09'),
(1130, 'we.c.-', 'unifier la communauté', 3, 'relations', '2008-05-09'),
(1131, 'm.b.-', 'pleur', 3, 'relations', '2008-05-09'),
(1132, 'h.e.-', 'classe / catégorie', 3, 'relations', '2008-05-09'),
(1133, 'n.i.-k.i.-t.u.-''', 'à vendre', 5, 'ideas', '2008-05-09'),
(1134, 'n.o.-t.o.-''', 'progrès', 5, 'ideas', '2008-05-09'),
(1135, 'p.wo.-', 'changement d''intérêt', 3, 'relations', '2008-05-09'),
(1136, 'j.j.-n.o.-s.y.-''', 'cosmologie', 5, 'ideas', '2008-05-09'),
(1137, 's.i.-t.i.-''', 'filtre', 5, 'ideas', '2008-05-09'),
(1138, 'd.a.-t.a.-f.o.-''', 'banquier', 5, 'ideas', '2008-05-09'),
(1139, 'n.wa.-', 'techniques disponibles', 3, 'relations', '2008-05-09'),
(1140, 'k.i.-n.i.-''', 'atelier', 5, 'ideas', '2008-05-09'),
(1141, 'p.f.-', 'exploitation', 3, 'relations', '2008-05-09'),
(1142, 'h.wa.-', 'retournement de situation', 3, 'relations', '2008-05-09'),
(1143, 'wa.wo.-', 'dormir', 3, 'relations', '2008-05-09'),
(1144, 'wo.t.-', 'se remémorer', 3, 'relations', '2008-05-09'),
(1145, 'y.y.-t.o.-s.y.-''', 'histoire des sciences / histoire des arts', 5, 'ideas', '2008-05-09'),
(1146, 'u.', 'énoncer', 2, 'events', '2008-05-09'),
(1147, 'm.e.-l.a.-wa.e.-''', 'respecter la loi', 5, 'ideas', '2008-05-09'),
(1148, 't.we.-', 'régularités', 3, 'relations', '2008-05-09'),
(1149, 'l.u.-k.u.-d.u.-''', 'miraculeux', 5, 'ideas', '2008-05-09'),
(1150, 'n.o.-', 'volonté de cosmos', 3, 'relations', '2008-05-09'),
(1151, 'i.i.-d.o.-''', 'fait empirique', 5, 'ideas', '2008-05-09'),
(1152, 'm.o.-p.p.-''', '(à venir)', 5, 'ideas', '2008-05-09'),
(1153, 'h.i.-', 'adaptation', 3, 'relations', '2008-05-09'),
(1154, 'x.x.-k.o.-s.y.-''', 'études commerce international', 5, 'ideas', '2008-05-09'),
(1155, 'u.t.-', 'dilapider le patrimoine', 3, 'relations', '2008-05-09'),
(1156, 'b.e.-b.u.-wa.e.-''', 'interprétariat / guide', 5, 'ideas', '2008-05-09'),
(1157, 'k.i.-k.i.-''', 'bien économique', 5, 'ideas', '2008-05-09'),
(1158, 'u.u.-k.o.-''', 'manière de parler', 5, 'ideas', '2008-05-09'),
(1159, 's.o.-m.o.-''', 'humour', 5, 'ideas', '2008-05-09'),
(1160, 'n.o.-m.o.-''', 'foi', 5, 'ideas', '2008-05-09'),
(1161, 'n.o.-u.u.-''', '(à venir)', 5, 'ideas', '2008-05-09'),
(1162, 'h.h.-f.o.-''', 'droit du vivant', 5, 'ideas', '2008-05-09'),
(1163, 'n.l.-', 'vide', 3, 'relations', '2008-05-09'),
(1164, 'i.wa.-', 'équiper une activité économique ou des entreprises', 3, 'relations', '2008-05-09'),
(1165, 't.e.-l.u.-wa.e.-''', 'recherche scientifique', 5, 'ideas', '2008-05-09'),
(1166, 'i.i.-m.o.-''', 'cure', 5, 'ideas', '2008-05-09'),
(1167, 'g.g.-t.o.-s.y.-''', 'langues anciennes / épigraphie', 5, 'ideas', '2008-05-09'),
(1168, 'n.u.-s.u.-''', 'forme / structure d''ensemble', 5, 'ideas', '2008-05-09'),
(1169, 'u.a.-we.h.-', 'cultiver la mémoire collective', 5, 'ideas', '2008-05-09'),
(1170, 't.i.-n.i.-''', 'dispositif de chauffage', 5, 'ideas', '2008-05-09'),
(1171, 'k.u.-k.u.-d.u.-''', 'sacré', 5, 'ideas', '2008-05-09'),
(1172, 'g.g.-m.o.-''', 'tendance de l''opinion', 5, 'ideas', '2008-05-09'),
(1173, 'f.i.-', 'organe', 3, 'relations', '2008-05-09'),
(1174, 'f.x.-', 'utilisateur', 3, 'relations', '2008-05-09'),
(1175, 'f.e.-s.i.-''', 'solution pratique', 5, 'ideas', '2008-05-09'),
(1176, 'd.e.-l.i.-''', 'combat', 5, 'ideas', '2008-05-09'),
(1177, 't.o.-m.o.-''', 'espérance', 5, 'ideas', '2008-05-09'),
(1178, 'l.o.-u.u.-s.y.-''', '(à venir)', 5, 'ideas', '2008-05-09'),
(1179, 'n.t.-', 'avant', 3, 'relations', '2008-05-09'),
(1180, 's.a.-l.a.-''', 'innovation', 5, 'ideas', '2008-05-09'),
(1181, 'c.c.-', 'mutation du lien social', 3, 'relations', '2008-05-09'),
(1182, 'a.a.-m.o.-s.y.-''', 'psychologie', 5, 'ideas', '2008-05-09'),
(1183, 'a.k.-', 'attiser le conflit', 3, 'relations', '2008-05-09'),
(1184, 'o.h.-', 'choisir une interprétation', 3, 'relations', '2008-05-09'),
(1185, 'y.u.-we.h.-', 'enregistrer une oeuvre de l''esprit', 5, 'ideas', '2008-05-09'),
(1186, 'u.we.-', 's''entraider', 3, 'relations', '2008-05-09'),
(1187, 'a.y.-', 'mener une recherche', 3, 'relations', '2008-05-09'),
(1188, 'b.u.-n.u.-''', 'verbe', 5, 'ideas', '2008-05-09'),
(1189, 'y.y.-n.o.-s.y.-''', 'encyclopédie', 5, 'ideas', '2008-05-09'),
(1190, 's.o.-t.o.-s.u.-''', 'créé', 5, 'ideas', '2008-05-09'),
(1191, 'n.m.-', 'divertissement', 3, 'relations', '2008-05-09'),
(1192, 'o.u.-', 'analyser', 3, 'relations', '2008-05-09'),
(1193, 'wu.e.-', 'évaluer les compétences', 3, 'relations', '2008-05-09'),
(1194, 't.o.-o.o.-s.y.-''', '(à venir)', 5, 'ideas', '2008-05-09'),
(1195, 'f.e.-b.i.-wa.e.-''', 'maîtrise des techniques de communication', 5, 'ideas', '2008-05-09'),
(1196, 'wa.p.-', 'transformer l''objet', 3, 'relations', '2008-05-09'),
(1197, 'b.e.-b.u.-''', 'échange culturel', 5, 'ideas', '2008-05-09'),
(1198, 's.u.-s.u.-d.u.-''', 'idéal', 5, 'ideas', '2008-05-09'),
(1199, 'd.i.-m.i.-''', 'prix / médaille', 5, 'ideas', '2008-05-09'),
(1200, 'wu.we.-', 'aimer', 3, 'relations', '2008-05-09'),
(1201, 'b.o.-', 'articulation linguistique', 3, 'relations', '2008-05-09'),
(1202, 'f.o.-j.j.-''', '(à venir)', 5, 'ideas', '2008-05-09'),
(1203, 't.o.-y.y.-''', '(à venir)', 5, 'ideas', '2008-05-09'),
(1204, 'we.y.-', 'reconstruire les savoirs', 3, 'relations', '2008-05-09'),
(1205, 'm.o.-k.o.-s.u.-''', 'bienveillant', 5, 'ideas', '2008-05-09'),
(1206, 'c.we.-', 'transformation corporelle', 3, 'relations', '2008-05-09'),
(1207, 'l.a.-k.a.-f.o.-''', 'officier', 5, 'ideas', '2008-05-09'),
(1208, 's.b.-', 'jaune', 3, 'relations', '2008-05-09'),
(1209, 'a.i.-we.h.-', 'organiser le travail', 5, 'ideas', '2008-05-09'),
(1210, 'i.o.-', 'conseiller', 3, 'relations', '2008-05-09'),
(1211, 'm.e.-f.a.-''', 'bien-être', 5, 'ideas', '2008-05-09'),
(1212, 'k.i.-s.i.-''', 'recyclage', 5, 'ideas', '2008-05-09'),
(1213, 'l.u.-s.u.-d.u.-''', 'moulé', 5, 'ideas', '2008-05-09'),
(1214, 'f.u.-d.u.-d.u.-''', 'remarquable', 5, 'ideas', '2008-05-09'),
(1215, 't.wu.-', 'fil conducteur', 3, 'relations', '2008-05-09'),
(1216, 'm.o.-j.j.-''', '(à venir)', 5, 'ideas', '2008-05-09'),
(1217, 't.n.-', 'après', 3, 'relations', '2008-05-09'),
(1218, 'wa.', 'opérer', 2, 'events', '2008-05-09'),
(1219, 't.i.-l.i.-t.u.-''', 'urbain', 5, 'ideas', '2008-05-09'),
(1220, 's.o.-f.o.-''', 'incarnation', 5, 'ideas', '2008-05-09'),
(1221, 'wu.i.-', 'tester l''équipement', 3, 'relations', '2008-05-09'),
(1222, 'm.o.-', 'implication émotionnelle', 3, 'relations', '2008-05-09'),
(1223, 'm.o.-c.c.-s.y.-''', '(à venir)', 5, 'ideas', '2008-05-09'),
(1224, 'm.a.-b.a.-''', 'jeu', 5, 'ideas', '2008-05-09'),
(1225, 'm.a.-t.a.-f.o.-''', 'notaire', 5, 'ideas', '2008-05-09'),
(1226, 'l.o.-s.o.-s.u.-''', 'exploré', 5, 'ideas', '2008-05-09'),
(1227, 'l.o.-o.o.-s.y.-''', '(à venir)', 5, 'ideas', '2008-05-09'),
(1228, 'k.i.-d.i.-''', 'marché', 5, 'ideas', '2008-05-09'),
(1229, 'l.a.-d.a.-''', 'entreprise', 5, 'ideas', '2008-05-09'),
(1230, 's.i.-l.i.-t.u.-''', 'articulé', 5, 'ideas', '2008-05-09'),
(1231, 'x.l.-', 'expulsion', 3, 'relations', '2008-05-09'),
(1232, 'f.o.-d.o.-s.u.-''', 'focal', 5, 'ideas', '2008-05-09'),
(1233, 'y.a.-', 'voter', 3, 'relations', '2008-05-09'),
(1234, 'c.d.-', 'rupture de contrat', 3, 'relations', '2008-05-09'),
(1235, 'l.o.-p.p.-''', '(à venir)', 5, 'ideas', '2008-05-09'),
(1236, 's.a.-d.a.-''', 'conseil personnel', 5, 'ideas', '2008-05-09'),
(1237, 'wu.j.-', 're-évaluer le langage', 3, 'relations', '2008-05-09'),
(1238, 'j.l.-', 'autisme', 3, 'relations', '2008-05-09'),
(1239, 'k.wu.-', 'communauté de goût', 3, 'relations', '2008-05-09'),
(1240, 'wo.g.-', 'réfléchir à la documentation possible', 3, 'relations', '2008-05-09'),
(1241, 'k.u.-s.u.-''', 'mandala', 5, 'ideas', '2008-05-09'),
(1242, 'wo.i.-', 'choisir l''équipement', 3, 'relations', '2008-05-09'),
(1243, 'wu.y.-', 'questionner les savoirs reçus', 3, 'relations', '2008-05-09'),
(1244, 'o.a.-we.h.-', 'affirmer des valeurs culturelles', 5, 'ideas', '2008-05-09'),
(1245, 'd.u.-m.u.-d.u.-''', 'réflexe', 5, 'ideas', '2008-05-09'),
(1246, 'wu.wo.-', 'survivre', 3, 'relations', '2008-05-09'),
(1247, 't.o.-d.o.-''', 'pertinence', 5, 'ideas', '2008-05-09'),
(1248, 'f.wa.-', 'activité physique', 3, 'relations', '2008-05-09'),
(1249, 't.o.-n.o.-s.u.-''', 'date', 5, 'ideas', '2008-05-09'),
(1250, 'k.b.-', 'chaud', 3, 'relations', '2008-05-09'),
(1251, 'y.i.-we.h.-', 'transférer les connaissances à la pratique', 5, 'ideas', '2008-05-09'),
(1252, 'n.o.-c.c.-''', '(à venir)', 5, 'ideas', '2008-05-09'),
(1253, 'm.j.-', 'écho public', 3, 'relations', '2008-05-09'),
(1254, 't.i.-s.i.-t.u.-''', 'en transit', 5, 'ideas', '2008-05-09'),
(1255, 't.u.-t.u.-''', 'nombre', 5, 'ideas', '2008-05-09'),
(1256, 'l.a.-k.a.-''', 'armée', 5, 'ideas', '2008-05-09'),
(1257, 'u.i.-we.h.-', 'donner la parole / écouter', 5, 'ideas', '2008-05-09'),
(1258, 'd.u.-d.u.-''', 'signal', 5, 'ideas', '2008-05-09'),
(1259, 't.o.-b.o.-''', 'récit', 5, 'ideas', '2008-05-09'),
(1260, 'b.u.-l.u.-''', 'citation', 5, 'ideas', '2008-05-09'),
(1261, 'n.wu.-', 'imagination créatrice', 3, 'relations', '2008-05-09'),
(1262, 't.i.-f.i.-''', 'ADN', 5, 'ideas', '2008-05-09'),
(1263, 'l.a.-s.a.-f.o.-''', 'manager', 5, 'ideas', '2008-05-09'),
(1264, 'j.j.-f.o.-s.y.-''', 'théorie de l''évolution', 5, 'ideas', '2008-05-09'),
(1265, 'k.o.-e.e.-s.y.-''', '(à venir)', 5, 'ideas', '2008-05-09'),
(1266, 'f.i.-n.i.-t.u.-''', 'armé', 5, 'ideas', '2008-05-09'),
(1267, 'b.o.-f.o.-''', 'courage', 5, 'ideas', '2008-05-09'),
(1268, 'M.M.-O.M.-''', 'cycle de développement humain', 4, 'cycles', '2008-05-09'),
(1269, 't.a.-b.a.-f.o.-''', 'éditeur', 5, 'ideas', '2008-05-09'),
(1270, 'l.e.-n.i.-''', 'outil / machine', 5, 'ideas', '2008-05-09'),
(1271, 'g.g.-d.o.-s.y.-''', 'psychologie cognitive', 5, 'ideas', '2008-05-09'),
(1272, 'o.o.-l.o.-''', 'données personnelles', 5, 'ideas', '2008-05-09'),
(1273, 'o.l.-', 'subir le chaos', 3, 'relations', '2008-05-09'),
(1274, 's.u.-b.u.-''', 'phrase', 5, 'ideas', '2008-05-09'),
(1275, 's.a.-l.a.-f.o.-''', 'innovateur', 5, 'ideas', '2008-05-09'),
(1276, 'n.d.-', 'plus', 3, 'relations', '2008-05-09'),
(1277, 'd.i.-s.i.-t.u.-''', 'électronique / photonique', 5, 'ideas', '2008-05-09'),
(1278, 'd.o.-l.o.-s.u.-''', 'ordonné', 5, 'ideas', '2008-05-09'),
(1279, 'k.n.-', 'désert', 3, 'relations', '2008-05-09'),
(1280, 'u.u.-m.o.-''', 'littérature ancienne', 5, 'ideas', '2008-05-09'),
(1281, 'wu.c.-', 're-évaluer la communauté', 3, 'relations', '2008-05-09'),
(1282, 'j.j.-s.o.-s.y.-''', 'philosophie', 5, 'ideas', '2008-05-09'),
(1283, 'm.a.-k.a.-''', 'voisin', 5, 'ideas', '2008-05-09'),
(1284, 'i.g.-', 'élaborer son propos', 3, 'relations', '2008-05-09'),
(1285, 'o.f.-', 'souffrir', 3, 'relations', '2008-05-09'),
(1286, 'j.t.-', 'archaïsme', 3, 'relations', '2008-05-09'),
(1287, 't.e.-t.u.-wa.e.-''', 'conception de logiciels', 5, 'ideas', '2008-05-09'),
(1288, 'wo.wa.-', 'travailler', 3, 'relations', '2008-05-09'),
(1289, 'm.i.-t.i.-''', 'dispositif de sécurité', 5, 'ideas', '2008-05-09'),
(1290, 't.u.-l.u.-''', 'photo', 5, 'ideas', '2008-05-09'),
(1291, 'e.e.-b.o.-''', 'développement professionnel', 5, 'ideas', '2008-05-09'),
(1292, 'j.f.-', 'langue de bois', 3, 'relations', '2008-05-09'),
(1293, 'l.b.-', 'dedans', 3, 'relations', '2008-05-09'),
(1294, 'n.i.-d.i.-t.u.-''', 'rapide', 5, 'ideas', '2008-05-09'),
(1295, 'n.u.-', 'nom', 3, 'relations', '2008-05-09'),
(1296, 'm.a.-l.a.-f.o.-''', 'ouvrier', 5, 'ideas', '2008-05-09'),
(1297, 'o.c.-', 'orienter son cheminement', 3, 'relations', '2008-05-09'),
(1298, 'c.c.-l.o.-''', 'relation locale', 5, 'ideas', '2008-05-09'),
(1299, 'm.o.-e.e.-''', '(à venir)', 5, 'ideas', '2008-05-09'),
(1300, 'a.a.-l.o.-''', 'réseau de personnes', 5, 'ideas', '2008-05-09'),
(1301, 'i.wo.-', 'équiper une activité scientifique / artistique', 3, 'relations', '2008-05-09'),
(1302, 'm.o.-f.o.-s.u.-''', 'séduisant', 5, 'ideas', '2008-05-09'),
(1303, 'b.u.-b.u.-d.u.-''', 'signifiant', 5, 'ideas', '2008-05-09'),
(1304, 'x.x.-n.o.-''', 'crime / délit', 5, 'ideas', '2008-05-09'),
(1305, 'd.o.-p.p.-s.y.-''', '(à venir)', 5, 'ideas', '2008-05-09'),
(1306, 'e.y.-', 'apprendre', 3, 'relations', '2008-05-09'),
(1307, 't.o.-h.h.-''', '(à venir)', 5, 'ideas', '2008-05-09'),
(1308, 'c.s.-', 'résistance', 3, 'relations', '2008-05-09'),
(1309, 'c.wu.-', 'déplacement de l''attention', 3, 'relations', '2008-05-09'),
(1310, 'd.o.-u.u.-''', '(à venir)', 5, 'ideas', '2008-05-09'),
(1311, 'wo.k.-', 'semer des graines de changement social', 3, 'relations', '2008-05-09'),
(1312, 'h.t.-', 'oubli', 3, 'relations', '2008-05-09'),
(1313, 't.o.-p.p.-s.y.-''', '(à venir)', 5, 'ideas', '2008-05-09'),
(1314, 's.o.-s.o.-s.u.-''', 'intelligent', 5, 'ideas', '2008-05-09'),
(1315, 'e.e.-b.o.-s.y.-''', 'sciences de l''éducation et de la formation', 5, 'ideas', '2008-05-09'),
(1316, 'wo.s.-', 'brasser des idées', 3, 'relations', '2008-05-09'),
(1317, 't.i.-l.i.-''', 'ville', 5, 'ideas', '2008-05-09'),
(1318, 'o.u.-we.h.-', 'filtrer l''information', 5, 'ideas', '2008-05-09'),
(1319, 't.i.-s.i.-''', 'véhicule', 5, 'ideas', '2008-05-09'),
(1320, 'm.i.-', 'jouet', 3, 'relations', '2008-05-09'),
(1321, 'k.o.-i.i.-''', '(à venir)', 5, 'ideas', '2008-05-09'),
(1322, 'x.a.-', 'progression de carrière', 3, 'relations', '2008-05-09'),
(1323, 't.i.-k.i.-''', 'capital', 5, 'ideas', '2008-05-09'),
(1324, 'b.u.-t.u.-''', 'instruction', 5, 'ideas', '2008-05-09'),
(1325, 'n.u.-b.u.-''', 'proposition', 5, 'ideas', '2008-05-09'),
(1326, 'g.s.-', 'silence', 3, 'relations', '2008-05-09'),
(1327, 'k.a.-l.a.-''', 'syndicat', 5, 'ideas', '2008-05-09'),
(1328, 'b.a.-l.a.-f.o.-''', 'transporteur', 5, 'ideas', '2008-05-09'),
(1329, 'd.h.-', 'différence culturelle', 3, 'relations', '2008-05-09'),
(1330, 'f.o.-l.o.-''', 'organisation', 5, 'ideas', '2008-05-09'),
(1331, 'i.i.-b.o.-''', 'image scientifique', 5, 'ideas', '2008-05-09'),
(1332, 'n.i.-b.i.-t.u.-''', 'éclairé', 5, 'ideas', '2008-05-09'),
(1333, 't.e.-f.u.-''', 'musique originale', 5, 'ideas', '2008-05-09'),
(1334, 'd.c.-', 'authenticité', 3, 'relations', '2008-05-09'),
(1335, 'f.o.-h.h.-''', '(à venir)', 5, 'ideas', '2008-05-09'),
(1336, 'y.c.-', 'examiner son cheminement', 3, 'relations', '2008-05-09'),
(1337, 't.a.-n.a.-''', 'loi', 5, 'ideas', '2008-05-09'),
(1338, 'k.e.-b.a.-wa.e.-''', 'parler sincèrement', 5, 'ideas', '2008-05-09'),
(1339, 'n.s.-', 'astre', 3, 'relations', '2008-05-09'),
(1340, 'we.a.-', 'renouveler ses engagements', 3, 'relations', '2008-05-09'),
(1341, 'o.o.-s.o.-''', 'gestion', 5, 'ideas', '2008-05-09'),
(1342, 'n.u.-t.u.-d.u.-''', 'emblématique', 5, 'ideas', '2008-05-09'),
(1343, 'u.e.-', 'prouver', 3, 'relations', '2008-05-09'),
(1344, 't.i.-t.i.-t.u.-''', 'enregistré', 5, 'ideas', '2008-05-09'),
(1345, 's.i.-b.i.-t.u.-''', 'multimedia', 5, 'ideas', '2008-05-09'),
(1346, 's.j.-', 'projet poétique', 3, 'relations', '2008-05-09'),
(1347, 'n.a.-n.a.-''', 'communauté spirituelle', 5, 'ideas', '2008-05-09'),
(1348, 'a.u.-', 'délibérer', 3, 'relations', '2008-05-09'),
(1349, 's.o.-u.u.-s.y.-''', '(à venir)', 5, 'ideas', '2008-05-09'),
(1350, 'g.h.-', 'analyse', 3, 'relations', '2008-05-09'),
(1351, 'f.u.-l.u.-d.u.-''', 'agé', 5, 'ideas', '2008-05-09'),
(1352, 'b.i.-s.i.-''', 'atmosphère', 5, 'ideas', '2008-05-09'),
(1353, 'd.k.-', 'Est', 3, 'relations', '2008-05-09'),
(1354, 'p.x.-', 'emprunt', 3, 'relations', '2008-05-09'),
(1355, 'm.i.-f.i.-''', 'peau', 5, 'ideas', '2008-05-09'),
(1356, 'b.o.-b.o.-s.u.-''', 'contraire', 5, 'ideas', '2008-05-09'),
(1357, 'i.d.-', 'couper l''alimentation', 3, 'relations', '2008-05-09'),
(1358, 'm.', 'affect', 2, 'events', '2008-05-09'),
(1359, 'b.e.-l.u.-''', 'compréhension scientifique', 5, 'ideas', '2008-05-09'),
(1360, 'b.e.-t.u.-wa.e.-''', 'logique / programmation', 5, 'ideas', '2008-05-09'),
(1361, 'e.g.-', 's''approprier un discours', 3, 'relations', '2008-05-09'),
(1362, 'u.m.-', 'se tromper de diagnostic', 3, 'relations', '2008-05-09'),
(1363, 't.e.-d.u.-''', 'problématique informationnelle', 5, 'ideas', '2008-05-09'),
(1364, 'f.i.-t.i.-t.u.-''', 'nourri', 5, 'ideas', '2008-05-09'),
(1365, 'b.a.-f.a.-''', 'soin', 5, 'ideas', '2008-05-09'),
(1366, 'f.o.-x.x.-''', '(à venir)', 5, 'ideas', '2008-05-09'),
(1367, 'b.p.-', 'promotion du produit', 3, 'relations', '2008-05-09'),
(1368, 'l.o.-t.o.-''', 'voyage', 5, 'ideas', '2008-05-09'),
(1369, 'd.e.-k.i.-wa.e.-''', 'sports d''équipe', 5, 'ideas', '2008-05-09'),
(1370, 'h.f.-', 'rupture', 3, 'relations', '2008-05-09'),
(1371, 'a.a.-f.o.-s.y.-''', 'démographies', 5, 'ideas', '2008-05-09'),
(1372, 's.a.-s.a.-''', 'ordre symbolique', 5, 'ideas', '2008-05-09'),
(1373, 'd.o.-s.o.-''', 'raisonnement', 5, 'ideas', '2008-05-09'),
(1374, 'wu.s.-', 'développer sa sensibilité intellectuelle', 3, 'relations', '2008-05-09'),
(1375, 'd.e.-m.i.-wa.e.-''', 'subtilité des sens', 5, 'ideas', '2008-05-09'),
(1376, 'm.m.-', 'désir', 3, 'relations', '2008-05-09'),
(1377, 'wa.k.-', 'agir social / communautaire', 3, 'relations', '2008-05-09'),
(1378, 'a.f.-', 'aggresser physiquement', 3, 'relations', '2008-05-09'),
(1379, 'k.u.-n.u.-''', 'totem', 5, 'ideas', '2008-05-09'),
(1380, 'f.e.-m.i.-''', 'code physique / vestimentaire', 5, 'ideas', '2008-05-09'),
(1381, 'j.wu.-', 'nouvelle grille de perception', 3, 'relations', '2008-05-09'),
(1382, 'e.e.-f.o.-''', 'développemt physique', 5, 'ideas', '2008-05-09'),
(1383, 'm.l.-', 'peur', 3, 'relations', '2008-05-09'),
(1384, 's.o.-y.y.-''', '(à venir)', 5, 'ideas', '2008-05-09'),
(1385, 'wu.d.-', 'observer', 3, 'relations', '2008-05-09'),
(1386, 'd.o.-m.o.-s.u.-''', 'intuitif', 5, 'ideas', '2008-05-09'),
(1387, 'b.u.-k.u.-d.u.-''', 'demandé', 5, 'ideas', '2008-05-09'),
(1388, 'b.e.-n.u.-''', 'vie littéraire', 5, 'ideas', '2008-05-09'),
(1389, 'm.o.-f.o.-''', 'séduction', 5, 'ideas', '2008-05-09'),
(1390, 'm.o.-o.o.-''', '(à venir)', 5, 'ideas', '2008-05-09'),
(1391, 'wa.wa.-', 's''accomplir', 3, 'relations', '2008-05-09'),
(1392, 'o.j.-', 'choisir son mode d''expression', 3, 'relations', '2008-05-09'),
(1393, 'f.g.-', 'porte-parole', 3, 'relations', '2008-05-09'),
(1394, 'm.a.-d.a.-f.o.-''', 'partenaire', 5, 'ideas', '2008-05-09'),
(1395, 'p.p.-n.o.-''', 'communauté internationale', 5, 'ideas', '2008-05-09'),
(1396, 'a.c.-', 'accepter sa transformation', 3, 'relations', '2008-05-09'),
(1397, 'c.c.-n.o.-s.y.-''', 'études ethniques', 5, 'ideas', '2008-05-09'),
(1398, 't.e.-n.u.-''', 'texte littéraire', 5, 'ideas', '2008-05-09'),
(1399, 'b.u.-f.u.-d.u.-''', 'conforme / genre littéraire', 5, 'ideas', '2008-05-09'),
(1400, 'we.we.-', 'mourir', 3, 'relations', '2008-05-09'),
(1401, 't.o.-s.o.-s.u.-''', 'futur', 5, 'ideas', '2008-05-09'),
(1402, 'o.y.-', 'interroger', 3, 'relations', '2008-05-09'),
(1403, 'f.a.-l.a.-f.o.-''', 'secouriste', 5, 'ideas', '2008-05-09'),
(1404, 'l.e.-m.i.-wa.e.-''', 'artiste', 5, 'ideas', '2008-05-09'),
(1405, 'p.p.-f.o.-''', 'santé publique', 5, 'ideas', '2008-05-09'),
(1406, 'e.d.-', 'négliger le corps', 3, 'relations', '2008-05-09'),
(1407, 'l.f.-', 'vallée', 3, 'relations', '2008-05-09'),
(1408, 't.y.-', 'gestion de la mémoire', 3, 'relations', '2008-05-09'),
(1409, 'l.o.-k.o.-s.u.-''', 'territorial', 5, 'ideas', '2008-05-09'),
(1410, 'we.i.-', 'renouveler l''équipement', 3, 'relations', '2008-05-09'),
(1411, 'l.i.-s.i.-''', 'ouverture / porte-fenêtre', 5, 'ideas', '2008-05-09'),
(1412, 's.u.-l.u.-''', 'ombre', 5, 'ideas', '2008-05-09'),
(1413, 'i.t.-', 'briser', 3, 'relations', '2008-05-09'),
(1414, 'i.i.-d.o.-s.y.-''', 'protocole expérimental / protocole d''observation', 5, 'ideas', '2008-05-09'),
(1415, 'h.h.-l.o.-s.y.-''', 'géographie ', 5, 'ideas', '2008-05-09'),
(1416, 'j.j.-d.o.-s.y.-''', 'logique', 5, 'ideas', '2008-05-09'),
(1417, 'l.l.-', 'terre', 3, 'relations', '2008-05-09'),
(1418, 'n.o.-h.h.-s.y.-''', '(à venir)', 5, 'ideas', '2008-05-09'),
(1419, 'b.e.-s.u.-''', 'culture visuelle', 5, 'ideas', '2008-05-09'),
(1420, 'k.u.-m.u.-''', 'stigmates', 5, 'ideas', '2008-05-09'),
(1421, 'm.e.-k.a.-''', 'compétence collective', 5, 'ideas', '2008-05-09'),
(1422, 'l.a.-n.a.-''', 'défense', 5, 'ideas', '2008-05-09'),
(1423, 'y.y.-s.o.-s.y.-''', 'épistémologie', 5, 'ideas', '2008-05-09'),
(1424, 'wa.b.-', 's''exprimer par les actes', 3, 'relations', '2008-05-09'),
(1425, 'j.i.-', 'stratégie', 3, 'relations', '2008-05-09'),
(1426, 'b.a.-k.a.-f.o.-''', 'activiste', 5, 'ideas', '2008-05-09'),
(1427, 'k.o.-y.y.-s.y.-''', '(à venir)', 5, 'ideas', '2008-05-09'),
(1428, 'i.b.-', 'rompre la communication', 3, 'relations', '2008-05-09'),
(1429, 'g.m.-', 'médisance', 3, 'relations', '2008-05-09'),
(1430, 's.wu.-', 'analyse des perceptions', 3, 'relations', '2008-05-09'),
(1431, 'd.i.-n.i.-t.u.-''', 'piloté', 5, 'ideas', '2008-05-09'),
(1432, 'b.wo.-', 'échange intellectuel', 3, 'relations', '2008-05-09'),
(1433, 'b.a.-', 'conteur', 3, 'relations', '2008-05-09'),
(1434, 'f.i.-s.i.-t.u.-''', 'assisté', 5, 'ideas', '2008-05-09'),
(1435, 'wu.x.-', 're-évaluer le système technique', 3, 'relations', '2008-05-09'),
(1436, 'l.a.-f.a.-''', 'environnement naturel', 5, 'ideas', '2008-05-09'),
(1437, 'u.u.-b.o.-s.y.-''', 'linguistique', 5, 'ideas', '2008-05-09'),
(1438, 'a.a.-s.o.-''', 'communauté humaine', 5, 'ideas', '2008-05-09'),
(1439, 's.i.-s.i.-t.u.-''', 'allumé', 5, 'ideas', '2008-05-09'),
(1440, 'u.o.-we.h.-', 'résumer en vue de la gouvernance', 5, 'ideas', '2008-05-09'),
(1441, 'b.o.-e.e.-''', '(à venir)', 5, 'ideas', '2008-05-09'),
(1442, 'e.e.-l.o.-s.y.-''', 'marché du travail', 5, 'ideas', '2008-05-09'),
(1443, 't.a.-l.a.-''', 'archive', 5, 'ideas', '2008-05-09'),
(1444, 'd.i.-t.i.-t.u.-''', 'compté / mesuré', 5, 'ideas', '2008-05-09'),
(1445, 'j.j.-m.o.-s.y.-''', 'beaux-arts', 5, 'ideas', '2008-05-09'),
(1446, 'n.e.-l.a.-''', 'sécurité collective', 5, 'ideas', '2008-05-09'),
(1447, 'b.o.-j.j.-''', '(à venir)', 5, 'ideas', '2008-05-09'),
(1448, 'd.g.-', 'qualité du document', 3, 'relations', '2008-05-09'),
(1449, 't.a.-s.a.-''', 'traduction', 5, 'ideas', '2008-05-09'),
(1450, 'd.o.-', 'valeur de vérité', 3, 'relations', '2008-05-09'),
(1451, 'd.e.-n.i.-''', 'survie', 5, 'ideas', '2008-05-09'),
(1452, 's.o.-g.g.-s.y.-''', '(à venir)', 5, 'ideas', '2008-05-09'),
(1453, 's.e.-t.u.-wa.e.-''', 'compter / calculer', 5, 'ideas', '2008-05-09'),
(1454, 'l.o.-x.x.-''', '(à venir)', 5, 'ideas', '2008-05-09'),
(1455, 'm.i.-m.i.-''', 'fétiche', 5, 'ideas', '2008-05-09'),
(1456, 'b.i.-m.i.-t.u.-''', 'brillant', 5, 'ideas', '2008-05-09'),
(1457, 'x.n.-', 'rejet / renvoi', 3, 'relations', '2008-05-09'),
(1458, 'n.e.-s.a.-wa.e.-''', 'indiquer le sens à un groupe', 5, 'ideas', '2008-05-09'),
(1459, 'x.x.-t.o.-''', 'patrimoine collectif', 5, 'ideas', '2008-05-09'),
(1460, 'n.o.-e.e.-s.y.-''', '(à venir)', 5, 'ideas', '2008-05-09'),
(1461, 'm.e.-k.a.-wa.e.-''', 'attitude collaborative', 5, 'ideas', '2008-05-09'),
(1462, 't.o.-l.o.-s.u.-''', 'simultané', 5, 'ideas', '2008-05-09'),
(1463, 'u.g.-', 'prononcer un discours', 3, 'relations', '2008-05-09'),
(1464, 'f.o.-p.p.-s.y.-''', '(à venir)', 5, 'ideas', '2008-05-09'),
(1465, 'm.p.-', 'service rendu', 3, 'relations', '2008-05-09'),
(1466, 'k.o.-m.o.-s.u.-''', 'amical', 5, 'ideas', '2008-05-09'),
(1467, 'n.o.-n.o.-''', 'être humain', 5, 'ideas', '2008-05-09'),
(1468, 't.o.-e.e.-s.y.-''', '(à venir)', 5, 'ideas', '2008-05-09'),
(1469, 'l.a.-', 'gardien', 3, 'relations', '2008-05-09'),
(1470, 'b.e.-l.u.-wa.e.-''', 'culture scientifique', 5, 'ideas', '2008-05-09'),
(1471, 'b.c.-', 'capacité de rassemblement', 3, 'relations', '2008-05-09'),
(1472, 'f.i.-f.i.-t.u.-''', 'organique', 5, 'ideas', '2008-05-09'),
(1473, 'f.u.-k.u.-d.u.-''', 'aperçu', 5, 'ideas', '2008-05-09'),
(1474, 't.wa.-', 'hasard', 3, 'relations', '2008-05-09'),
(1475, 'f.u.-l.u.-''', 'âge', 5, 'ideas', '2008-05-09'),
(1476, 'e.c.-', 'se préparer au changement', 3, 'relations', '2008-05-09'),
(1477, 'j.g.-', 'explication', 3, 'relations', '2008-05-09'),
(1478, 'p.we.-', 'événement familial', 3, 'relations', '2008-05-09'),
(1479, 'n.a.-d.a.-f.o.-''', 'client', 5, 'ideas', '2008-05-09'),
(1480, 'n.e.-m.a.-wa.e.-''', 'inspirer l''harmonie', 5, 'ideas', '2008-05-09'),
(1481, 's.c.-', 'projet politique', 3, 'relations', '2008-05-09'),
(1482, 'c.k.-', 'sclérose du lien', 3, 'relations', '2008-05-09'),
(1483, 't.a.-s.a.-f.o.-''', 'traducteur', 5, 'ideas', '2008-05-09'),
(1484, 'l.o.-i.i.-s.y.-''', '(à venir)', 5, 'ideas', '2008-05-09'),
(1485, 'p.b.-', 'dégoût', 3, 'relations', '2008-05-09'),
(1486, 'f.we.-', 'loisir', 3, 'relations', '2008-05-09'),
(1487, 't.e.-b.u.-wa.e.-''', 'éloquence', 5, 'ideas', '2008-05-09'),
(1488, 's.o.-d.o.-''', 'humilité', 5, 'ideas', '2008-05-09'),
(1489, 'wa.j.-', 'transformer le langage', 3, 'relations', '2008-05-09'),
(1490, 'm.o.-d.o.-''', 'sincérité', 5, 'ideas', '2008-05-09'),
(1491, 'n.u.-d.u.-''', 'etiquette', 5, 'ideas', '2008-05-09'),
(1492, 'm.a.-n.a.-''', 'cause', 5, 'ideas', '2008-05-09'),
(1493, 's.i.-s.i.-''', 'commutateur', 5, 'ideas', '2008-05-09'),
(1494, 'l.o.-p.p.-s.y.-''', '(à venir)', 5, 'ideas', '2008-05-09'),
(1495, 'c.c.-f.o.-s.y.-''', 'études féministes / des genres', 5, 'ideas', '2008-05-09'),
(1496, 'b.o.-u.u.-''', '(à venir)', 5, 'ideas', '2008-05-09'),
(1497, 'f.o.-s.o.-s.u.-''', 'surréel / mythique', 5, 'ideas', '2008-05-09'),
(1498, 'k.o.-f.o.-''', 'collaboration', 5, 'ideas', '2008-05-09'),
(1499, 'b.o.-s.o.-''', 'interprétation', 5, 'ideas', '2008-05-09'),
(1500, 'f.e.-m.i.-wa.e.-''', 'esthétique / mode', 5, 'ideas', '2008-05-09'),
(1501, 'u.u.-t.o.-''', 'système de communication', 5, 'ideas', '2008-05-09'),
(1502, 'i.u.-', 'prendre', 3, 'relations', '2008-05-09');
INSERT INTO `ieml_onto` (`ieml_id`, `ieml_code`, `ieml_lib`, `ieml_niveau`, `ieml_parent`, `ieml_date`) VALUES
(1503, 'n.a.-l.a.-f.o.-''', 'policier', 5, 'ideas', '2008-05-09'),
(1504, 'u.k.-', 'parler en jargon', 3, 'relations', '2008-05-09'),
(1505, 'd.u.-t.u.-d.u.-''', 'ancre', 5, 'ideas', '2008-05-09'),
(1506, 'a.a.-we.h.-', 'créer la confiance', 5, 'ideas', '2008-05-09'),
(1507, 'k.e.-s.a.-''', 'autonomie psychique', 5, 'ideas', '2008-05-09'),
(1508, 'o.m.-', 'être indifférent', 3, 'relations', '2008-05-09'),
(1509, 'k.e.-f.a.-''', 'autonomie physique', 5, 'ideas', '2008-05-09'),
(1510, 'f.o.-m.o.-''', 'joie', 5, 'ideas', '2008-05-09'),
(1511, 'n.e.-s.a.-''', 'démarche collective', 5, 'ideas', '2008-05-09'),
(1512, 'd.o.-t.o.-s.u.-''', 'appris', 5, 'ideas', '2008-05-09'),
(1513, 'k.o.-i.i.-s.y.-''', '(à venir)', 5, 'ideas', '2008-05-09'),
(1514, 'f.o.-m.o.-s.u.-''', 'joyeux', 5, 'ideas', '2008-05-09'),
(1515, 'm.u.-t.u.-''', 'masque', 5, 'ideas', '2008-05-09'),
(1516, 'n.e.-d.a.-wa.e.-''', 'publier la vérité', 5, 'ideas', '2008-05-09'),
(1517, 'o.e.-we.h.-', 'éduquer', 5, 'ideas', '2008-05-09'),
(1518, 'd.o.-h.h.-s.y.-''', '(à venir)', 5, 'ideas', '2008-05-09'),
(1519, 'b.i.-k.i.-t.u.-''', 'monumental', 5, 'ideas', '2008-05-09'),
(1520, 'd.a.-l.a.-f.o.-''', 'agent de renseignement', 5, 'ideas', '2008-05-09'),
(1521, 'l.o.-c.c.-s.y.-''', '(à venir)', 5, 'ideas', '2008-05-09'),
(1522, 'f.y.-', 'intelligence du corps', 3, 'relations', '2008-05-09'),
(1523, 'k.e.-b.a.-''', 'crédibilité', 5, 'ideas', '2008-05-09'),
(1524, 't.u.-k.u.-''', 'écritures', 5, 'ideas', '2008-05-09'),
(1525, 'i.f.-', 'être malade ou blessé', 3, 'relations', '2008-05-09'),
(1526, 'f.u.-b.u.-''', 'accent', 5, 'ideas', '2008-05-09'),
(1527, 't.e.-', 'capacité de convaincre', 3, 'relations', '2008-05-09'),
(1528, 'm.i.-d.i.-t.u.-''', 'ciblé', 5, 'ideas', '2008-05-09'),
(1529, 'b.a.-d.a.-''', 'publicité', 5, 'ideas', '2008-05-09'),
(1530, 'd.i.-f.i.-t.u.-''', 'perçu', 5, 'ideas', '2008-05-09'),
(1531, 'we.b.-', 'cultiver un système d''information', 3, 'relations', '2008-05-09'),
(1532, 'k.o.-h.h.-s.y.-''', '(à venir)', 5, 'ideas', '2008-05-09'),
(1533, 'm.u.-k.u.-d.u.-''', 'sacrifié', 5, 'ideas', '2008-05-09'),
(1534, 'n.o.-h.h.-''', '(à venir)', 5, 'ideas', '2008-05-09'),
(1535, 'k.i.-t.i.-''', 'magasin / entrepôt', 5, 'ideas', '2008-05-09'),
(1536, 'l.o.-h.h.-s.y.-''', '(à venir)', 5, 'ideas', '2008-05-09'),
(1537, 't.t.-', 'cycle', 3, 'relations', '2008-05-09'),
(1538, 'm.o.-x.x.-s.y.-''', '(à venir)', 5, 'ideas', '2008-05-09'),
(1539, 'm.s.-', 'contemplation', 3, 'relations', '2008-05-09'),
(1540, 'k.a.-k.a.-f.o.-''', 'citoyen', 5, 'ideas', '2008-05-09'),
(1541, 't.o.-n.o.-''', 'calendrier', 5, 'ideas', '2008-05-09'),
(1542, 'wo.j.-', 'réfléchir aux langages possibles', 3, 'relations', '2008-05-09'),
(1543, 's.n.-', 'nuage', 3, 'relations', '2008-05-09'),
(1544, 'b.o.-k.o.-''', 'communication', 5, 'ideas', '2008-05-09'),
(1545, 'e.e.-s.o.-''', 'condition de travail', 5, 'ideas', '2008-05-09'),
(1546, 'l.e.-t.i.-''', 'système de transport', 5, 'ideas', '2008-05-09'),
(1547, 'g.e.-', 'édit / ordonnance', 3, 'relations', '2008-05-09'),
(1548, 'n.o.-j.j.-''', '(à venir)', 5, 'ideas', '2008-05-09'),
(1549, 'm.wo.-', 'appel de l''inconnu', 3, 'relations', '2008-05-09'),
(1550, 't.m.-', 'attachement', 3, 'relations', '2008-05-09'),
(1551, 'b.a.-f.a.-f.o.-''', 'infirmier / soignant', 5, 'ideas', '2008-05-09'),
(1552, 'f.o.-l.o.-s.u.-''', 'organisé', 5, 'ideas', '2008-05-09'),
(1553, 'b.o.-k.o.-s.u.-''', 'communiqué', 5, 'ideas', '2008-05-09'),
(1554, 'wo.', 'générer possibles', 2, 'events', '2008-05-09'),
(1555, 'g.g.-n.o.-''', 'relations transculturelles', 5, 'ideas', '2008-05-09'),
(1556, 's.u.-', 'image', 3, 'relations', '2008-05-09'),
(1557, 'f.o.-s.o.-''', 'imaginaire', 5, 'ideas', '2008-05-09'),
(1558, 'e.e.-t.o.-''', 'métier', 5, 'ideas', '2008-05-09'),
(1559, 'l.e.-m.i.-''', 'univers poétique', 5, 'ideas', '2008-05-09'),
(1560, 'k.e.-d.a.-''', 'jugement', 5, 'ideas', '2008-05-09'),
(1561, 'i.i.-f.o.-''', 'phénomène biologique', 5, 'ideas', '2008-05-09'),
(1562, 'a.', 's''engager', 2, 'events', '2008-05-09'),
(1563, 't.p.-', 'gain', 3, 'relations', '2008-05-09'),
(1564, 'b.i.-k.i.-''', 'place publique', 5, 'ideas', '2008-05-09'),
(1565, 'n.u.-m.u.-d.u.-''', 'imité', 5, 'ideas', '2008-05-09'),
(1566, 'f.a.-d.a.-''', 'réparation', 5, 'ideas', '2008-05-09'),
(1567, 'a.g.-', 's''engager dans son discours', 3, 'relations', '2008-05-09'),
(1568, 'k.o.-d.o.-''', 'honnêteté', 5, 'ideas', '2008-05-09'),
(1569, 's.o.-i.i.-s.y.-''', '(à venir)', 5, 'ideas', '2008-05-09'),
(1570, 'n.o.-o.o.-''', '(à venir)', 5, 'ideas', '2008-05-09'),
(1571, 'n.f.-', 'domestique', 3, 'relations', '2008-05-09'),
(1572, 't.e.-d.u.-wa.e.-''', 'architecture d''information', 5, 'ideas', '2008-05-09'),
(1573, 'm.a.-m.a.-f.o.-''', 'familier', 5, 'ideas', '2008-05-09'),
(1574, 's.a.-k.a.-f.o.-''', 'politicien', 5, 'ideas', '2008-05-09'),
(1575, 'd.o.-g.g.-''', '(à venir)', 5, 'ideas', '2008-05-09'),
(1576, 'd.n.-', 'moins', 3, 'relations', '2008-05-09'),
(1577, 'd.e.-l.i.-wa.e.-''', 'arts martiaux', 5, 'ideas', '2008-05-09'),
(1578, 'l.e.-k.i.-''', 'prospérité', 5, 'ideas', '2008-05-09'),
(1579, 'k.o.-', 'désir de lien social', 3, 'relations', '2008-05-09'),
(1580, 'k.a.-n.a.-f.o.-''', 'juré', 5, 'ideas', '2008-05-09'),
(1581, 'l.u.-m.u.-d.u.-''', 'habituel', 5, 'ideas', '2008-05-09'),
(1582, 'c.c.-b.o.-''', 'flux d''information significative', 5, 'ideas', '2008-05-09'),
(1583, 'k.we.-', 'communauté de résidence', 3, 'relations', '2008-05-09'),
(1584, 'd.i.-t.i.-''', 'compteur', 5, 'ideas', '2008-05-09'),
(1585, 'p.p.-k.o.-s.y.-''', 'économie', 5, 'ideas', '2008-05-09'),
(1586, 'l.t.-', 'gauche', 3, 'relations', '2008-05-09'),
(1587, 'we.p.-', 'unifier l''objet', 3, 'relations', '2008-05-09'),
(1588, 't.o.-a.a.-s.y.-''', '(à venir)', 5, 'ideas', '2008-05-09'),
(1589, 'e.e.-n.o.-s.y.-''', 'taxonomie de compétences', 5, 'ideas', '2008-05-09'),
(1590, 'y.y.-l.o.-''', 'objet présenté', 5, 'ideas', '2008-05-09'),
(1591, 'p.p.-f.o.-s.y.-''', 'sciences de la santé', 5, 'ideas', '2008-05-09'),
(1592, 'f.o.-y.y.-''', '(à venir)', 5, 'ideas', '2008-05-09'),
(1593, 'f.i.-b.i.-''', 'drogue / médicament', 5, 'ideas', '2008-05-09'),
(1594, 'm.wa.-', 'audace', 3, 'relations', '2008-05-09'),
(1595, 'd.i.-d.i.-''', 'données quantitatives', 5, 'ideas', '2008-05-09'),
(1596, 'i.u.-we.h.-', 'prendre la parole', 5, 'ideas', '2008-05-09'),
(1597, 'l.e.-b.i.-wa.e.-''', 'ingénierie informatique', 5, 'ideas', '2008-05-09'),
(1598, 'b.o.-o.o.-''', '(à venir)', 5, 'ideas', '2008-05-09'),
(1599, 'n.i.-k.i.-''', 'marchandise', 5, 'ideas', '2008-05-09'),
(1600, 'b.x.-', 'environnement collaboratif', 3, 'relations', '2008-05-09'),
(1601, 't.u.-n.u.-''', 'nom propre', 5, 'ideas', '2008-05-09'),
(1602, 'p.j.-', 'mutation de l''apprentissage', 3, 'relations', '2008-05-09'),
(1603, 'd.u.-f.u.-d.u.-''', 'présent', 5, 'ideas', '2008-05-09'),
(1604, 'k.i.-b.i.-t.u.-''', 'logiciel', 5, 'ideas', '2008-05-09'),
(1605, 'n.j.-', 'originalité', 3, 'relations', '2008-05-09'),
(1606, 'b.wa.-', 'négociation', 3, 'relations', '2008-05-09'),
(1607, 'p.s.-', 'manque', 3, 'relations', '2008-05-09'),
(1608, 'c.', 'mutation personelle', 2, 'events', '2008-05-09'),
(1609, 'wu.n.-', 'cultiver la clarté du sens', 3, 'relations', '2008-05-09'),
(1610, 'n.b.-', 'acide', 3, 'relations', '2008-05-09'),
(1611, 'y.n.-', 'ignorer les principes', 3, 'relations', '2008-05-09'),
(1612, 't.o.-o.o.-''', '(à venir)', 5, 'ideas', '2008-05-09'),
(1613, 'wa.t.-', 'prendre des risques', 3, 'relations', '2008-05-09'),
(1614, 'e.x.-', 's''approprier des outils', 3, 'relations', '2008-05-09'),
(1615, 'wu.f.-', 'immersion sensorielle', 3, 'relations', '2008-05-09'),
(1616, 'n.o.-c.c.-s.y.-''', '(à venir)', 5, 'ideas', '2008-05-09'),
(1617, 'n.o.-s.o.-s.u.-''', 'cultivé', 5, 'ideas', '2008-05-09'),
(1618, 'k.o.-g.g.-''', '(à venir)', 5, 'ideas', '2008-05-09'),
(1619, 'wo.wo.-', 'naître', 3, 'relations', '2008-05-09'),
(1620, 's.l.-', 'haut', 3, 'relations', '2008-05-09'),
(1621, 'd.o.-x.x.-s.y.-''', '(à venir)', 5, 'ideas', '2008-05-09'),
(1622, 'd.o.-o.o.-s.y.-''', '(à venir)', 5, 'ideas', '2008-05-09'),
(1623, 't.o.-a.a.-''', '(à venir)', 5, 'ideas', '2008-05-09'),
(1624, 'g.g.-k.o.-''', 'discours public', 5, 'ideas', '2008-05-09'),
(1625, 'l.e.-d.i.-''', 'système de coordonnées', 5, 'ideas', '2008-05-09'),
(1626, 'n.a.-m.a.-''', 'homme', 5, 'ideas', '2008-05-09'),
(1627, 'u.l.-', 'salir ou se salir', 3, 'relations', '2008-05-09'),
(1628, 'b.j.-', 'innovation sémiotique', 3, 'relations', '2008-05-09'),
(1629, 'f.a.-m.a.-''', 'femme', 5, 'ideas', '2008-05-09'),
(1630, 'o.k.-', 'briser le lien social', 3, 'relations', '2008-05-09'),
(1631, 'n.i.-f.i.-''', 'main / pied', 5, 'ideas', '2008-05-09'),
(1632, 'f.h.-', 'rencontre', 3, 'relations', '2008-05-09'),
(1633, 'wa.c.-', 'transformer la communauté', 3, 'relations', '2008-05-09'),
(1634, 'j.o.-', 'inconscient', 3, 'relations', '2008-05-09'),
(1635, 'i.s.-', 'bloquer', 3, 'relations', '2008-05-09'),
(1636, 'n.e.-d.a.-''', 'information du public', 5, 'ideas', '2008-05-09'),
(1637, 's.a.-', 'interprète', 3, 'relations', '2008-05-09'),
(1638, 'd.e.-t.i.-''', 'conduite sûre', 5, 'ideas', '2008-05-09'),
(1639, 'd.o.-c.c.-''', '(à venir)', 5, 'ideas', '2008-05-09'),
(1640, 'u.n.-', 'se réfugier dans l''anonymat', 3, 'relations', '2008-05-09'),
(1641, 'wo.a.-', 'trouver sa juste place', 3, 'relations', '2008-05-09'),
(1642, 'k.wo.-', 'école de pensée', 3, 'relations', '2008-05-09'),
(1643, 'e.h.-', 'suivre une méthode d''interpretation', 3, 'relations', '2008-05-09'),
(1644, 'B.', 'être', 1, 'elements', '2008-05-09'),
(1645, 'l.i.-t.i.-''', 'fermeture / sac', 5, 'ideas', '2008-05-09'),
(1646, 'n.o.-a.a.-s.y.-''', '(à venir)', 5, 'ideas', '2008-05-09'),
(1647, 'f.o.-c.c.-''', '(à venir)', 5, 'ideas', '2008-05-09'),
(1648, 'k.m.-', 'envie', 3, 'relations', '2008-05-09'),
(1649, 'f.l.-', 'montagne', 3, 'relations', '2008-05-09'),
(1650, 'wa.d.-', 'expérimenter', 3, 'relations', '2008-05-09'),
(1651, 'b.a.-n.a.-f.o.-''', 'procureur', 5, 'ideas', '2008-05-09'),
(1652, 'l.o.-i.i.-''', '(à venir)', 5, 'ideas', '2008-05-09'),
(1653, 'e.i.-we.h.-', 'attirer ou favoriser l''investissement', 5, 'ideas', '2008-05-09'),
(1654, 'h.h.-b.o.-s.y.-''', 'herméneutique', 5, 'ideas', '2008-05-09'),
(1655, 'u.s.-', 'mal concevoir', 3, 'relations', '2008-05-09'),
(1656, 's.f.-', 'plante', 3, 'relations', '2008-05-09'),
(1657, 't.i.-m.i.-''', 'trésor', 5, 'ideas', '2008-05-09'),
(1658, 's.i.-f.i.-t.u.-''', 'reconnu', 5, 'ideas', '2008-05-09'),
(1659, 'n.o.-i.i.-''', '(à venir)', 5, 'ideas', '2008-05-09'),
(1660, 't.o.-t.o.-''', 'changement', 5, 'ideas', '2008-05-09'),
(1661, 'f.o.-k.o.-''', 'rite', 5, 'ideas', '2008-05-09'),
(1662, 't.f.-', 'graine', 3, 'relations', '2008-05-09'),
(1663, 'd.we.-', 'contrainte technique', 3, 'relations', '2008-05-09'),
(1664, 'x.c.-', 'crédit', 3, 'relations', '2008-05-09'),
(1665, 'x.x.-b.o.-s.y.-''', 'études des médias', 5, 'ideas', '2008-05-09'),
(1666, 'k.u.-l.u.-d.u.-''', 'tombeau / mausolée', 5, 'ideas', '2008-05-09'),
(1667, 'p.wa.-', 'transformation d''objectif', 3, 'relations', '2008-05-09'),
(1668, 'b.u.-m.u.-''', 'voix', 5, 'ideas', '2008-05-09'),
(1669, 's.a.-k.a.-''', 'parlement', 5, 'ideas', '2008-05-09'),
(1670, 's.e.-', 'maîtrise des codes', 3, 'relations', '2008-05-09'),
(1671, 'e.e.-n.o.-''', 'compétence', 5, 'ideas', '2008-05-09'),
(1672, 't.o.-s.o.-''', 'prévision', 5, 'ideas', '2008-05-09'),
(1673, 'f.e.-f.i.-wa.e.-''', 'chirurgie / soins du corps', 5, 'ideas', '2008-05-09'),
(1674, 'y.f.-', 's''intoxiquer', 3, 'relations', '2008-05-09'),
(1675, 'b.o.-n.o.-s.u.-''', 'poétique', 5, 'ideas', '2008-05-09'),
(1676, 'n.e.-k.a.-''', 'transparence des actes', 5, 'ideas', '2008-05-09'),
(1677, 'k.o.-p.p.-s.y.-''', '(à venir)', 5, 'ideas', '2008-05-09'),
(1678, 'k.u.-n.u.-d.u.-''', 'tribal', 5, 'ideas', '2008-05-09'),
(1679, 'h.n.-', 'opportunisme', 3, 'relations', '2008-05-09'),
(1680, 'l.i.-', 'technique de connexion', 3, 'relations', '2008-05-09'),
(1681, 'wo.x.-', 'réfléchir au système technique', 3, 'relations', '2008-05-09'),
(1682, 'j.k.-', 'erreur de syntaxe', 3, 'relations', '2008-05-09'),
(1683, 'd.e.-s.i.-wa.e.-''', 'discipliner le corps / esprit', 5, 'ideas', '2008-05-09'),
(1684, 'l.i.-n.i.-t.u.-''', 'découpé / percé', 5, 'ideas', '2008-05-09'),
(1685, 'wa.y.-', 'maîtriser les savoirs', 3, 'relations', '2008-05-09'),
(1686, 'a.x.-', 's''impliquer dans son travail', 3, 'relations', '2008-05-09'),
(1687, 'x.d.-', 'défaut d''exécution', 3, 'relations', '2008-05-09'),
(1688, 'k.u.-d.u.-d.u.-''', 'illuminé', 5, 'ideas', '2008-05-09'),
(1689, 'c.x.-', 'taux d''intérêt', 3, 'relations', '2008-05-09'),
(1690, 'l.o.-m.o.-''', 'liberté', 5, 'ideas', '2008-05-09'),
(1691, 'b.e.-k.u.-wa.e.-''', 'interprétation personnelle', 5, 'ideas', '2008-05-09'),
(1692, 'c.g.-', 'croyance', 3, 'relations', '2008-05-09'),
(1693, 'u.u.-n.o.-''', 'mot / morphème', 5, 'ideas', '2008-05-09'),
(1694, 'l.o.-', 'détermination de l''espace', 3, 'relations', '2008-05-09'),
(1695, 'h.h.-', 'mutation éthique', 3, 'relations', '2008-05-09'),
(1696, 'h.h.-d.o.-s.y.-''', 'études des religions', 5, 'ideas', '2008-05-09'),
(1697, 'l.e.-d.i.-wa.e.-''', 'métrologie', 5, 'ideas', '2008-05-09'),
(1698, 'm.i.-l.i.-''', 'textile / vêtement', 5, 'ideas', '2008-05-09'),
(1699, 'f.i.-k.i.-t.u.-''', 'comestible / potable', 5, 'ideas', '2008-05-09'),
(1700, 't.o.-f.o.-''', 'rythme', 5, 'ideas', '2008-05-09'),
(1701, 'p.n.-', 'rigidité', 3, 'relations', '2008-05-09'),
(1702, 't.i.-m.i.-t.u.-''', 'précieux', 5, 'ideas', '2008-05-09'),
(1703, 'k.i.-f.i.-t.u.-''', 'digéré', 5, 'ideas', '2008-05-09'),
(1704, 'b.i.-n.i.-t.u.-''', 'virtuose', 5, 'ideas', '2008-05-09'),
(1705, 't.u.-f.u.-''', 'mélodie', 5, 'ideas', '2008-05-09'),
(1706, 'c.c.-m.o.-''', 'résolution de conflit', 5, 'ideas', '2008-05-09'),
(1707, 'o.o.-f.o.-''', 'collaborateur', 5, 'ideas', '2008-05-09'),
(1708, 'f.i.-s.i.-''', 'prothèse', 5, 'ideas', '2008-05-09'),
(1709, 'm.a.-s.a.-''', 'médiation', 5, 'ideas', '2008-05-09'),
(1710, 't.wo.-', 'mise en relation', 3, 'relations', '2008-05-09'),
(1711, 'wo.u.-', 's''orienter dans l''information', 3, 'relations', '2008-05-09'),
(1712, 's.i.-d.i.-t.u.-''', 'émis', 5, 'ideas', '2008-05-09'),
(1713, 'l.u.-f.u.-d.u.-''', 'tactile / synesthésique', 5, 'ideas', '2008-05-09'),
(1714, 's.u.-d.u.-d.u.-''', 'repéré', 5, 'ideas', '2008-05-09'),
(1715, 'n.y.-', 'connaissance des principes', 3, 'relations', '2008-05-09'),
(1716, 'l.u.-d.u.-d.u.-''', 'échantillonné', 5, 'ideas', '2008-05-09'),
(1717, 'u.e.-we.h.-', 'produire du matériel didactique', 5, 'ideas', '2008-05-09'),
(1718, 'b.i.-n.i.-''', 'instrument de musique', 5, 'ideas', '2008-05-09'),
(1719, 'k.a.-f.a.-f.o.-''', 'pourvoyeur', 5, 'ideas', '2008-05-09'),
(1720, 'c.c.-k.o.-s.y.-''', 'études urbaines', 5, 'ideas', '2008-05-09'),
(1721, 'u.f.-', 'mal entendre ou mal voir', 3, 'relations', '2008-05-09'),
(1722, 'k.o.-b.o.-s.u.-''', 'civil', 5, 'ideas', '2008-05-09'),
(1723, 'd.o.-n.o.-s.u.-''', 'su', 5, 'ideas', '2008-05-09'),
(1724, 'b.u.-s.u.-''', 'métaphore / ressemblance', 5, 'ideas', '2008-05-09'),
(1725, 'u.u.-t.o.-s.y.-''', 'histoire de la communication', 5, 'ideas', '2008-05-09'),
(1726, 'n.u.-t.u.-''', 'logo', 5, 'ideas', '2008-05-09'),
(1727, 'n.e.-', 'capacité de diriger', 3, 'relations', '2008-05-09'),
(1728, 'l.y.-', 'conscience des limites', 3, 'relations', '2008-05-09'),
(1729, 'b.l.-', 'dehors', 3, 'relations', '2008-05-09'),
(1730, 'wu.h.-', 're-évaluer le sens', 3, 'relations', '2008-05-09'),
(1731, 'b.o.-b.o.-''', 'négation', 5, 'ideas', '2008-05-09'),
(1732, 'x.y.-', 'technologie intellectuelle', 3, 'relations', '2008-05-09'),
(1733, 'p.p.-l.o.-s.y.-''', 'études stratégiques', 5, 'ideas', '2008-05-09'),
(1734, 'b.o.-c.c.-''', '(à venir)', 5, 'ideas', '2008-05-09'),
(1735, 'k.o.-n.o.-s.u.-''', 'juste', 5, 'ideas', '2008-05-09'),
(1736, 'f.u.-t.u.-''', 'note de musique', 5, 'ideas', '2008-05-09'),
(1737, 'n.o.-i.i.-s.y.-''', '(à venir)', 5, 'ideas', '2008-05-09'),
(1738, 's.o.-o.o.-''', '(à venir)', 5, 'ideas', '2008-05-09'),
(1739, 'd.e.-d.i.-wa.e.-''', 'sports de tir / de visée', 5, 'ideas', '2008-05-09'),
(1740, 'n.wo.-', 'exercice spirituel', 3, 'relations', '2008-05-09'),
(1741, 'e.e.-s.o.-s.y.-''', 'ergonomie', 5, 'ideas', '2008-05-09'),
(1742, 'm.o.-a.a.-''', '(à venir)', 5, 'ideas', '2008-05-09'),
(1743, 'u.o.-', 'synthétiser', 3, 'relations', '2008-05-09'),
(1744, 'a.a.-n.o.-''', 'vie personelle', 5, 'ideas', '2008-05-09'),
(1745, 'we.d.-', 'adopter un système de mesure', 3, 'relations', '2008-05-09'),
(1746, 'a.o.-we.h.-', 'gouverner', 5, 'ideas', '2008-05-09'),
(1747, 'd.i.-k.i.-t.u.-''', 'monétaire', 5, 'ideas', '2008-05-09'),
(1748, 'f.o.-i.i.-s.y.-''', '(à venir)', 5, 'ideas', '2008-05-09'),
(1749, 'f.i.-l.i.-t.u.-''', 'soutenu', 5, 'ideas', '2008-05-09'),
(1750, 's.a.-n.a.-f.o.-''', 'précurseur', 5, 'ideas', '2008-05-09'),
(1751, 'f.a.-b.a.-f.o.-''', 'musicien', 5, 'ideas', '2008-05-09'),
(1752, 'b.u.-d.u.-d.u.-''', 'partiel', 5, 'ideas', '2008-05-09'),
(1753, 'k.o.-m.o.-''', 'amitié', 5, 'ideas', '2008-05-09'),
(1754, 'a.a.-b.o.-''', 'manière de penser', 5, 'ideas', '2008-05-09'),
(1755, 'm.o.-t.o.-s.u.-''', 'loyal', 5, 'ideas', '2008-05-09'),
(1756, 'u.a.-', 'décider', 3, 'relations', '2008-05-09'),
(1757, 'a.a.-b.o.-s.y.-''', 'psychologie sociale', 5, 'ideas', '2008-05-09'),
(1758, 'd.a.-s.a.-f.o.-''', 'étudiant', 5, 'ideas', '2008-05-09'),
(1759, 'l.i.-n.i.-''', 'outil coupant / perçant', 5, 'ideas', '2008-05-09'),
(1760, 'b.o.-x.x.-s.y.-''', '(à venir)', 5, 'ideas', '2008-05-09'),
(1761, 'k.y.-', 'intelligence relationnelle', 3, 'relations', '2008-05-09'),
(1762, 't.o.-x.x.-''', '(à venir)', 5, 'ideas', '2008-05-09'),
(1763, 'i.i.-s.o.-s.y.-''', 'théorie scientifique de la nature', 5, 'ideas', '2008-05-09'),
(1764, 's.u.-f.u.-''', 'perception', 5, 'ideas', '2008-05-09'),
(1765, 'm.i.-d.i.-''', 'cible', 5, 'ideas', '2008-05-09'),
(1766, 'd.o.-i.i.-''', '(à venir)', 5, 'ideas', '2008-05-09'),
(1767, 'o.o.-f.o.-s.y.-''', 'gestion des ressources humaines', 5, 'ideas', '2008-05-09'),
(1768, 'b.o.-g.g.-''', '(à venir)', 5, 'ideas', '2008-05-09'),
(1769, 's.o.-y.y.-s.y.-''', '(à venir)', 5, 'ideas', '2008-05-09'),
(1770, 'm.o.-e.e.-s.y.-''', '(à venir)', 5, 'ideas', '2008-05-09'),
(1771, 'y.p.-', 'examiner les sujets possibles', 3, 'relations', '2008-05-09'),
(1772, 'x.x.-t.o.-s.y.-''', 'archéologie / histoire matérielle', 5, 'ideas', '2008-05-09'),
(1773, 'm.a.-', 'parent', 3, 'relations', '2008-05-09'),
(1774, 'h.h.-t.o.-s.y.-''', 'histoire sacrée', 5, 'ideas', '2008-05-09'),
(1775, 'k.t.-', 'Eté', 3, 'relations', '2008-05-09'),
(1776, 'l.o.-g.g.-s.y.-''', '(à venir)', 5, 'ideas', '2008-05-09'),
(1777, 'wo.o.-', 'établir des principes', 3, 'relations', '2008-05-09'),
(1778, 'y.wo.-', 'profil intellectuel', 3, 'relations', '2008-05-09'),
(1779, 'n.a.-', 'juge', 3, 'relations', '2008-05-09'),
(1780, 'b.u.-s.u.-d.u.-''', 'semblable / même', 5, 'ideas', '2008-05-09'),
(1781, 'm.o.-l.o.-''', 'générosité', 5, 'ideas', '2008-05-09'),
(1782, 'b.i.-b.i.-t.u.-''', 'ubiquitaire', 5, 'ideas', '2008-05-09'),
(1783, 'f.o.-i.i.-''', '(à venir)', 5, 'ideas', '2008-05-09'),
(1784, 't.o.-p.p.-''', '(à venir)', 5, 'ideas', '2008-05-09'),
(1785, 'x.x.-f.o.-''', 'biomolécule active', 5, 'ideas', '2008-05-09'),
(1786, 'l.a.-l.a.-''', 'guerre', 5, 'ideas', '2008-05-09'),
(1787, 'e.p.-', 'être à la hauteur d''un sujet', 3, 'relations', '2008-05-09'),
(1788, 'k.o.-f.o.-s.u.-''', 'collaboratif', 5, 'ideas', '2008-05-09'),
(1789, 'k.i.-d.i.-t.u.-''', 'prix', 5, 'ideas', '2008-05-09'),
(1790, 'n.u.-k.u.-d.u.-''', 'excellent', 5, 'ideas', '2008-05-09'),
(1791, 'f.o.-e.e.-s.y.-''', '(à venir)', 5, 'ideas', '2008-05-09'),
(1792, 'n.c.-', 'évolution politique', 3, 'relations', '2008-05-09'),
(1793, 'wa.n.-', 'cultiver sa motivation', 3, 'relations', '2008-05-09'),
(1794, 'i.a.-we.h.-', 'entretenir l''infrastructure', 5, 'ideas', '2008-05-09'),
(1795, 'h.c.-', 'établissement d''une convention', 3, 'relations', '2008-05-09'),
(1796, 'wo.l.-', 'faire de l''espace', 3, 'relations', '2008-05-09'),
(1797, 's.o.-l.o.-''', 'proportion', 5, 'ideas', '2008-05-09'),
(1798, 'k.a.-k.a.-''', 'cité / unité politique', 5, 'ideas', '2008-05-09'),
(1799, 'm.e.-d.a.-wa.e.-''', 'chercher la vérité', 5, 'ideas', '2008-05-09'),
(1800, 'i.i.-m.o.-s.y.-''', 'médecine', 5, 'ideas', '2008-05-09'),
(1801, 'a.e.-we.h.-', 'cultiver le développement humain', 5, 'ideas', '2008-05-09'),
(1802, 'j.j.-t.o.-s.y.-''', 'histoire de la conscience', 5, 'ideas', '2008-05-09'),
(1803, 'x.wa.-', 'nouveau véhicule', 3, 'relations', '2008-05-09'),
(1804, 'o.o.-b.o.-''', 'représentation collective', 5, 'ideas', '2008-05-09'),
(1805, 'f.o.-f.o.-s.u.-''', 'vivant', 5, 'ideas', '2008-05-09'),
(1806, 'f.a.-k.a.-''', 'accueil / hospitalité', 5, 'ideas', '2008-05-09'),
(1807, 'i.i.-n.o.-s.y.-''', 'chimie', 5, 'ideas', '2008-05-09'),
(1808, 'k.e.-k.a.-''', 'performance', 5, 'ideas', '2008-05-09'),
(1809, 'd.u.-s.u.-''', 'carte', 5, 'ideas', '2008-05-09'),
(1810, 'l.u.-s.u.-''', 'moule', 5, 'ideas', '2008-05-09'),
(1811, 'j.j.-d.o.-''', 'fonction cognitive', 5, 'ideas', '2008-05-09'),
(1812, 'b.i.-f.i.-t.u.-''', 'distribué', 5, 'ideas', '2008-05-09'),
(1813, 'j.c.-', 'mutation politique', 3, 'relations', '2008-05-09'),
(1814, 'd.o.-u.u.-s.y.-''', '(à venir)', 5, 'ideas', '2008-05-09'),
(1815, 'f.o.-t.o.-''', 'croissance', 5, 'ideas', '2008-05-09'),
(1816, 'n.a.-k.a.-''', 'réforme', 5, 'ideas', '2008-05-09'),
(1817, 's.o.-t.o.-''', 'création', 5, 'ideas', '2008-05-09'),
(1818, 'l.k.-', 'limite', 3, 'relations', '2008-05-09'),
(1819, 'd.u.-d.u.-d.u.-''', 'saillant', 5, 'ideas', '2008-05-09'),
(1820, 'x.x.-d.o.-''', 'preuves ', 5, 'ideas', '2008-05-09'),
(1821, 'm.u.-b.u.-''', 'sortilège', 5, 'ideas', '2008-05-09'),
(1822, 'wa.o.-', 's''en tenir aux principes', 3, 'relations', '2008-05-09'),
(1823, 'f.e.-k.i.-wa.e.-''', 'savoir-faire commercial', 5, 'ideas', '2008-05-09'),
(1824, 'd.wo.-', 'contrainte intellectuelle', 3, 'relations', '2008-05-09'),
(1825, 'm.u.-f.u.-''', 'plaisir', 5, 'ideas', '2008-05-09'),
(1826, 'wu.g.-', 're-évaluer la documentation', 3, 'relations', '2008-05-09'),
(1827, 'n.a.-d.a.-''', 'achat', 5, 'ideas', '2008-05-09'),
(1828, 'm.o.-m.o.-s.u.-''', 'amoureux', 5, 'ideas', '2008-05-09'),
(1829, 'b.o.-y.y.-s.y.-''', '(à venir)', 5, 'ideas', '2008-05-09'),
(1830, 't.u.-k.u.-d.u.-''', 'scriptural', 5, 'ideas', '2008-05-09'),
(1831, 'l.u.-m.u.-''', 'habitude', 5, 'ideas', '2008-05-09'),
(1832, 'k.o.-a.a.-s.y.-''', '(à venir)', 5, 'ideas', '2008-05-09'),
(1833, 'p.m.-', 'mépris', 3, 'relations', '2008-05-09'),
(1834, 'g.a.-', 'rôle / fonction sociale', 3, 'relations', '2008-05-09'),
(1835, 'wu.k.-', 'sensibilité aux rapports humains', 3, 'relations', '2008-05-09'),
(1836, 'l.u.-b.u.-''', 'transcription', 5, 'ideas', '2008-05-09'),
(1837, 'm.e.-m.a.-''', 'réciprocité', 5, 'ideas', '2008-05-09'),
(1838, 'o.', 'vouloir', 2, 'events', '2008-05-09'),
(1839, 'c.wo.-', 'crise de conscience', 3, 'relations', '2008-05-09'),
(1840, 'b.u.-l.u.-d.u.-''', 'cité', 5, 'ideas', '2008-05-09'),
(1841, 'd.o.-b.o.-s.u.-''', 'décrit', 5, 'ideas', '2008-05-09'),
(1842, 'g.g.-', 'mutation du discours', 3, 'relations', '2008-05-09'),
(1843, 'b.i.-t.i.-''', 'médiathèque', 5, 'ideas', '2008-05-09'),
(1844, 't.e.-s.u.-wa.e.-''', 'création d''image', 5, 'ideas', '2008-05-09'),
(1845, 'l.g.-', 'propriété intellectuelle', 3, 'relations', '2008-05-09'),
(1846, 'c.o.-', 'pulsion', 3, 'relations', '2008-05-09'),
(1847, 'e.a.-', 'offrir', 3, 'relations', '2008-05-09'),
(1848, 'k.e.-', 'maîtrise de soi', 3, 'relations', '2008-05-09'),
(1849, 'e.e.-m.o.-s.y.-''', 'orientation professionnelle', 5, 'ideas', '2008-05-09'),
(1850, 'x.o.-', 'jouissance', 3, 'relations', '2008-05-09'),
(1851, 's.p.-', 'projet économique', 3, 'relations', '2008-05-09'),
(1852, 'we.wu.-', 'faire l''amour', 3, 'relations', '2008-05-09'),
(1853, 'o.o.-k.o.-s.y.-''', 'sciences politiques', 5, 'ideas', '2008-05-09'),
(1854, 'm.o.-d.o.-s.u.-''', 'sincère', 5, 'ideas', '2008-05-09'),
(1855, 'y.y.-b.o.-''', 'communication scientifique', 5, 'ideas', '2008-05-09'),
(1856, 'k.o.-a.a.-''', '(à venir)', 5, 'ideas', '2008-05-09'),
(1857, 'f.a.-l.a.-''', 'désastre', 5, 'ideas', '2008-05-09'),
(1858, 'd.i.-b.i.-''', 'ordinateur', 5, 'ideas', '2008-05-09'),
(1859, 'f.o.-u.u.-s.y.-''', '(à venir)', 5, 'ideas', '2008-05-09'),
(1860, 't.u.-s.u.-d.u.-''', 'imprimé / gravé', 5, 'ideas', '2008-05-09'),
(1861, 's.o.-n.o.-s.u.-''', 'médité', 5, 'ideas', '2008-05-09'),
(1862, 'p.p.-', 'mutation des forces en présence', 3, 'relations', '2008-05-09'),
(1863, 'k.s.-', 'Sud', 3, 'relations', '2008-05-09'),
(1864, 'l.i.-l.i.-t.u.-''', 'en réseau', 5, 'ideas', '2008-05-09'),
(1865, 'g.b.-', 'bruit / erreur de transmission', 3, 'relations', '2008-05-09'),
(1866, 'o.d.-', 'être irresponsable', 3, 'relations', '2008-05-09'),
(1867, 'T.', 'chose', 1, 'elements', '2008-05-09'),
(1868, 'm.a.-m.a.-''', 'famille', 5, 'ideas', '2008-05-09'),
(1869, 'm.o.-s.o.-s.u.-''', 'intéressant', 5, 'ideas', '2008-05-09'),
(1870, 't.o.-d.o.-s.u.-''', 'pertinent', 5, 'ideas', '2008-05-09'),
(1871, 'k.e.-s.a.-wa.e.-''', 'se comprendre soi-même', 5, 'ideas', '2008-05-09'),
(1872, 'wo.we.-', 'boire / manger', 3, 'relations', '2008-05-09'),
(1873, 'f.e.-d.i.-wa.e.-''', 'contrôler / mesurer', 5, 'ideas', '2008-05-09'),
(1874, 'l.a.-s.a.-''', 'management', 5, 'ideas', '2008-05-09'),
(1875, 'a.h.-', 'défendre une interprétation', 3, 'relations', '2008-05-09'),
(1876, 'b.u.-d.u.-''', 'métonymie / partie', 5, 'ideas', '2008-05-09'),
(1877, 'k.a.-', 'chef', 3, 'relations', '2008-05-09'),
(1878, 'n.i.-n.i.-''', 'énergie', 5, 'ideas', '2008-05-09'),
(1879, 't.a.-k.a.-''', 'fonction publique', 5, 'ideas', '2008-05-09'),
(1880, 'b.k.-', 'froid', 3, 'relations', '2008-05-09'),
(1881, 'wu.m.-', 'exprimer ses émotions', 3, 'relations', '2008-05-09'),
(1882, 'u.y.-', 'expliciter', 3, 'relations', '2008-05-09'),
(1883, 'y.y.-d.o.-s.y.-''', 'pensée réflexive', 5, 'ideas', '2008-05-09'),
(1884, 'a.a.-t.o.-s.y.-''', 'généalogie', 5, 'ideas', '2008-05-09'),
(1885, 's.u.-k.u.-''', 'icône', 5, 'ideas', '2008-05-09'),
(1886, 'f.a.-', 'guérisseur', 3, 'relations', '2008-05-09'),
(1887, 'x.b.-', 'isolement', 3, 'relations', '2008-05-09'),
(1888, 'k.o.-t.o.-s.u.-''', 'passé', 5, 'ideas', '2008-05-09'),
(1889, 'n.i.-m.i.-t.u.-''', 'valeur ajoutée', 5, 'ideas', '2008-05-09'),
(1890, 'we.wo.-', 's''habituer', 3, 'relations', '2008-05-09'),
(1891, 's.m.-', 'étonnement', 3, 'relations', '2008-05-09'),
(1892, 'i.i.-n.o.-''', 'phénomène chimique', 5, 'ideas', '2008-05-09'),
(1893, 'b.a.-t.a.-f.o.-''', 'comptable', 5, 'ideas', '2008-05-09'),
(1894, 'j.j.-t.o.-''', 'forme de conscience', 5, 'ideas', '2008-05-09'),
(1895, 'j.d.-', 'impropriété lexicale', 3, 'relations', '2008-05-09'),
(1896, 's.u.-d.u.-''', 'légende', 5, 'ideas', '2008-05-09'),
(1897, 'o.o.-n.o.-s.y.-''', 'sciences juridiques', 5, 'ideas', '2008-05-09'),
(1898, 'l.j.-', 'influence', 3, 'relations', '2008-05-09'),
(1899, 'n.i.-l.i.-t.u.-''', 'collé / joint', 5, 'ideas', '2008-05-09'),
(1900, 'we.l.-', 'étendre sa capacité de travail', 3, 'relations', '2008-05-09'),
(1901, 'f.a.-f.a.-f.o.-''', 'cultivateur / éleveur', 5, 'ideas', '2008-05-09'),
(1902, 'm.o.-b.o.-s.u.-''', 'exprimé', 5, 'ideas', '2008-05-09'),
(1903, 'd.i.-m.i.-t.u.-''', 'primé / décoré', 5, 'ideas', '2008-05-09'),
(1904, 't.b.-', 'sel', 3, 'relations', '2008-05-09'),
(1905, 'f.i.-d.i.-t.u.-''', 'capté', 5, 'ideas', '2008-05-09'),
(1906, 'd.a.-t.a.-''', 'épargne', 5, 'ideas', '2008-05-09'),
(1907, 'p.p.-d.o.-''', 'opacité', 5, 'ideas', '2008-05-09'),
(1908, 's.i.-d.i.-''', 'émetteur', 5, 'ideas', '2008-05-09'),
(1909, 'y.i.-', 'innover', 3, 'relations', '2008-05-09'),
(1910, 's.i.-n.i.-''', 'dispositif de réfrigération', 5, 'ideas', '2008-05-09'),
(1911, 'f.e.-l.i.-''', 'activité de bâtiment / travaux publics', 5, 'ideas', '2008-05-09'),
(1912, 'y.y.-k.o.-s.y.-''', 'sociologie arts / sciences', 5, 'ideas', '2008-05-09'),
(1913, 'l.o.-f.o.-''', 'habitation', 5, 'ideas', '2008-05-09'),
(1914, 'f.a.-t.a.-''', 'assurance', 5, 'ideas', '2008-05-09'),
(1915, 'l.o.-d.o.-s.u.-''', 'orienté', 5, 'ideas', '2008-05-09'),
(1916, 't.o.-e.e.-''', '(à venir)', 5, 'ideas', '2008-05-09'),
(1917, 'd.u.-b.u.-d.u.-''', 'conseillé', 5, 'ideas', '2008-05-09'),
(1918, 'm.o.-y.y.-''', '(à venir)', 5, 'ideas', '2008-05-09'),
(1919, 'e.wu.-', 'surveiller', 3, 'relations', '2008-05-09'),
(1920, 'y.b.-', 'ne pas savoir abstraire', 3, 'relations', '2008-05-09'),
(1921, 'm.u.-n.u.-''', 'sujet', 5, 'ideas', '2008-05-09'),
(1922, 'm.e.-', 'capacité de négocier', 3, 'relations', '2008-05-09'),
(1923, 'o.i.-', 'choisir', 3, 'relations', '2008-05-09'),
(1924, 'a.j.-', 'assumer son style', 3, 'relations', '2008-05-09'),
(1925, 'b.', 'langage', 2, 'events', '2008-05-09'),
(1926, 'p.p.-b.o.-s.y.-''', 'pragmatique / rhetorique', 5, 'ideas', '2008-05-09'),
(1927, 'i.i.-b.o.-s.y.-''', 'imagerie scientifique', 5, 'ideas', '2008-05-09'),
(1928, 'g.g.-b.o.-s.y.-''', 'étude du symbolisme', 5, 'ideas', '2008-05-09'),
(1929, 'p.g.-', 'serment', 3, 'relations', '2008-05-09'),
(1930, 'n.o.-b.o.-s.u.-''', 'stylé', 5, 'ideas', '2008-05-09'),
(1931, 'n.', 'monde', 2, 'events', '2008-05-09'),
(1932, 's.o.-h.h.-s.y.-''', '(à venir)', 5, 'ideas', '2008-05-09'),
(1933, 'o.o.-', 'viser un objectif', 3, 'relations', '2008-05-09'),
(1934, 'n.i.-l.i.-''', 'colle / joint', 5, 'ideas', '2008-05-09'),
(1935, 'n.a.-f.a.-f.o.-''', 'médecin', 5, 'ideas', '2008-05-09'),
(1936, 't.e.-m.u.-''', 'représentation dramatique', 5, 'ideas', '2008-05-09'),
(1937, 'n.a.-f.a.-''', 'maladie', 5, 'ideas', '2008-05-09'),
(1938, 'l.u.-n.u.-''', 'occurence / événement', 5, 'ideas', '2008-05-09'),
(1939, 'y.u.-', 'expliquer', 3, 'relations', '2008-05-09'),
(1940, 'f.p.-', 'relation commerciale', 3, 'relations', '2008-05-09'),
(1941, 'd.a.-d.a.-''', 'invention', 5, 'ideas', '2008-05-09'),
(1942, 'm.a.-b.a.-f.o.-''', 'joueur', 5, 'ideas', '2008-05-09'),
(1943, 'm.f.-', 'croisement', 3, 'relations', '2008-05-09'),
(1944, 'c.c.-k.o.-''', 'relations urbaines', 5, 'ideas', '2008-05-09'),
(1945, 'a.u.-we.h.-', 'ouvrir l''espace public', 5, 'ideas', '2008-05-09'),
(1946, 'g.', 'mutation documentaire', 2, 'events', '2008-05-09'),
(1947, 'm.k.-', 'dévouement', 3, 'relations', '2008-05-09'),
(1948, 'd.o.-e.e.-s.y.-''', '(à venir)', 5, 'ideas', '2008-05-09'),
(1949, 'l.o.-g.g.-''', '(à venir)', 5, 'ideas', '2008-05-09'),
(1950, 'y.y.-t.o.-''', 'discipline artistique / sci.', 5, 'ideas', '2008-05-09'),
(1951, 'h.a.-', 'prise de parti', 3, 'relations', '2008-05-09'),
(1952, 'e.e.-', 'exercer une compétence', 3, 'relations', '2008-05-09');

-- --------------------------------------------------------

--
-- Structure de la table `ieml_onto_flux`
--

CREATE TABLE `ieml_onto_flux` (
  `onto_flux_id` int(11) NOT NULL auto_increment,
  `onto_flux_code` varchar(225) NOT NULL,
  `onto_flux_desc` varchar(255) NOT NULL,
  `onto_flux_niveau` int(11) NOT NULL,
  `onto_flux_parents` char(255) NOT NULL,
  PRIMARY KEY  (`onto_flux_id`)
) ENGINE=InnoDB  DEFAULT CHARSET=latin1 AUTO_INCREMENT=39 ;

--
-- Contenu de la table `ieml_onto_flux`
--

INSERT INTO `ieml_onto_flux` (`onto_flux_id`, `onto_flux_code`, `onto_flux_desc`, `onto_flux_niveau`, `onto_flux_parents`) VALUES
(1, 'acceleo', 'tag ', 1, ''),
(2, 'delete', 'tag ', 1, ''),
(3, 'demo', 'tag ', 1, ''),
(4, 'ieml', 'tag ', 1, 'semantique;'),
(5, 'information', 'tag ', 1, ''),
(6, 'mail', 'tag ', 1, ''),
(7, 'manuel', 'tag ', 1, ''),
(8, 'network', 'tag ', 1, ''),
(9, 'ontologie', 'tag ', 1, 'semantique;programmation;'),
(10, 'system', 'tag ', 1, ''),
(11, 'utilisation', 'tag ', 1, ''),
(12, 'visualisation', 'tag ', 1, ''),
(13, 'xul', 'tag ', 1, 'programmation;'),
(14, 'semantique', 'bundels ', 0, ''),
(15, 'programmation', 'bundels ', 0, ''),
(16, '-projet', 'tag ', 1, 'planifications;'),
(17, 'MS-Projet', 'tag ', 1, 'planifications;'),
(18, 'Tv-algerienne', 'tag ', 1, ''),
(19, 'arabe-tv', 'tag ', 1, ''),
(20, 'budgetisation-planification', 'tag ', 1, 'planifications;'),
(21, 'c', 'tag ', 1, ''),
(22, 'cakephp', 'tag ', 1, ''),
(23, 'cuisine', 'tag ', 1, ''),
(24, 'etapes_plnification', 'tag ', 1, 'planifications;'),
(25, 'filme', 'tag ', 1, 'cinema;'),
(26, 'kamel', 'tag ', 1, 'musique;'),
(27, 'manuele-cakephp', 'tag ', 1, ''),
(28, 'musique-chaabi', 'tag ', 1, 'musique;'),
(29, 'pdf', 'tag ', 1, ''),
(30, 'php', 'tag ', 1, ''),
(31, 'planification', 'tag ', 1, 'planifications;'),
(32, 'planification-suivi-projet', 'tag ', 1, 'planifications;'),
(33, 'svg', 'tag ', 1, ''),
(34, 'timeline', 'tag ', 1, ''),
(35, 'planifications', 'bundels ', 0, ''),
(36, 'musique', 'bundels ', 0, ''),
(37, 'cinema', 'bundels ', 0, ''),
(38, 'article', 'tag ', 1, '');

-- --------------------------------------------------------

--
-- Structure de la table `ieml_trad`
--

CREATE TABLE `ieml_trad` (
  `ieml_id` int(11) NOT NULL,
  `onto_flux_id` int(11) NOT NULL,
  `trad_date` date NOT NULL,
  PRIMARY KEY  (`ieml_id`,`onto_flux_id`)
) ENGINE=InnoDB DEFAULT CHARSET=latin1;

--
-- Contenu de la table `ieml_trad`
--

INSERT INTO `ieml_trad` (`ieml_id`, `onto_flux_id`, `trad_date`) VALUES
(56, 25, '2008-05-09'),
(1582, 5, '2008-05-09'),
(1938, 12, '2008-05-09');

-- --------------------------------------------------------

--
-- Structure de la table `ieml_uti`
--

CREATE TABLE `ieml_uti` (
  `uti_id` int(11) NOT NULL auto_increment,
  `uti_login` varchar(225) NOT NULL,
  `maj` varchar(225) NOT NULL,
  PRIMARY KEY  (`uti_id`)
) ENGINE=InnoDB  DEFAULT CHARSET=latin1 AUTO_INCREMENT=3 ;

--
-- Contenu de la table `ieml_uti`
--

INSERT INTO `ieml_uti` (`uti_id`, `uti_login`, `maj`) VALUES
(1, 'amelmaster', '2008-05-07 18:25:12'),
(2, 'menerville', '2008-05-09 17:23:14');

-- --------------------------------------------------------

--
-- Structure de la table `ieml_uti_onto`
--

CREATE TABLE `ieml_uti_onto` (
  `uti_id` int(11) NOT NULL,
  `ieml_id` int(11) NOT NULL,
  PRIMARY KEY  (`uti_id`,`ieml_id`)
) ENGINE=InnoDB DEFAULT CHARSET=latin1;

--
-- Contenu de la table `ieml_uti_onto`
--

INSERT INTO `ieml_uti_onto` (`uti_id`, `ieml_id`) VALUES
(1, 0),
(1, 332),
(1, 359),
(1, 471),
(1, 727),
(1, 996),
(1, 1104),
(1, 1582),
(1, 1636),
(2, 56);

-- --------------------------------------------------------

--
-- Structure de la table `ieml_uti_onto_flux`
--

CREATE TABLE `ieml_uti_onto_flux` (
  `uti_id` int(11) NOT NULL,
  `onto_flux_id` int(11) NOT NULL,
  PRIMARY KEY  (`uti_id`,`onto_flux_id`)
) ENGINE=InnoDB DEFAULT CHARSET=latin1;

--
-- Contenu de la table `ieml_uti_onto_flux`
--

INSERT INTO `ieml_uti_onto_flux` (`uti_id`, `onto_flux_id`) VALUES
(1, 1),
(1, 2),
(1, 3),
(1, 4),
(1, 5),
(1, 6),
(1, 7),
(1, 8),
(1, 9),
(1, 10),
(1, 11),
(1, 12),
(1, 13),
(1, 14),
(1, 15),
(1, 38),
(2, 16),
(2, 17),
(2, 18),
(2, 19),
(2, 20),
(2, 21),
(2, 22),
(2, 23),
(2, 24),
(2, 25),
(2, 26),
(2, 27),
(2, 28),
(2, 29),
(2, 30),
(2, 31),
(2, 32),
(2, 33),
(2, 34),
(2, 35),
(2, 36),
(2, 37);

-- --------------------------------------------------------

--
-- Structure de la table `onto`
--

CREATE TABLE `onto` (
  `ieml_id` int(11) NOT NULL auto_increment,
  `ieml_code` varchar(1000) character set utf8 collate utf8_bin NOT NULL,
  `ieml_lib` varchar(255) NOT NULL,
  `ieml_niveau` int(11) NOT NULL,
  `ieml_parent` text NOT NULL,
  `ieml_date` date NOT NULL,
  PRIMARY KEY  (`ieml_id`)
) ENGINE=InnoDB  DEFAULT CHARSET=latin1 COMMENT='Cette table est utilisée pour stocker l’ontologie IEML.' AUTO_INCREMENT=198 ;

--
-- Contenu de la table `onto`
--

INSERT INTO `onto` (`ieml_id`, `ieml_code`, `ieml_lib`, `ieml_niveau`, `ieml_parent`, `ieml_date`) VALUES
(1, 'e.a.-', 's’entr’aider', 1, 'ieml_10eF', '0000-00-00'),
(2, 'a.a.-', 'offrir', 2, 'uwe', '0000-00-00'),
(3, 'a.', 'demande', 2, 'uwe', '0000-00-00'),
(4, 'e.i.-', 'contracter', 2, 'uwe', '0000-00-00'),
(5, 'y.e.-', ' faire', 3, 'ea  ae  aa', '0000-00-00'),
(6, 'a.y.-', ' s’engager dans', 3, 'ea  ae  aa', '0000-00-00'),
(7, 'w.e.-b.', ' prêter', 3, 'ea  ae  aa', '0000-00-00'),
(8, 'w.a.-k.', ' emprunter', 3, 'ea  ae  aa', '0000-00-00'),
(9, 'w.u.-k.', ' produire, construire', 3, 'ea  ae  aa', '0000-00-00'),
(10, 'w.o.-w.u.-''', ' enseigner', 3, 'ea  ae  aa', '0000-00-00'),
(11, 'w.a.-w.u.-''', ' apprendre', 3, 'ea  ae  aa', '0000-00-00'),
(12, 'o.w.-a.', ' chercher', 3, 'ea  ae  aa', '0000-00-00'),
(13, 'o.w.-e.', ' conseiller', 3, 'ea  ae  aa', '0000-00-00'),
(14, 'a.w.-a.', ' cultiver système d’information', 3, 'ea  ae  aa', '0000-00-00'),
(15, 'i.w.-e.', ' semer graine chgt social', 3, 'ea  ae  aa', '0000-00-00'),
(16, 'u.a.-w.e.-''h.''', ' agir social, communautaire', 3, 'ea  ae  aa', '0000-00-00'),
(17, 'y.o.-w.e.-''h.''', ' accompagner', 3, 'ea  ae  aa', '0000-00-00'),
(18, 'e.e.-w.e.-''h.''', ' être sensible aux rapports humains', 3, 'ea  ae  aa', '0000-00-00'),
(19, 'p.k.-''l.o.-''e.a.-e.', ' constituer liens sociaux', 3, 'ea  ae  aa', '0000-00-00'),
(20, 'o.f.-o.e.-''w.e.-h.', ' jouer', 3, 'ea  ae  aa', '0000-00-00'),
(21, 'g.t.-u.t.-''', ' découvrir, visiter', 3, 'ea  ae  aa', '0000-00-00'),
(22, 'o.f.-''k.a.-''t.a.-''', ' faire la fête, célébrer', 3, 'ea  ae  aa', '0000-00-00'),
(23, 'p.s.- d.i.-''k.i.-', ' agir dans le cadre du droit de propriété intellectuelle', 3, 'ea  ae  aa', '0000-00-00'),
(24, 's.y-', ' agir dans le cadre du droit du droit administratif ou commercial', 3, 'ea  ae  aa', '0000-00-00'),
(25, 'f.o.-', ' agir dans le cadre du droit pénal', 3, 'ea  ae  aa', '0000-00-00'),
(26, 'n.a.-m.a.-''f.o.-''', ' agir dans le cadre du droit de la famille', 3, 'ea  ae  aa', '0000-00-00'),
(27, 'd.a.-m.a.-''f.o.-''', ' contrôler la reproduction', 3, 'ea  ae  aa', '0000-00-00'),
(28, 'm.a.-m.a.-''f.o.-''', ' créer une entreprise', 3, 'ea  ae  aa', '0000-00-00'),
(29, 'd.a.-m.a.-''f.o.-'' w.a.-w.a-''y.o.-w.e.-''h.', ' mener une action politique ou communautaire', 3, 'ea  ae  aa', '0000-00-00'),
(30, 't.a.-m.a.-''f.o.-''', ' équiper un ménage', 3, 'ea  ae  aa', '0000-00-00'),
(31, 'n.o.-n.o.-''f.o.-''', ' équiper une activité économique, une entreprise', 3, 'e.a.-a.e.-''a.a.-', '0000-00-00'),
(32, 'f.s.-n.f.-''f.o.-''', ' cultiver mémoire collective', 3, 'ea  ae  aa', '0000-00-00'),
(33, 'd.a.-m.a.-''f.o.-''', ' éduquer, aide à la parentalité', 3, 'ea  ae  aa', '0000-00-00'),
(34, 'k.a.-m.a.-''f.o.-''', ' définir, poser problème', 3, 'ea  ae  aa', '0000-00-00'),
(35, 'l.a.-m.a.-''f.o.-''', ' proposer des solutions', 3, 'ea  ae  aa', '0000-00-00'),
(36, 'd.o.-e.e.-''o.o.-', ' résoudre problèmes', 3, 'ea  ae  aa', '0000-00-00'),
(37, 'd.o.-e.e.-''y.y.-', ' transférer des connaissances dans la pratique', 3, 'ea  ae  aa', '0000-00-00'),
(38, 'd.o.-e.e.-''w.u.-''w.e.-', 'Recherche d''emploi', 4, 'yoweh yeweh eeweh', '0000-00-00'),
(39, 'm.a.-b.a.-''', 'Désocialisation', 4, 'yoweh yeweh eeweh', '0000-00-00'),
(40, 'w.a.-k.', 'Difficultés éducatives', 4, 'yoweh yeweh eeweh', '0000-00-00'),
(41, 'f.w.-a.', 'Problèmes de logement', 4, 'yoweh yeweh eeweh', '0000-00-00'),
(42, 'm.a.-f.a.-''l.a.-d.a.-''f.o.', 'Surendettement', 4, 'yoweh yeweh eeweh', '0000-00-00'),
(43, 'm.a.-f.a.-''k.e-.f.a.-w.a.-''.e.', 'Maladie / handicap', 4, 'yoweh yeweh eeweh', '0000-00-00'),
(44, 'l.o.-n.o.-''', 'Problèmes administratifs', 4, 'yoweh yeweh eeweh', '0000-00-00'),
(45, 'k.i.-m.i.-''t.u.-', 'Problèmes légaux', 4, 'yoweh yeweh eeweh', '0000-00-00'),
(46, 'b.a.-t.a.-''f.o.-''', 'Difficultés financières', 4, 'yoweh yeweh eeweh', '0000-00-00'),
(47, 'f.a.-k.a.-''w.a.-''w.o.-', 'Isolement', 4, 'yoweh yeweh eeweh', '0000-00-00'),
(48, 'f.e.-l.i.-''', 'les savoirs', 2, '77', '2008-01-12'),
(49, 'k.a.-t.a.-''', 'les savoir-faire et compétences', 2, '77', '0000-00-00'),
(50, 'm.a.-f.a.-''e.e.-l.o.-s.y.-''', 'Les acteurs', 1, 'ieml_10eF', '0000-00-00'),
(51, 'f.s.- .w.-''o.w.-''e.', 'Le public', 2, 'fo', '0000-00-00'),
(52, 'f.a.-t.a.-''', ' Adultes', 3, '(MED-R-fo)-I-I', '0000-00-00'),
(53, 't.e.-f.u.-''w.a.-e.', ' Demandeurs d''emploi', 3, '(MED-R-fo)-I-I', '0000-00-00'),
(54, 's.y.-', ' Enfants', 3, '(MED-R-fo)-I-I', '0000-00-00'),
(55, 'f.a.-f.a.-''f.o.-', ' Étrangers', 3, '(MED-R-fo)-I-I', '0000-00-00'),
(56, 'b.e.-f.u.-''w.a.-e.', ' Familles', 3, '(MED-R-fo)-I-I', '0000-00-00'),
(57, 'b.e.-s.u.-''a.s.-''i.e.-"', ' Femmes', 3, '(MED-R-fo)-I-I', '0000-00-00'),
(58, 'b.e.-s.u.-'' i.n.-d.', ' Jeunes en difficulté', 3, '(MED-R-fo)-I-I', '0000-00-00'),
(59, 'b.e.-s.u.-'' .s.p.-', ' Milieu carcéral', 3, '(MED-R-fo)-I-I', '0000-00-00'),
(60, 'b.e.-s.u.-'' .u.s.-a.', ' Personnes âgées', 3, '(MED-R-fo)-I-I', '0000-00-00'),
(61, 'w.u.-w.u.-'' .x.x.-''t.o.-', ' Personnes handicapées', 3, '(MED-R-fo)-I-I', '0000-00-00'),
(62, 'g.g.-f.o.-''s.y.-', ' Précaires', 3, '(MED-R-fo)-I-I', '0000-00-00'),
(63, 'o.e.-w.e.-''h.d.-a.m.-a.f.-''.o', 'Tous', 3, '(MED-R-fo)-I-I', '0000-00-00'),
(64, 'y.e.- .n.-''a.s.-a.f.-''o.', 'animaux domestiques', 4, 'mamafo', '0000-00-00'),
(65, 'y.e.- .p.-''p.''k.o.-s.y-', 'mère', 4, 'mamafo', '0000-00-00'),
(66, 's.y.-', 'enfant', 4, 'mamafo', '0000-00-00'),
(67, 'f.a.-t.a.-''', 'père', 4, 'mamafo', '0000-00-00'),
(68, 's.e.-k.u.-''w.a.-e.', 'frère/sœur', 4, 'mamafo', '0000-00-00'),
(69, 'b.e.-s.u.-''u.s.-a', 'ancêtre', 4, 'mamafo', '0000-00-00'),
(70, 'y.e.- .i.-''i.l.-o.s.-''y.i.i.-n.o.-''s.y.-', 'ami', 4, 'mamafo', '0000-00-00'),
(71, 'y.e.- .d.-''o.n.-o', 'niveaux de compétence', 1, 'ieml_10eF', '0000-00-00'),
(72, 'y.e.- .e.-''e.b.-o.s.-''y.', 'Débutant', 2, '71', '0000-00-00'),
(73, 'y.e.- .i.-''i.k.-o', 'initié', 2, '71', '0000-00-00'),
(74, 'y.e.- a.a.-''s.o.-''s.y.-', 'expert', 2, '71', '0000-00-00'),
(75, 'd.d.-d.i.-''k.i.-m.a.-''m.a.', 'enseigner', 2, '71', '0000-00-00'),
(76, 'w.a.-u.s-''y.-', 'amateur', 2, '71', '0000-00-00'),
(77, 'w.a.-u.y.-''y.t.-o.s.-''y', 'Objet', 1, 'ieml_10eF', '2008-01-12'),
(82, 'w.a.-u.w.-''o.n.-', 'jeu', 3, '-1', '0000-00-00'),
(83, 'y.y.-t.o.-''s.y.-', 'accueil / hospitalité + dormir', 3, '-1', '0000-00-00'),
(84, 'u.a.-w.e.-''h', 'action sociale / communautaire', 3, '-1', '0000-00-00'),
(85, 'b.a.-s.a.-''', 'activité de bâtiment / travaux publics', 3, '-1', '0000-00-00'),
(86, 's.e.-k.u.-''w.a.-e.f.-u.t.-''u', 'activité physique', 3, '-1', '0000-00-00'),
(87, 'b.a.-b.a.-''d.a.-m.a.-''f.o.-', 'administration / bureau', 3, '-1', '0000-00-00'),
(88, 'w.a.-eM.-''M.M.-M.', 'aide + entrepreneur', 3, '-1', '0000-00-00'),
(89, 's.i.-m.i.-''t.u.-', 'aide + marché du travail', 3, '-1', '0000-00-00'),
(90, 'u.u.-f.o.-''', 'aide + prendre soin de soi-même', 3, '-1', '0000-00-00'),
(91, 'i.i.-l.o.-''s.y.-', 'animal + manger / boire', 3, '-1', '0000-00-00'),
(92, 'w.e.-y.', 'architecture', 4, 'yyto', '0000-00-00'),
(93, 'j.j.-l.o.-''s.y.-', 'assurance', 3, '-1', '0000-00-00'),
(95, 'o.o.-n.o.-''s.y.-', 'bourse', 3, '-1', '0000-00-00'),
(96, 'a.a.-s.o.-''s.y.-', 'composer de la musique', 4, 'uufo', '0000-00-00'),
(97, 'h.h.-s.o.-''s.y.-', 'comptable', 3, '-1', '0000-00-00'),
(98, 'k.a.-d.a.-''', 'connaissance organisée', 3, '-1', '0000-00-00'),
(99, 'y.y.-t.o.-''s.y.-', 'accueil / hospitalité + dormir', 3, '-1', '0000-00-00'),
(100, 'u.a.-w.e.-''h.', 'action sociale / communautaire', 3, '-1', '0000-00-00'),
(101, 'b.a.-s.a.-''', 'activité de bâtiment / travaux publics', 3, '-1', '0000-00-00'),
(102, 's.e.-k.u.-''w.a.-e.f.-''u.t.-u.', 'activité physique', 3, '-1', '0000-00-00'),
(103, 'b.a.-b.a.-'' d.a.-m.a.-f.o', 'administration / bureau', 3, '-1', '0000-00-00'),
(104, 'w.a.-e.M-''M.M.-M.', 'aide + entrepreneur', 3, '-1', '0000-00-00'),
(105, 's.i.-m.i.-''t.''u.''-''', 'aide + marché du travail', 3, '-1', '0000-00-00'),
(106, 'u.u.-f.o.-''', 'aide + prendre soin de soi-même', 3, '-1', '0000-00-00'),
(107, 'i.i.-l.o.-''s.y.-', 'animal + manger / boire', 3, '-1', '0000-00-00'),
(108, 'w.e.-y.', 'architecture', 4, 'yyto', '0000-00-00'),
(109, 'j.j.-l.o.-''s.y.-', 'assurance', 3, '-1', '0000-00-00'),
(111, 'o.o.-n.o.-''s.y.-', 'bourse', 3, '-1', '0000-00-00'),
(112, 'a.a.-s.o.-''s.y.-', 'composer de la musique', 4, 'uufo', '0000-00-00'),
(113, 'h.h.-s.o.-''s.y.-', 'comptable', 3, '-1', '0000-00-00'),
(114, 's.y.-', 'connaissance organisée', 3, '-1', '0000-00-00'),
(115, 't.e.-s.u.-''w.a.-e.', 'création d''images', 3, 'wae', '0000-00-00'),
(116, 'f.a.-f.a.-''f.o-', 'cultivateur / éleveur', 3, '-1', '0000-00-00'),
(117, 'b.e.-m.u.-''w.a.-e', 'culture des arts de la scène', 3, '-1', '0000-00-00'),
(118, 'b.e.-f.u.-''w.a-.e', 'culture musicale', 4, 'uufo', '0000-00-00'),
(119, 'b.e.-s.u-''', 'culture visuelle', 3, 'wae', '0000-00-00'),
(120, 'b.e.-s.u.-''a.s.-i.e-''', 'culture visuelle', 4, 'besu', '0000-00-00'),
(121, 'b.e.-s.u.-''f.r-', 'culture visuelle', 4, 'besu', '0000-00-00'),
(122, 'b.e.-s.u.-''i.n.-d', 'culture visuelle', 4, 'besu', '0000-00-00'),
(123, 'b.e.-s.u.-''i.t-', 'culture visuelle', 4, 'besu', '0000-00-00'),
(124, 'b.e.-s.u.-''s.p-', 'culture visuelle', 4, 'besu', '0000-00-00'),
(125, 'b.e.-s.u.-''u.k-', 'culture visuelle', 4, 'besu', '0000-00-00'),
(126, 'b.e.-s.u.-''u.s.-a', 'culture visuelle', 4, 'besu', '0000-00-00'),
(127, 'f.o.-n.o-''', 'danse', 3, '-1', '0000-00-00'),
(128, 'w.u.-w.u-''.x.x-.t.o-''', 'découvrir + patrimoine collectif', 3, '-1', '0000-00-00'),
(129, 'y.y.-t.o-''', 'discipline artistique / sci.', 3, '-1', '0000-00-00'),
(130, 'g.g.-''f.o-.s.y-''', 'écologie / agronomie', 3, '-1', '0000-00-00'),
(131, 't.e.-n.u.-''w.a.-e', 'écriture littéraire', 4, 'basa', '0000-00-00'),
(132, 'o.e.-w.e.-''h.d.-a.m.-''a.f.-o', 'eduquer + enfant', 3, '-1', '0000-00-00'),
(133, 'd.i.-s.i.-''t.u-', 'électronique / photonique', 3, '-1', '0000-00-00'),
(134, 'y.e.-n.a.-''s.a.-f.o.-', 'enseigner + adulte', 3, '-1', '0000-00-00'),
(135, 'y.e.-s.y.-''', 'enseigner + connaissances organisées', 3, '-1', '0000-00-00'),
(136, 'y.e.-p.p.-''k.o.-s.y.-''', 'enseigner + économie', 3, '-1', '0000-00-00'),
(137, 'y.e.-y.d.-''', 'enseigner + handicap', 3, '-1', '0000-00-00'),
(138, 'y.e.-h.i.-''s.t.-o.i.-''r.e.-c.c.-''l.o.-s.y.-''', 'enseigner + histoire + géographie', 3, '-1', '0000-00-00'),
(139, 'y.e.-p.p.-''t.o.-s.y.-''', 'enseigner + histoire des relations internationales', 3, '-1', '0000-00-00'),
(140, 'y.e.-g.g.-''t.o.-s.y-''', 'enseigner + langue ancienne', 3, '-1', '0000-00-00'),
(141, 'y.e.-u.u.-''b.o.-', 'enseigner + langue naturelle', 3, '-1', '0000-00-00'),
(142, 's.e.-k.u.-''w.a.-e', 'enseigner + lire / écrire', 3, '-1', '0000-00-00'),
(143, 'y.e.-j.j.-''b.o.-s.y.-''', 'enseigner + mathématiques', 3, '-1', '0000-00-00'),
(144, 'y.e.-s.e.-''b.u.-w.a.-''e.', 'enseigner + parler une seconde langue', 3, '-1', '0000-00-00'),
(145, 'y.e.-j.j.-''s.o.-s.y.-''', 'enseigner + philosophie', 3, '-1', '0000-00-00'),
(146, 'y.e.-i.i.-''l.o.-s.y.-''i.i.-n.o.-''s.y.-', 'enseigner + physique + chimie', 3, '-1', '0000-00-00'),
(147, 'y.e.-a.a.-''m.o.-s.y.-''', 'enseigner + psychologie', 3, '-1', '0000-00-00'),
(148, 'y.e.-d.o.-''n.o.-', 'enseigner + science', 3, '-1', '0000-00-00'),
(149, 'y.e.-j.j.-''l.o.-s.y.-''', 'enseigner + sciences de la terre', 3, '-1', '0000-00-00'),
(150, 'y.e.-e.e.-''b.o.-s.y.-''', 'enseigner + sciences de l''éducation et de la formation', 3, '-1', '0000-00-00'),
(151, 'y.e.-o.o.-''k.o.-s.y.-''', 'enseigner + sciences politiques', 3, '-1', '0000-00-00'),
(152, 'y.e.-i.i.-''k.o.-', 'enseigner + technologie / procédé technique', 3, '-1', '0000-00-00'),
(153, 'y.e.-i.i.-''s.o.-s.y.-''', 'enseigner + théorie scientifique de la nature', 3, '-1', '0000-00-00'),
(154, 'y.e.-a.a.-''s.o.-s.y.-''', 'enseigner+ sociologie', 3, '-1', '0000-00-00'),
(155, 'l.a.-d.a.-''f.o.-k.i.-''n.i.-t.u.-''', 'entrepreneur + assemblé / manufacturé', 3, '-1', '0000-00-00'),
(156, 'dddiki mama', 'équilibre + monnaie + famille', 3, '-1', '0000-00-00'),
(157, 'f.e.-m.i.-''w.a.-e.', 'esthétique / mode', 3, '-1', '0000-00-00'),
(158, 'w.a.-u.s.-''y', 'étudier la documentation + connaissances organisées', 3, '-1', '0000-00-00'),
(159, 'w.a.-u.b.-''e.n.-u.w.-a.e.-''', 'étudier la documentation + érudition littéraire', 4, 'basa', '0000-00-00'),
(160, 'w.a.-u.y.-''y.t.-o.s.-y', 'étudier la documentation + histoire des sciences / histoire des arts', 3, '-1', '0000-00-00'),
(161, 'w.a.-u.f.-''w.e.-', 'étudier la documentation + loisir', 3, '-1', '0000-00-00'),
(162, 'w.a.-u.w.-''o.n.-', 'étudier la documentation + représentation du monde', 3, '-1', '0000-00-00'),
(163, 'p.p.-t.o.-''s.y.-', 'histoire des relations internationales', 3, '-1', '0000-00-00'),
(164, 'y.y.-t.o.-''s.y.-', 'histoire des sciences / histoire des arts', 3, '-1', '0000-00-00'),
(166, 'y.y.-t.o.-''s.y.-u.u.-''f.o.-', 'histoire des sciences / histoires des arts + musique', 3, '-1', '0000-00-00'),
(167, 'l.e.-b.i.-''w.a.-e', 'ingénierie informatique', 3, '-1', '0000-00-00'),
(168, 's.e.-f.u.-''w.a.-e', 'jouer de la musique / chanter', 4, 'uufo', '0000-00-00'),
(169, 'b.a.-s.a.-''', 'lecture', 3, '-1', '0000-00-00'),
(170, 'b.a.-s.a.-''n.m.-', 'lecture + divertissement', 4, 'basa', '0000-00-00'),
(171, 's.e.-k.u.-''w.a.-e.f.-''u.t.-u', 'lire/ ecrire + note de musique', 4, 'uufo', '0000-00-00'),
(172, 'b.a.-b.a.-''', 'littérature', 3, '-1', '0000-00-00'),
(173, 'b.a.-b.a.-''d.a.-m.a.-''f.o.-', 'littérature + enfant', 4, 'basa', '0000-00-00'),
(174, 'f.w.-e', 'loisir', 3, '-1', '0000-00-00'),
(175, 'w.a.-e.M.-''M.M.-M.', 'maîtriser les compétences + cycle naturel', 3, '-1', '0000-00-00'),
(176, 'w.o.-w.e.-''', 'manger / boire', 3, '-1', '0000-00-00'),
(177, 's.i.-''m.i.-''t.u.-', 'mécanique', 3, '-1', '0000-00-00'),
(178, 't.e.-m.u.-''w.a.-e.', 'mise en scène / réalisation', 3, 'wae', '0000-00-00'),
(179, 'u.u.-f.o.-''', 'musique', 3, '-1', '0000-00-00'),
(180, 'e.e.-m.o.-''s.y.-', 'orientation professionnelle', 3, '-1', '0000-00-00'),
(181, 'i.i.-l.o.-''s.y.-', 'physique', 3, '-1', '0000-00-00'),
(182, 'a.a.-m.o.-''s.y.-', 'psychologie', 3, '-1', '0000-00-00'),
(183, 'w.e.-''y.', 'reconstruire les savoirs', 3, '-1', '0000-00-00'),
(184, 'p.p.-''f.o-.s.y.-''', 'sciences de la santé', 3, '-1', '0000-00-00'),
(185, 'j.j.-l.o.-''s.y.-', 'sciences de la terre', 3, '-1', '0000-00-00'),
(186, 'e.e.-b.o.-''s.y.-', 'sciences de l''éducation et de la formation', 3, '-1', '0000-00-00'),
(187, 'o.o.-n.o.-''s.y.-', 'sciences juridiques', 3, '-1', '0000-00-00'),
(188, 'o.o.-n.o.-''s.y.-f.a.-''k.a.-w.a.-''w.o.-', 'sciences juridiques + accueil / hospitalité + dormir', 3, '-1', '0000-00-00'),
(189, 'a.a.-s.o.-''s.y.-', 'sociologie', 3, '-1', '0000-00-00'),
(190, 'd.e.-k.i.-''w.a.-e.', 'sport d''équipe', 3, '-1', '0000-00-00'),
(191, 'h.h.-s.o.-''s.y.-', 'théologie', 3, '-1', '0000-00-00'),
(192, 'b.a.-l.a.-''f.o.-', 'transporteur', 3, '-1', '0000-00-00'),
(193, 'k.a.-d.a.-''', 'vente', 3, '-1', '0000-00-00'),
(194, 'l.o.-t.o.-''', 'voyage', 3, '-1', '0000-00-00'),
(196, 's.y.-wa.e.-|doee-R', 'Choix d un savoir pour un membre', 1, '198', '2008-01-13'),
(197, 's.y.-wa.e.-|doee-R', 'TEST', 1, '198', '2008-01-12');
