-- phpMyAdmin SQL Dump
-- version 2.11.0
-- http://www.phpmyadmin.net
--
-- Serveur: localhost
-- Généré le : Jeu 08 Mai 2008 à 22:38
-- Version du serveur: 5.0.45
-- Version de PHP: 5.2.4

SET SQL_MODE="NO_AUTO_VALUE_ON_ZERO";

--
-- Base de données: `ieml_evalactisem`
--

-- --------------------------------------------------------

--
-- Structure de la table `ieml_acti`
--

DROP TABLE IF EXISTS `ieml_acti`;
CREATE TABLE `ieml_acti` (
  `acti_id` int(11) NOT NULL auto_increment,
  `acti_code` text NOT NULL,
  `acti_desc` varchar(255) NOT NULL,
  PRIMARY KEY  (`acti_id`)
) ENGINE=InnoDB  DEFAULT CHARSET=latin1 AUTO_INCREMENT=8 ;

--
-- Contenu de la table `ieml_acti`
--

INSERT INTO `ieml_acti` (`acti_id`, `acti_code`, `acti_desc`) VALUES
(1, 'RAT', 'recuperation des tags delicious'),
(2, 'RB', 'recuperation des bundles delicious'),
(3, 'RP', 'recuperation d''un post delicious'),
(4, 'RAP', 'recuperation de tous les posts delicious'),
(5, 'RRP', 'recuperation des  posts recentes delicious '),
(6, 'AddTrad', 'Ajout d''une traduction '),
(7, 'DelTrad', 'suppression ''ine traduction ');

-- --------------------------------------------------------

--
-- Structure de la table `ieml_acti_uti`
--

DROP TABLE IF EXISTS `ieml_acti_uti`;
CREATE TABLE `ieml_acti_uti` (
  `acti_id` int(10) NOT NULL,
  `uti_id` int(10) NOT NULL,
  `date` datetime NOT NULL,
  `hour` time NOT NULL
) ENGINE=InnoDB DEFAULT CHARSET=latin1;

--
-- Contenu de la table `ieml_acti_uti`
--

INSERT INTO `ieml_acti_uti` (`acti_id`, `uti_id`, `date`, `hour`) VALUES
(1, 1, '2008-05-08 20:24:17', '20:24:17'),
(2, 1, '2008-05-08 20:34:44', '20:34:44'),
(2, 1, '2008-05-08 20:34:52', '20:34:52'),
(1, 1, '2008-05-08 20:38:12', '20:38:12'),
(1, 1, '2008-05-08 20:38:43', '20:38:43'),
(1, 1, '2008-05-08 20:39:14', '20:39:14'),
(1, 1, '2008-05-08 20:41:17', '20:41:17'),
(1, 1, '2008-05-08 20:43:04', '20:43:04'),
(1, 1, '2008-05-08 20:43:49', '20:43:49'),
(1, 1, '2008-05-08 21:11:22', '21:11:22'),
(1, 1, '2008-05-08 21:52:18', '21:52:18'),
(1, 1, '2008-05-08 21:54:55', '21:54:55'),
(1, 1, '2008-05-08 21:56:03', '21:56:03'),
(1, 1, '2008-05-08 21:59:35', '21:59:35'),
(1, 1, '2008-05-08 22:12:38', '22:12:38'),
(1, 1, '2008-05-08 22:13:42', '22:13:42'),
(1, 1, '2008-05-08 22:14:40', '22:14:40'),
(1, 1, '2008-05-08 22:16:01', '22:16:01'),
(1, 1, '2008-05-08 22:18:56', '22:18:56'),
(1, 1, '2008-05-08 22:19:50', '22:19:50'),
(1, 1, '2008-05-08 22:20:44', '22:20:44'),
(1, 1, '2008-05-08 22:21:24', '22:21:24'),
(1, 1, '2008-05-08 22:21:41', '22:21:41'),
(1, 1, '2008-05-08 22:26:02', '22:26:02'),
(1, 1, '2008-05-08 22:26:41', '22:26:41'),
(1, 1, '2008-05-08 22:26:43', '22:26:43'),
(1, 1, '2008-05-08 22:27:49', '22:27:49'),
(1, 1, '2008-05-08 22:34:48', '22:34:48'),
(1, 1, '2008-05-08 22:35:19', '22:35:19'),
(1, 1, '2008-05-08 22:37:03', '22:37:03'),
(1, 1, '2008-05-08 22:37:18', '22:37:18');

-- --------------------------------------------------------

--
-- Structure de la table `ieml_foret`
--

DROP TABLE IF EXISTS `ieml_foret`;
CREATE TABLE `ieml_foret` (
  `ieml_id` int(11) NOT NULL,
  `ieml_parent` int(11) NOT NULL,
  UNIQUE KEY `ieml_id` (`ieml_id`,`ieml_parent`)
) ENGINE=MyISAM DEFAULT CHARSET=latin1;

--
-- Contenu de la table `ieml_foret`
--

INSERT INTO `ieml_foret` (`ieml_id`, `ieml_parent`) VALUES
(1, 0),
(2, 0),
(3, 0),
(4, 0),
(5, 0),
(6, 5),
(7, 3),
(8, 5),
(9, 5),
(10, 5),
(11, 5),
(12, 5),
(13, 5),
(14, 3),
(15, 5),
(16, 4),
(17, 5),
(18, 3),
(19, 5),
(20, 5),
(21, 5),
(22, 5),
(23, 5),
(24, 5),
(25, 5),
(26, 3),
(27, 3),
(28, 5),
(29, 3),
(30, 5),
(31, 3),
(32, 3),
(33, 5),
(34, 3),
(35, 5),
(36, 5),
(37, 3),
(38, 5),
(39, 5),
(40, 3),
(41, 5),
(42, 5),
(43, 5),
(44, 5),
(45, 5),
(46, 3),
(47, 3),
(48, 3),
(49, 5),
(50, 4),
(51, 5),
(52, 5),
(53, 5),
(54, 3),
(55, 5),
(56, 5),
(57, 5),
(58, 5),
(59, 5),
(60, 5),
(61, 5),
(62, 5),
(63, 5),
(64, 5),
(65, 3),
(66, 5),
(67, 5),
(68, 3),
(69, 5),
(70, 5),
(71, 3),
(72, 3),
(73, 5),
(74, 5),
(75, 5),
(76, 5),
(77, 5),
(78, 5),
(79, 3),
(80, 5),
(81, 5),
(82, 3),
(83, 3),
(84, 3),
(85, 5),
(86, 5),
(87, 5),
(88, 3),
(89, 5),
(90, 5),
(91, 5),
(92, 3),
(93, 3),
(94, 5),
(95, 3),
(96, 5),
(97, 3),
(98, 5),
(99, 5),
(100, 5),
(101, 5),
(102, 5),
(103, 5),
(104, 5),
(105, 5),
(106, 5),
(107, 5),
(108, 5),
(109, 5),
(110, 5),
(111, 5),
(112, 5),
(113, 5),
(114, 3),
(115, 5),
(116, 5),
(117, 5),
(118, 3),
(119, 3),
(120, 5),
(121, 3),
(122, 3),
(123, 3),
(124, 5),
(125, 3),
(126, 5),
(127, 3),
(128, 3),
(129, 3),
(130, 3),
(131, 5),
(132, 3),
(133, 3),
(134, 5),
(135, 5),
(136, 5),
(137, 5),
(138, 5),
(139, 5),
(140, 5),
(141, 5),
(142, 5),
(143, 5),
(144, 3),
(145, 5),
(146, 5),
(147, 3),
(148, 5),
(149, 5),
(150, 5),
(151, 5),
(152, 3),
(153, 3),
(154, 5),
(155, 3),
(156, 5),
(157, 3),
(158, 3),
(159, 5),
(160, 5),
(161, 3),
(162, 2),
(163, 5),
(164, 5),
(165, 5),
(166, 5),
(167, 5),
(168, 3),
(169, 3),
(170, 5),
(171, 3),
(172, 5),
(173, 3),
(174, 5),
(175, 5),
(176, 3),
(177, 5),
(178, 5),
(179, 5),
(180, 5),
(181, 5),
(182, 5),
(183, 3),
(184, 5),
(185, 5),
(186, 5),
(187, 3),
(188, 5),
(189, 5),
(190, 1),
(191, 5),
(192, 5),
(193, 5),
(194, 3),
(195, 5),
(196, 5),
(197, 3),
(198, 3),
(199, 5),
(200, 5),
(201, 3),
(202, 5),
(203, 5),
(204, 5),
(205, 5),
(206, 3),
(207, 5),
(208, 5),
(209, 5),
(210, 5),
(211, 5),
(212, 5),
(213, 5),
(214, 5),
(215, 5),
(216, 5),
(217, 5),
(218, 5),
(219, 5),
(220, 5),
(221, 5),
(222, 3),
(223, 3),
(224, 5),
(225, 5),
(226, 5),
(227, 5),
(228, 5),
(229, 5),
(230, 5),
(231, 3),
(232, 5),
(233, 3),
(234, 5),
(235, 5),
(236, 3),
(237, 5),
(238, 5),
(239, 5),
(240, 3),
(241, 5),
(242, 5),
(243, 5),
(244, 5),
(245, 5),
(246, 5),
(247, 5),
(248, 5),
(249, 5),
(250, 5),
(251, 5),
(252, 3),
(253, 5),
(254, 3),
(255, 3),
(256, 5),
(257, 5),
(258, 3),
(259, 5),
(260, 5),
(261, 5),
(262, 3),
(263, 5),
(264, 5),
(265, 3),
(266, 5),
(267, 5),
(268, 3),
(269, 5),
(270, 5),
(271, 5),
(272, 3),
(273, 3),
(274, 3),
(275, 3),
(276, 2),
(277, 3),
(278, 5),
(279, 3),
(280, 5),
(281, 3),
(282, 5),
(283, 5),
(284, 3),
(285, 5),
(286, 5),
(287, 3),
(288, 5),
(289, 3),
(290, 3),
(291, 3),
(292, 5),
(293, 5),
(294, 5),
(295, 4),
(296, 3),
(297, 5),
(298, 3),
(299, 3),
(300, 5),
(301, 4),
(302, 3),
(303, 5),
(304, 5),
(305, 5),
(306, 5),
(307, 3),
(308, 5),
(309, 2),
(310, 5),
(311, 5),
(312, 3),
(313, 5),
(314, 3),
(315, 5),
(316, 3),
(317, 5),
(318, 5),
(319, 5),
(320, 3),
(321, 3),
(322, 5),
(323, 3),
(324, 5),
(325, 5),
(326, 3),
(327, 5),
(328, 5),
(329, 5),
(330, 5),
(331, 3),
(332, 2),
(333, 5),
(334, 5),
(335, 5),
(336, 5),
(337, 5),
(338, 5),
(339, 5),
(340, 3),
(341, 5),
(342, 3),
(343, 5),
(344, 5),
(345, 5),
(346, 5),
(347, 5),
(348, 5),
(349, 5),
(350, 5),
(351, 3),
(352, 3),
(353, 5),
(354, 3),
(355, 5),
(356, 5),
(357, 5),
(358, 5),
(359, 2),
(360, 3),
(361, 5),
(362, 5),
(363, 5),
(364, 5),
(365, 5),
(366, 5),
(367, 5),
(368, 5),
(369, 5),
(370, 5),
(371, 3),
(372, 5),
(373, 5),
(374, 5),
(375, 5),
(376, 5),
(377, 5),
(378, 5),
(379, 5),
(380, 3),
(381, 3),
(382, 5),
(383, 3),
(384, 5),
(385, 5),
(386, 5),
(387, 5),
(388, 4),
(389, 5),
(390, 5),
(391, 3),
(392, 5),
(393, 5),
(394, 5),
(395, 3),
(396, 5),
(397, 5),
(398, 5),
(399, 3),
(400, 5),
(401, 5),
(402, 5),
(403, 5),
(404, 5),
(405, 5),
(406, 5),
(407, 5),
(408, 4),
(409, 5),
(410, 5),
(411, 3),
(412, 5),
(413, 5),
(414, 5),
(415, 5),
(416, 5),
(417, 5),
(418, 5),
(419, 5),
(420, 5),
(421, 5),
(422, 5),
(423, 2),
(424, 5),
(425, 3),
(426, 3),
(427, 5),
(428, 3),
(429, 3),
(430, 5),
(431, 5),
(432, 5),
(433, 3),
(434, 5),
(435, 3),
(436, 3),
(437, 5),
(438, 5),
(439, 5),
(440, 3),
(441, 5),
(442, 5),
(443, 5),
(444, 5),
(445, 5),
(446, 3),
(447, 3),
(448, 3),
(449, 5),
(450, 3),
(451, 5),
(452, 5),
(453, 5),
(454, 3),
(455, 5),
(456, 5),
(457, 4),
(458, 5),
(459, 5),
(460, 3),
(461, 3),
(462, 5),
(463, 5),
(464, 5),
(465, 5),
(466, 5),
(467, 3),
(468, 3),
(469, 3),
(470, 5),
(471, 4),
(472, 5),
(473, 3),
(474, 4),
(475, 5),
(476, 3),
(477, 3),
(478, 5),
(479, 1),
(480, 5),
(481, 3),
(482, 5),
(483, 5),
(484, 5),
(485, 5),
(486, 3),
(487, 5),
(488, 5),
(489, 3),
(490, 3),
(491, 5),
(492, 3),
(493, 3),
(494, 5),
(495, 5),
(496, 5),
(497, 5),
(498, 5),
(499, 5),
(500, 5),
(501, 3),
(502, 3),
(503, 3),
(504, 5),
(505, 3),
(506, 3),
(507, 3),
(508, 5),
(509, 5),
(510, 5),
(511, 3),
(512, 5),
(513, 5),
(514, 3),
(515, 5),
(516, 5),
(517, 3),
(518, 5),
(519, 5),
(520, 5),
(521, 5),
(522, 5),
(523, 5),
(524, 5),
(525, 5),
(526, 5),
(527, 3),
(528, 3),
(529, 5),
(530, 5),
(531, 3),
(532, 5),
(533, 5),
(534, 5),
(535, 5),
(536, 5),
(537, 5),
(538, 5),
(539, 5),
(540, 5),
(541, 5),
(542, 5),
(543, 5),
(544, 5),
(545, 5),
(546, 5),
(547, 5),
(548, 3),
(549, 3),
(550, 5),
(551, 3),
(552, 5),
(553, 5),
(554, 3),
(555, 5),
(556, 5),
(557, 5),
(558, 3),
(559, 5),
(560, 5),
(561, 4),
(562, 5),
(563, 3),
(564, 5),
(565, 3),
(566, 3),
(567, 5),
(568, 5),
(569, 3),
(570, 5),
(571, 5),
(572, 5),
(573, 5),
(574, 5),
(575, 5),
(576, 5),
(577, 5),
(578, 5),
(579, 5),
(580, 5),
(581, 5),
(582, 5),
(583, 5),
(584, 5),
(585, 3),
(586, 5),
(587, 5),
(588, 5),
(589, 5),
(590, 5),
(591, 5),
(592, 3),
(593, 3),
(594, 3),
(595, 3),
(596, 5),
(597, 3),
(598, 5),
(599, 5),
(600, 3),
(601, 3),
(602, 5),
(603, 5),
(604, 3),
(605, 5),
(606, 3),
(607, 5),
(608, 3),
(609, 2),
(610, 5),
(611, 3),
(612, 3),
(613, 3),
(614, 5),
(615, 5),
(616, 5),
(617, 3),
(618, 3),
(619, 5),
(620, 3),
(621, 5),
(622, 5),
(623, 5),
(624, 5),
(625, 3),
(626, 3),
(627, 5),
(628, 5),
(629, 3),
(630, 5),
(631, 5),
(632, 3),
(633, 5),
(634, 3),
(635, 5),
(636, 5),
(637, 3),
(638, 5),
(639, 5),
(640, 5),
(641, 5),
(642, 5),
(643, 5),
(644, 3),
(645, 3),
(646, 3),
(647, 5),
(648, 5),
(649, 5),
(650, 3),
(651, 5),
(652, 3),
(653, 5),
(654, 3),
(655, 3),
(656, 3),
(657, 5),
(658, 5),
(659, 3),
(660, 5),
(661, 5),
(662, 5),
(663, 5),
(664, 5),
(665, 3),
(666, 3),
(667, 5),
(668, 5),
(669, 5),
(670, 2),
(671, 5),
(672, 5),
(673, 3),
(674, 5),
(675, 5),
(676, 5),
(677, 5),
(678, 3),
(679, 5),
(680, 3),
(681, 3),
(682, 5),
(683, 5),
(684, 5),
(685, 3),
(686, 3),
(687, 5),
(688, 5),
(689, 3),
(690, 3),
(691, 5),
(692, 5),
(693, 5),
(694, 2),
(695, 3),
(696, 3),
(697, 5),
(698, 5),
(699, 5),
(700, 5),
(701, 5),
(702, 5),
(703, 3),
(704, 3),
(705, 3),
(706, 5),
(707, 5),
(708, 5),
(709, 5),
(710, 5),
(711, 5),
(712, 5),
(713, 5),
(714, 5),
(715, 5),
(716, 5),
(717, 5),
(718, 5),
(719, 5),
(720, 5),
(721, 5),
(722, 5),
(723, 5),
(724, 3),
(725, 5),
(726, 5),
(727, 5),
(728, 5),
(729, 5),
(730, 5),
(731, 5),
(732, 5),
(733, 5),
(734, 1),
(735, 5),
(736, 5),
(737, 5),
(738, 5),
(739, 5),
(740, 5),
(741, 3),
(742, 4),
(743, 5),
(744, 5),
(745, 5),
(746, 3),
(747, 5),
(748, 5),
(749, 5),
(750, 3),
(751, 5),
(752, 5),
(753, 5),
(754, 3),
(755, 3),
(756, 5),
(757, 5),
(758, 3),
(759, 5),
(760, 5),
(761, 5),
(762, 5),
(763, 5),
(764, 3),
(765, 5),
(766, 3),
(767, 3),
(768, 5),
(769, 5),
(770, 5),
(771, 5),
(772, 5),
(773, 3),
(774, 4),
(775, 3),
(776, 3),
(777, 3),
(778, 5),
(779, 3),
(780, 3),
(781, 3),
(782, 5),
(783, 5),
(784, 5),
(785, 3),
(786, 3),
(787, 5),
(788, 3),
(789, 5),
(790, 3),
(791, 5),
(792, 5),
(793, 3),
(794, 5),
(795, 5),
(796, 3),
(797, 3),
(798, 3),
(799, 3),
(800, 3),
(801, 5),
(802, 5),
(803, 5),
(804, 3),
(805, 3),
(806, 3),
(807, 5),
(808, 5),
(809, 3),
(810, 5),
(811, 5),
(812, 5),
(813, 5),
(814, 3),
(815, 5),
(816, 5),
(817, 5),
(818, 3),
(819, 5),
(820, 5),
(821, 5),
(822, 3),
(823, 3),
(824, 3),
(825, 5),
(826, 5),
(827, 5),
(828, 5),
(829, 5),
(830, 3),
(831, 5),
(832, 5),
(833, 3),
(834, 3),
(835, 5),
(836, 5),
(837, 3),
(838, 5),
(839, 5),
(840, 5),
(841, 5),
(842, 5),
(843, 3),
(844, 5),
(845, 5),
(846, 5),
(847, 5),
(848, 3),
(849, 5),
(850, 5),
(851, 3),
(852, 5),
(853, 3),
(854, 5),
(855, 3),
(856, 3),
(857, 5),
(858, 3),
(859, 2),
(860, 5),
(861, 3),
(862, 3),
(863, 5),
(864, 3),
(865, 3),
(866, 3),
(867, 5),
(868, 5),
(869, 3),
(870, 3),
(871, 5),
(872, 5),
(873, 5),
(874, 5),
(875, 5),
(876, 5),
(877, 5),
(878, 5),
(879, 3),
(880, 5),
(881, 5),
(882, 3),
(883, 5),
(884, 5),
(885, 3),
(886, 5),
(887, 3),
(888, 5),
(889, 5),
(890, 5),
(891, 3),
(892, 3),
(893, 5),
(894, 3),
(895, 3),
(896, 5),
(897, 3),
(898, 5),
(899, 5),
(900, 3),
(901, 3),
(902, 5),
(903, 5),
(904, 5),
(905, 5),
(906, 5),
(907, 5),
(908, 3),
(909, 5),
(910, 5),
(911, 5),
(912, 3),
(913, 5),
(914, 3),
(915, 5),
(916, 5),
(917, 5),
(918, 5),
(919, 5),
(920, 5),
(921, 3),
(922, 3),
(923, 5),
(924, 5),
(925, 5),
(926, 5),
(927, 5),
(928, 5),
(929, 5),
(930, 5),
(931, 5),
(932, 5),
(933, 5),
(934, 5),
(935, 5),
(936, 5),
(937, 5),
(938, 5),
(939, 4),
(940, 5),
(941, 5),
(942, 5),
(943, 3),
(944, 5),
(945, 3),
(946, 5),
(947, 5),
(948, 3),
(949, 3),
(950, 3),
(951, 5),
(952, 5),
(953, 5),
(954, 5),
(955, 5),
(956, 5),
(957, 3),
(958, 3),
(959, 5),
(960, 3),
(961, 5),
(962, 5),
(963, 5),
(964, 5),
(965, 5),
(966, 3),
(967, 5),
(968, 2),
(969, 3),
(970, 2),
(971, 5),
(972, 5),
(973, 5),
(974, 5),
(975, 3),
(976, 3),
(977, 4),
(978, 5),
(979, 3),
(980, 3),
(981, 3),
(982, 5),
(983, 3),
(984, 5),
(985, 5),
(986, 5),
(987, 5),
(988, 5),
(989, 3),
(990, 5),
(991, 5),
(992, 5),
(993, 5),
(994, 5),
(995, 5),
(996, 3),
(997, 3),
(998, 5),
(999, 5),
(1000, 3),
(1001, 5),
(1002, 3),
(1003, 5),
(1004, 2),
(1005, 5),
(1006, 3),
(1007, 3),
(1008, 5),
(1009, 3),
(1010, 5),
(1011, 3),
(1012, 5),
(1013, 3),
(1014, 3),
(1015, 5),
(1016, 2),
(1017, 5),
(1018, 5),
(1019, 5),
(1020, 5),
(1021, 5),
(1022, 3),
(1023, 3),
(1024, 3),
(1025, 5),
(1026, 3),
(1027, 5),
(1028, 5),
(1029, 1),
(1030, 3),
(1031, 3),
(1032, 5),
(1033, 5),
(1034, 5),
(1035, 5),
(1036, 3),
(1037, 5),
(1038, 5),
(1039, 5),
(1040, 3),
(1041, 3),
(1042, 5),
(1043, 3),
(1044, 5),
(1045, 5),
(1046, 5),
(1047, 3),
(1048, 5),
(1049, 5),
(1050, 3),
(1051, 3),
(1052, 5),
(1053, 5),
(1054, 3),
(1055, 3),
(1056, 5),
(1057, 5),
(1058, 3),
(1059, 5),
(1060, 3),
(1061, 3),
(1062, 5),
(1063, 3),
(1064, 3),
(1065, 3),
(1066, 4),
(1067, 3),
(1068, 3),
(1069, 5),
(1070, 3),
(1071, 5),
(1072, 3),
(1073, 3),
(1074, 3),
(1075, 5),
(1076, 5),
(1077, 5),
(1078, 5),
(1079, 2),
(1080, 3),
(1081, 3),
(1082, 3),
(1083, 5),
(1084, 5),
(1085, 5),
(1086, 5),
(1087, 5),
(1088, 5),
(1089, 5),
(1090, 5),
(1091, 5),
(1092, 5),
(1093, 5),
(1094, 5),
(1095, 4),
(1096, 5),
(1097, 3),
(1098, 5),
(1099, 3),
(1100, 5),
(1101, 5),
(1102, 5),
(1103, 5),
(1104, 5),
(1105, 5),
(1106, 3),
(1107, 5),
(1108, 5),
(1109, 5),
(1110, 5),
(1111, 5),
(1112, 5),
(1113, 5),
(1114, 5),
(1115, 3),
(1116, 3),
(1117, 5),
(1118, 3),
(1119, 5),
(1120, 5),
(1121, 2),
(1122, 5),
(1123, 3),
(1124, 5),
(1125, 5),
(1126, 3),
(1127, 5),
(1128, 3),
(1129, 5),
(1130, 5),
(1131, 5),
(1132, 5),
(1133, 3),
(1134, 5),
(1135, 3),
(1136, 3),
(1137, 3),
(1138, 3),
(1139, 3),
(1140, 5),
(1141, 5),
(1142, 3),
(1143, 5),
(1144, 5),
(1145, 5),
(1146, 3),
(1147, 5),
(1148, 3),
(1149, 3),
(1150, 3),
(1151, 3),
(1152, 5),
(1153, 2),
(1154, 5),
(1155, 3),
(1156, 5),
(1157, 3),
(1158, 5),
(1159, 5),
(1160, 3),
(1161, 5),
(1162, 3),
(1163, 5),
(1164, 5),
(1165, 5),
(1166, 5),
(1167, 5),
(1168, 5),
(1169, 5),
(1170, 3),
(1171, 3),
(1172, 5),
(1173, 5),
(1174, 5),
(1175, 5),
(1176, 5),
(1177, 5),
(1178, 5),
(1179, 5),
(1180, 3),
(1181, 3),
(1182, 5),
(1183, 5),
(1184, 5),
(1185, 5),
(1186, 3),
(1187, 5),
(1188, 3),
(1189, 5),
(1190, 3),
(1191, 3),
(1192, 5),
(1193, 3),
(1194, 3),
(1195, 5),
(1196, 5),
(1197, 5),
(1198, 3),
(1199, 3),
(1200, 3),
(1201, 5),
(1202, 5),
(1203, 3),
(1204, 5),
(1205, 5),
(1206, 5),
(1207, 3),
(1208, 3),
(1209, 5),
(1210, 5),
(1211, 3),
(1212, 5),
(1213, 3),
(1214, 5),
(1215, 3),
(1216, 5),
(1217, 3),
(1218, 5),
(1219, 5),
(1220, 5),
(1221, 5),
(1222, 3),
(1223, 5),
(1224, 3),
(1225, 2),
(1226, 5),
(1227, 5),
(1228, 3),
(1229, 3),
(1230, 5),
(1231, 5),
(1232, 5),
(1233, 5),
(1234, 5),
(1235, 5),
(1236, 5),
(1237, 5),
(1238, 3),
(1239, 5),
(1240, 3),
(1241, 3),
(1242, 5),
(1243, 5),
(1244, 3),
(1245, 3),
(1246, 3),
(1247, 3),
(1248, 5),
(1249, 3),
(1250, 3),
(1251, 5),
(1252, 5),
(1253, 3),
(1254, 5),
(1255, 3),
(1256, 5),
(1257, 3),
(1258, 5),
(1259, 5),
(1260, 3),
(1261, 5),
(1262, 5),
(1263, 5),
(1264, 5),
(1265, 5),
(1266, 5),
(1267, 5),
(1268, 3),
(1269, 5),
(1270, 5),
(1271, 5),
(1272, 5),
(1273, 5),
(1274, 5),
(1275, 4),
(1276, 5),
(1277, 5),
(1278, 5),
(1279, 5),
(1280, 3),
(1281, 5),
(1282, 5),
(1283, 3),
(1284, 5),
(1285, 5),
(1286, 3),
(1287, 5),
(1288, 3),
(1289, 5),
(1290, 5),
(1291, 3),
(1292, 3),
(1293, 3),
(1294, 5),
(1295, 3),
(1296, 5),
(1297, 5),
(1298, 5),
(1299, 3),
(1300, 3),
(1301, 5),
(1302, 3),
(1303, 5),
(1304, 3),
(1305, 5),
(1306, 5),
(1307, 5),
(1308, 3),
(1309, 5),
(1310, 5),
(1311, 5),
(1312, 5),
(1313, 3),
(1314, 5),
(1315, 3),
(1316, 3),
(1317, 5),
(1318, 3),
(1319, 3),
(1320, 5),
(1321, 5),
(1322, 5),
(1323, 3),
(1324, 5),
(1325, 5),
(1326, 5),
(1327, 3),
(1328, 5),
(1329, 3),
(1330, 5),
(1331, 5),
(1332, 5),
(1333, 3),
(1334, 5),
(1335, 5),
(1336, 3),
(1337, 5),
(1338, 5),
(1339, 5),
(1340, 5),
(1341, 3),
(1342, 5),
(1343, 3),
(1344, 5),
(1345, 5),
(1346, 3),
(1347, 3),
(1348, 5),
(1349, 5),
(1350, 3),
(1351, 5),
(1352, 5),
(1353, 3),
(1354, 5),
(1355, 3),
(1356, 5),
(1357, 3),
(1358, 5),
(1359, 5),
(1360, 3),
(1361, 3),
(1362, 5),
(1363, 5),
(1364, 3),
(1365, 2),
(1366, 5),
(1367, 5),
(1368, 3),
(1369, 3),
(1370, 5),
(1371, 5),
(1372, 5),
(1373, 5),
(1374, 3),
(1375, 5),
(1376, 5),
(1377, 3),
(1378, 5),
(1379, 5),
(1380, 5),
(1381, 3),
(1382, 5),
(1383, 3),
(1384, 3),
(1385, 3),
(1386, 5),
(1387, 5),
(1388, 3),
(1389, 5),
(1390, 3),
(1391, 5),
(1392, 3),
(1393, 5),
(1394, 5),
(1395, 5),
(1396, 5),
(1397, 5),
(1398, 3),
(1399, 3),
(1400, 3),
(1401, 5),
(1402, 5),
(1403, 3),
(1404, 5),
(1405, 5),
(1406, 5),
(1407, 3),
(1408, 5),
(1409, 3),
(1410, 5),
(1411, 5),
(1412, 5),
(1413, 3),
(1414, 3),
(1415, 3),
(1416, 5),
(1417, 3),
(1418, 5),
(1419, 5),
(1420, 3),
(1421, 5),
(1422, 5),
(1423, 5),
(1424, 3),
(1425, 5),
(1426, 5),
(1427, 5),
(1428, 5),
(1429, 5),
(1430, 5),
(1431, 3),
(1432, 3),
(1433, 5),
(1434, 5),
(1435, 3),
(1436, 3),
(1437, 3),
(1438, 5),
(1439, 3),
(1440, 3),
(1441, 5),
(1442, 3),
(1443, 5),
(1444, 5),
(1445, 5),
(1446, 5),
(1447, 5),
(1448, 5),
(1449, 5),
(1450, 5),
(1451, 5),
(1452, 5),
(1453, 5),
(1454, 5),
(1455, 3),
(1456, 5),
(1457, 3),
(1458, 5),
(1459, 5),
(1460, 5),
(1461, 5),
(1462, 5),
(1463, 5),
(1464, 3),
(1465, 5),
(1466, 5),
(1467, 5),
(1468, 5),
(1469, 5),
(1470, 3),
(1471, 5),
(1472, 3),
(1473, 5),
(1474, 5),
(1475, 5),
(1476, 3),
(1477, 5),
(1478, 3),
(1479, 5),
(1480, 5),
(1481, 3),
(1482, 5),
(1483, 3),
(1484, 3),
(1485, 3),
(1486, 5),
(1487, 5),
(1488, 3),
(1489, 3),
(1490, 5),
(1491, 5),
(1492, 3),
(1493, 3),
(1494, 5),
(1495, 5),
(1496, 3),
(1497, 5),
(1498, 5),
(1499, 5),
(1500, 5),
(1501, 5),
(1502, 5),
(1503, 5),
(1504, 5),
(1505, 5),
(1506, 5),
(1507, 5),
(1508, 5),
(1509, 3),
(1510, 5),
(1511, 3),
(1512, 5),
(1513, 5),
(1514, 5),
(1515, 3),
(1516, 5),
(1517, 5),
(1518, 5),
(1519, 5),
(1520, 5),
(1521, 5),
(1522, 5),
(1523, 5),
(1524, 5),
(1525, 5),
(1526, 5),
(1527, 5),
(1528, 5),
(1529, 3),
(1530, 5),
(1531, 5),
(1532, 3),
(1533, 5),
(1534, 3),
(1535, 5),
(1536, 5),
(1537, 5),
(1538, 3),
(1539, 5),
(1540, 5),
(1541, 5),
(1542, 5),
(1543, 5),
(1544, 3),
(1545, 5),
(1546, 3),
(1547, 5),
(1548, 5),
(1549, 3),
(1550, 3),
(1551, 5),
(1552, 5),
(1553, 5),
(1554, 3),
(1555, 5),
(1556, 3),
(1557, 3),
(1558, 5),
(1559, 5),
(1560, 5),
(1561, 2),
(1562, 5),
(1563, 3),
(1564, 5),
(1565, 5),
(1566, 5),
(1567, 5),
(1568, 5),
(1569, 2),
(1570, 3),
(1571, 5),
(1572, 5),
(1573, 5),
(1574, 3),
(1575, 5),
(1576, 5),
(1577, 5),
(1578, 3),
(1579, 5),
(1580, 5),
(1581, 5),
(1582, 5),
(1583, 3),
(1584, 5),
(1585, 5),
(1586, 3),
(1587, 5),
(1588, 5),
(1589, 5),
(1590, 3),
(1591, 5),
(1592, 5),
(1593, 3),
(1594, 3),
(1595, 5),
(1596, 5),
(1597, 5),
(1598, 5),
(1599, 5),
(1600, 5),
(1601, 3),
(1602, 5),
(1603, 5),
(1604, 5),
(1605, 5),
(1606, 5),
(1607, 3),
(1608, 5),
(1609, 3),
(1610, 5),
(1611, 5),
(1612, 3),
(1613, 3),
(1614, 3),
(1615, 2),
(1616, 3),
(1617, 3),
(1618, 3),
(1619, 5),
(1620, 3),
(1621, 3),
(1622, 3),
(1623, 5),
(1624, 5),
(1625, 5),
(1626, 3),
(1627, 3),
(1628, 5),
(1629, 5),
(1630, 5),
(1631, 5),
(1632, 5),
(1633, 5),
(1634, 3),
(1635, 3),
(1636, 5),
(1637, 3),
(1638, 5),
(1639, 3),
(1640, 3),
(1641, 3),
(1642, 3),
(1643, 5),
(1644, 3),
(1645, 5),
(1646, 5),
(1647, 3),
(1648, 3),
(1649, 3),
(1650, 3),
(1651, 1),
(1652, 5),
(1653, 5),
(1654, 5),
(1655, 3),
(1656, 3),
(1657, 3),
(1658, 5),
(1659, 5),
(1660, 5),
(1661, 5),
(1662, 3),
(1663, 3),
(1664, 5),
(1665, 5),
(1666, 5),
(1667, 5),
(1668, 5),
(1669, 3),
(1670, 3),
(1671, 3),
(1672, 5),
(1673, 5),
(1674, 3),
(1675, 5),
(1676, 5),
(1677, 3),
(1678, 5),
(1679, 5),
(1680, 5),
(1681, 3),
(1682, 5),
(1683, 5),
(1684, 5),
(1685, 5),
(1686, 3),
(1687, 3),
(1688, 3),
(1689, 3),
(1690, 5),
(1691, 5),
(1692, 3),
(1693, 3),
(1694, 3),
(1695, 5),
(1696, 3),
(1697, 5),
(1698, 5),
(1699, 3),
(1700, 5),
(1701, 3),
(1702, 3),
(1703, 5),
(1704, 5),
(1705, 5),
(1706, 5),
(1707, 5),
(1708, 3),
(1709, 5),
(1710, 5),
(1711, 5),
(1712, 5),
(1713, 5),
(1714, 5),
(1715, 5),
(1716, 5),
(1717, 3),
(1718, 3),
(1719, 5),
(1720, 5),
(1721, 5),
(1722, 3),
(1723, 5),
(1724, 5),
(1725, 5),
(1726, 5),
(1727, 5),
(1728, 3),
(1729, 5),
(1730, 5),
(1731, 5),
(1732, 5),
(1733, 5),
(1734, 3),
(1735, 3),
(1736, 3),
(1737, 3),
(1738, 5),
(1739, 3),
(1740, 5),
(1741, 5),
(1742, 5),
(1743, 5),
(1744, 5),
(1745, 5),
(1746, 5),
(1747, 3),
(1748, 5),
(1749, 5),
(1750, 3),
(1751, 5),
(1752, 3),
(1753, 5),
(1754, 5),
(1755, 5),
(1756, 5),
(1757, 5),
(1758, 5),
(1759, 5),
(1760, 5),
(1761, 5),
(1762, 5),
(1763, 3),
(1764, 5),
(1765, 5),
(1766, 5),
(1767, 5),
(1768, 3),
(1769, 5),
(1770, 5),
(1771, 5),
(1772, 5),
(1773, 5),
(1774, 5),
(1775, 5),
(1776, 5),
(1777, 5),
(1778, 3),
(1779, 5),
(1780, 3),
(1781, 5),
(1782, 3),
(1783, 5),
(1784, 3),
(1785, 3),
(1786, 3),
(1787, 5),
(1788, 5),
(1789, 5),
(1790, 5),
(1791, 5),
(1792, 5),
(1793, 5),
(1794, 3),
(1795, 5),
(1796, 5),
(1797, 5),
(1798, 5),
(1799, 3),
(1800, 3),
(1801, 5),
(1802, 3),
(1803, 3),
(1804, 5),
(1805, 5),
(1806, 5),
(1807, 5),
(1808, 5),
(1809, 5),
(1810, 3),
(1811, 5),
(1812, 5),
(1813, 5),
(1814, 5),
(1815, 5),
(1816, 5),
(1817, 5),
(1818, 5),
(1819, 5),
(1820, 3),
(1821, 5),
(1822, 5),
(1823, 5),
(1824, 5),
(1825, 3),
(1826, 5),
(1827, 5),
(1828, 5),
(1829, 3),
(1830, 5),
(1831, 3),
(1832, 5),
(1833, 3),
(1834, 5),
(1835, 5),
(1836, 5),
(1837, 5),
(1838, 5),
(1839, 5),
(1840, 3),
(1841, 3),
(1842, 3),
(1843, 5),
(1844, 5),
(1845, 2),
(1846, 3),
(1847, 5),
(1848, 5),
(1849, 3),
(1850, 5),
(1851, 5),
(1852, 3),
(1853, 3),
(1854, 3),
(1855, 3),
(1856, 5),
(1857, 3),
(1858, 3),
(1859, 3),
(1860, 5),
(1861, 5),
(1862, 5),
(1863, 5),
(1864, 5),
(1865, 5),
(1866, 5),
(1867, 5),
(1868, 5),
(1869, 3),
(1870, 3),
(1871, 5),
(1872, 3),
(1873, 3),
(1874, 1),
(1875, 5),
(1876, 5),
(1877, 5),
(1878, 5),
(1879, 3),
(1880, 5),
(1881, 5),
(1882, 3),
(1883, 5),
(1884, 3),
(1885, 5),
(1886, 5),
(1887, 3),
(1888, 3),
(1889, 3),
(1890, 5),
(1891, 5),
(1892, 5),
(1893, 3),
(1894, 3),
(1895, 5),
(1896, 5),
(1897, 3),
(1898, 3),
(1899, 5),
(1900, 5),
(1901, 5),
(1902, 3),
(1903, 5),
(1904, 5),
(1905, 3),
(1906, 5),
(1907, 3),
(1908, 5),
(1909, 5),
(1910, 5),
(1911, 3),
(1912, 5),
(1913, 5),
(1914, 5),
(1915, 5),
(1916, 3),
(1917, 5),
(1918, 5),
(1919, 5),
(1920, 5),
(1921, 5),
(1922, 5),
(1923, 5),
(1924, 5),
(1925, 5),
(1926, 3),
(1927, 3),
(1928, 5),
(1929, 3),
(1930, 3),
(1931, 3),
(1932, 2),
(1933, 5),
(1934, 5),
(1935, 5),
(1936, 3),
(1937, 5),
(1938, 2),
(1939, 5),
(1940, 3),
(1941, 5),
(1942, 5),
(1943, 5),
(1944, 5),
(1945, 5),
(1946, 3),
(1947, 3),
(1948, 5),
(1949, 5),
(1950, 3),
(1951, 5),
(1952, 5),
(1953, 2),
(1954, 3),
(1955, 5),
(1956, 5),
(1957, 5),
(1958, 3),
(1959, 3);

-- --------------------------------------------------------

--
-- Structure de la table `ieml_foret_flux`
--

DROP TABLE IF EXISTS `ieml_foret_flux`;
CREATE TABLE `ieml_foret_flux` (
  `onto_flux_id` int(11) NOT NULL auto_increment,
  `onto_flux_parents` int(11) NOT NULL,
  PRIMARY KEY  (`onto_flux_id`,`onto_flux_parents`)
) ENGINE=InnoDB  DEFAULT CHARSET=latin1 AUTO_INCREMENT=16 ;

--
-- Contenu de la table `ieml_foret_flux`
--

INSERT INTO `ieml_foret_flux` (`onto_flux_id`, `onto_flux_parents`) VALUES
(1, 0),
(2, 0),
(3, 0),
(4, 14),
(5, 0),
(6, 0),
(7, 0),
(8, 0),
(9, 14),
(9, 15),
(10, 0),
(11, 0),
(12, 0),
(13, 15),
(14, 0),
(15, 0);

-- --------------------------------------------------------

--
-- Structure de la table `ieml_onto`
--

DROP TABLE IF EXISTS `ieml_onto`;
CREATE TABLE `ieml_onto` (
  `ieml_id` int(11) NOT NULL auto_increment,
  `ieml_code` varchar(50) character set utf8 collate utf8_bin NOT NULL,
  `ieml_lib` varchar(255) NOT NULL,
  `ieml_niveau` int(11) NOT NULL,
  `ieml_parent` varchar(50) NOT NULL,
  `ieml_date` date NOT NULL,
  PRIMARY KEY  (`ieml_id`)
) ENGINE=InnoDB  DEFAULT CHARSET=latin1 COMMENT='Cette table est utilisée pour stocker l’ontologie IEML.' AUTO_INCREMENT=2015 ;

--
-- Contenu de la table `ieml_onto`
--

INSERT INTO `ieml_onto` (`ieml_id`, `ieml_code`, `ieml_lib`, `ieml_niveau`, `ieml_parent`, `ieml_date`) VALUES
(1, '', 'elements', 1, '-1', '0000-00-00'),
(2, '', 'events', 2, '-1', '0000-00-00'),
(3, '', 'relations', 3, '-1', '0000-00-00'),
(4, '', 'cycles', 4, '-1', '0000-00-00'),
(5, '', 'ideas', 5, '-1', '0000-00-00'),
(6, 'f.u.-s.u.-''', 'image mentale', 5, 'ideas', '2008-05-07'),
(7, 'j.n.-', 'banalité', 3, 'relations', '2008-05-07'),
(8, 'k.o.-k.o.-''', 'paix', 5, 'ideas', '2008-05-07'),
(9, 't.o.-j.j.-''', '(à venir)', 5, 'ideas', '2008-05-07'),
(10, 'd.i.-b.i.-t.u.-''', 'numérique', 5, 'ideas', '2008-05-07'),
(11, 'n.u.-l.u.-''', 'piste', 5, 'ideas', '2008-05-07'),
(12, 'k.o.-j.j.-s.y.-''', '(à venir)', 5, 'ideas', '2008-05-07'),
(13, 'f.o.-b.o.-''', 'geste / coup', 5, 'ideas', '2008-05-07'),
(14, 'j.e.-', 'hiérarchie', 3, 'relations', '2008-05-07'),
(15, 't.e.-f.u.-wa.e.-''', 'composer de la musique', 5, 'ideas', '2008-05-07'),
(16, 'M.O.-M.O.-''', 'cycle de transformation', 4, 'cycles', '2008-05-07'),
(17, 'k.o.-x.x.-''', '(à venir)', 5, 'ideas', '2008-05-07'),
(18, 'p.a.-', 'appartenance à un groupe', 3, 'relations', '2008-05-07'),
(19, 'b.o.-f.o.-s.u.-''', 'courageux', 5, 'ideas', '2008-05-07'),
(20, 'c.c.-b.o.-s.y.-''', 'économie de l''information', 5, 'ideas', '2008-05-07'),
(21, 'f.a.-t.a.-f.o.-''', 'assureur', 5, 'ideas', '2008-05-07'),
(22, 'o.o.-s.o.-s.y.-''', 'sciences du management', 5, 'ideas', '2008-05-07'),
(23, 'k.u.-t.u.-''', 'signe divinatoire', 5, 'ideas', '2008-05-07'),
(24, 'm.a.-s.a.-f.o.-''', 'médiateur', 5, 'ideas', '2008-05-07'),
(25, 'd.o.-k.o.-s.u.-''', 'sûr', 5, 'ideas', '2008-05-07'),
(26, 'l.wa.-', 'liberté de circulation', 3, 'relations', '2008-05-07'),
(27, 'm.y.-', 'intelligence émotionnelle', 3, 'relations', '2008-05-07'),
(28, 'l.a.-m.a.-f.o.-''', 'allié', 5, 'ideas', '2008-05-07'),
(29, 't.i.-', 'contenant', 3, 'relations', '2008-05-07'),
(30, 'l.u.-n.u.-d.u.-''', 'ayant lieu / étant arrivé', 5, 'ideas', '2008-05-07'),
(31, 'j.p.-', 'mutation pédagogique', 3, 'relations', '2008-05-07'),
(32, 'j.b.-', 'redondance', 3, 'relations', '2008-05-07'),
(33, 'b.o.-x.x.-''', '(à venir)', 5, 'ideas', '2008-05-07'),
(34, 'a.s.-', 'prendre à la lettre', 3, 'relations', '2008-05-07'),
(35, 'k.e.-t.a.-''', 'mémoire personnelle', 5, 'ideas', '2008-05-07'),
(36, 'g.g.-f.o.-s.y.-''', 'écologie / agronomie', 5, 'ideas', '2008-05-07'),
(37, 'm.u.-', 'symptôme', 3, 'relations', '2008-05-07'),
(38, 'e.e.-k.o.-s.y.-''', 'associations professionnelles', 5, 'ideas', '2008-05-07'),
(39, 'y.y.-l.o.-s.y.-''', 'muséologie', 5, 'ideas', '2008-05-07'),
(40, 'wu.l.-', 'étendre sa vue d''ensemble', 3, 'relations', '2008-05-07'),
(41, 'l.o.-j.j.-''', '(à venir)', 5, 'ideas', '2008-05-07'),
(42, 'l.o.-h.h.-''', '(à venir)', 5, 'ideas', '2008-05-07'),
(43, 'j.j.-m.o.-''', 'oeuvre d''art', 5, 'ideas', '2008-05-07'),
(44, 'l.u.-t.u.-d.u.-''', 'qualitatif', 5, 'ideas', '2008-05-07'),
(45, 'm.a.-f.a.-f.o.-''', 'aidant', 5, 'ideas', '2008-05-07'),
(46, 'k.f.-', 'rivière', 3, 'relations', '2008-05-07'),
(47, 'we.g.-', 'unifier la documentation', 3, 'relations', '2008-05-07'),
(48, 't.o.-', 'temps', 3, 'relations', '2008-05-07'),
(49, 's.e.-f.u.-wa.e.-''', 'jouer de la musique / chanter', 5, 'ideas', '2008-05-07'),
(50, 'O.M.-M.O.-''', 'cycle de production', 4, 'cycles', '2008-05-07'),
(51, 'e.y.-we.h.-', 'outiller la recherche', 5, 'ideas', '2008-05-07'),
(52, 's.e.-d.u.-wa.e.-''', 'recherche d''information', 5, 'ideas', '2008-05-07'),
(53, 'j.j.-s.o.-''', 'concept philosophique', 5, 'ideas', '2008-05-07'),
(54, 'g.wo.-', 'mutation du style', 3, 'relations', '2008-05-07'),
(55, 'f.o.-j.j.-s.y.-''', '(à venir)', 5, 'ideas', '2008-05-07'),
(56, 'c.c.-d.o.-''', 'opérations financières', 5, 'ideas', '2008-05-07'),
(57, 'd.o.-s.o.-s.u.-''', 'raisonnable', 5, 'ideas', '2008-05-07'),
(58, 's.u.-t.u.-''', 'idéogramme', 5, 'ideas', '2008-05-07'),
(59, 's.a.-b.a.-''', 'rôle', 5, 'ideas', '2008-05-07'),
(60, 'n.e.-b.a.-''', 'image de la communauté', 5, 'ideas', '2008-05-07'),
(61, 'k.a.-b.a.-f.o.-''', 'spectateur', 5, 'ideas', '2008-05-07'),
(62, 'm.o.-o.o.-s.y.-''', '(à venir)', 5, 'ideas', '2008-05-07'),
(63, 'u.u.-b.o.-''', 'langue naturelle', 5, 'ideas', '2008-05-07'),
(64, 'k.i.-n.i.-t.u.-''', 'assemblé / manufacturé', 5, 'ideas', '2008-05-07'),
(65, 'wa.h.-', 'transformer le sens', 3, 'relations', '2008-05-07'),
(66, 'l.u.-l.u.-d.u.-''', 'matériel', 5, 'ideas', '2008-05-07'),
(67, 'u.u.-s.o.-s.y.-''', 'sémiologie', 5, 'ideas', '2008-05-07'),
(68, 'we.e.-', 'renouveler les compétences', 3, 'relations', '2008-05-07'),
(69, 'm.u.-n.u.-d.u.-''', 'subjectif', 5, 'ideas', '2008-05-07'),
(70, 'n.o.-d.o.-''', 'évaluation', 5, 'ideas', '2008-05-07'),
(71, 'f.d.-', 'fruit', 3, 'relations', '2008-05-07'),
(72, 'i.c.-', 'travailler sur soi', 3, 'relations', '2008-05-07'),
(73, 't.u.-m.u.-''', 'son', 5, 'ideas', '2008-05-07'),
(74, 'l.u.-f.u.-''', 'grain / texture', 5, 'ideas', '2008-05-07'),
(75, 't.o.-t.o.-s.u.-''', 'en transition / temporel', 5, 'ideas', '2008-05-07'),
(76, 'f.a.-d.a.-f.o.-''', 'technicien', 5, 'ideas', '2008-05-07'),
(77, 'y.y.-k.o.-''', 'communauté savante', 5, 'ideas', '2008-05-07'),
(78, 'l.i.-d.i.-''', 'boussole', 5, 'ideas', '2008-05-07'),
(79, 'wu.b.-', 'développer sa sensibilité poétique', 3, 'relations', '2008-05-07'),
(80, 'n.o.-t.o.-s.u.-''', 'en progrès', 5, 'ideas', '2008-05-07'),
(81, 's.u.-m.u.-d.u.-''', 'onirique', 5, 'ideas', '2008-05-07'),
(82, 'f.f.-', 'eau', 3, 'relations', '2008-05-07'),
(83, 'f.n.-', 'sauvage', 3, 'relations', '2008-05-07'),
(84, 'i.x.-', 'travailler la matière', 3, 'relations', '2008-05-07'),
(85, 'n.o.-l.o.-s.u.-''', 'cosmique', 5, 'ideas', '2008-05-07'),
(86, 'l.u.-t.u.-''', 'qualité', 5, 'ideas', '2008-05-07'),
(87, 'm.i.-b.i.-''', 'parfum', 5, 'ideas', '2008-05-07'),
(88, 'm.n.-', 'ennui', 3, 'relations', '2008-05-07'),
(89, 'b.o.-m.o.-s.u.-''', 'beau', 5, 'ideas', '2008-05-07'),
(90, 'l.o.-b.o.-''', 'composition', 5, 'ideas', '2008-05-07'),
(91, 'k.u.-b.u.-d.u.-''', 'révélé', 5, 'ideas', '2008-05-07'),
(92, 's.i.-', 'interface', 3, 'relations', '2008-05-07'),
(93, 'a.a.-', 'contracter', 3, 'relations', '2008-05-07'),
(94, 'm.u.-l.u.-d.u.-''', 'rappelé à la mémoire', 5, 'ideas', '2008-05-07'),
(95, 'o.wa.-', 'agir dans le cadre du droit administratif / commercial', 3, 'relations', '2008-05-07'),
(96, 't.o.-g.g.-s.y.-''', '(à venir)', 5, 'ideas', '2008-05-07'),
(97, 'f.u.-', 'sensation', 3, 'relations', '2008-05-07'),
(98, 'k.e.-t.a.-wa.e.-''', 'entraînement de la mémoire', 5, 'ideas', '2008-05-07'),
(99, 'y.y.-f.o.-s.y.-''', 'esthétique', 5, 'ideas', '2008-05-07'),
(100, 't.i.-d.i.-t.u.-''', 'chronométré', 5, 'ideas', '2008-05-07'),
(101, 'o.o.-b.o.-s.y.-''', 'communication sociale', 5, 'ideas', '2008-05-07'),
(102, 'l.o.-o.o.-''', '(à venir)', 5, 'ideas', '2008-05-07'),
(103, 'd.e.-f.i.-''', 'performance physique', 5, 'ideas', '2008-05-07'),
(104, 'l.o.-s.o.-''', 'exploration', 5, 'ideas', '2008-05-07'),
(105, 't.e.-n.u.-wa.e.-''', 'écriture littéraire', 5, 'ideas', '2008-05-07'),
(106, 's.o.-n.o.-''', 'méditation', 5, 'ideas', '2008-05-07'),
(107, 'f.o.-y.y.-s.y.-''', '(à venir)', 5, 'ideas', '2008-05-07'),
(108, 'n.o.-f.o.-''', 'santé', 5, 'ideas', '2008-05-07'),
(109, 'd.e.-m.i.-''', 'goût', 5, 'ideas', '2008-05-07'),
(110, 'd.a.-b.a.-''', 'production de spectacle', 5, 'ideas', '2008-05-07'),
(111, 'h.h.-n.o.-s.y.-''', 'études sur les droits humains', 5, 'ideas', '2008-05-07'),
(112, 'm.i.-l.i.-t.u.-''', 'vêtu / recouvert', 5, 'ideas', '2008-05-07'),
(113, 'd.a.-m.a.-f.o.-''', 'enfant', 5, 'ideas', '2008-05-07'),
(114, 'd.s.-', 'obscurité', 3, 'relations', '2008-05-07'),
(115, 's.u.-s.u.-''', 'idée', 5, 'ideas', '2008-05-07'),
(116, 'l.o.-e.e.-s.y.-''', '(à venir)', 5, 'ideas', '2008-05-07'),
(117, 'k.o.-l.o.-s.u.-''', 'institué', 5, 'ideas', '2008-05-07'),
(118, 't.c.-', 'legs politique', 3, 'relations', '2008-05-07'),
(119, 'a.wa.-', 'créer une entreprise', 3, 'relations', '2008-05-07'),
(120, 't.u.-l.u.-d.u.-''', 'photographié', 5, 'ideas', '2008-05-07'),
(121, 'y.k.-', 'ignorer les relations', 3, 'relations', '2008-05-07'),
(122, 'l.we.-', 'responsabilité économique', 3, 'relations', '2008-05-07'),
(123, 'a.l.-', 'transgresser', 3, 'relations', '2008-05-07'),
(124, 's.o.-j.j.-s.y.-''', '(à venir)', 5, 'ideas', '2008-05-07'),
(125, 'wa.wu.-', 'célébrer', 3, 'relations', '2008-05-07'),
(126, 'k.i.-f.i.-''', 'bouche / système digestif', 5, 'ideas', '2008-05-07'),
(127, 'b.i.-', 'medium', 3, 'relations', '2008-05-07'),
(128, 'c.e.-', 'révolution / changement de pouvoir', 3, 'relations', '2008-05-07'),
(129, 'k.x.-', 'équipe de projet', 3, 'relations', '2008-05-07'),
(130, 'wu.wa.-', 'déplorer', 3, 'relations', '2008-05-07'),
(131, 'b.o.-p.p.-s.y.-''', '(à venir)', 5, 'ideas', '2008-05-07'),
(132, 'n.n.-', 'feu', 3, 'relations', '2008-05-07'),
(133, 'we.f.-', 'satisfaire ses besoins primaires', 3, 'relations', '2008-05-07'),
(134, 'd.a.-d.a.-f.o.-''', 'inventeur', 5, 'ideas', '2008-05-07'),
(135, 'd.a.-s.a.-''', 'étude', 5, 'ideas', '2008-05-07'),
(136, 'u.y.-we.h.-', 'préciser l''information', 5, 'ideas', '2008-05-07'),
(137, 'n.o.-e.e.-''', '(à venir)', 5, 'ideas', '2008-05-07'),
(138, 'd.a.-l.a.-''', 'renseignement', 5, 'ideas', '2008-05-07'),
(139, 'b.e.-t.u.-''', 'cohérence logique', 5, 'ideas', '2008-05-07'),
(140, 'u.u.-f.o.-s.y.-''', 'musicologie', 5, 'ideas', '2008-05-07'),
(141, 'x.x.-b.o.-''', 'supports de télécommunication', 5, 'ideas', '2008-05-07'),
(142, 'p.p.-t.o.-s.y.-''', 'histoire des relations internationales', 5, 'ideas', '2008-05-07'),
(143, 'd.o.-h.h.-''', '(à venir)', 5, 'ideas', '2008-05-07'),
(144, 's.wa.-', 'tactique', 3, 'relations', '2008-05-07'),
(145, 'e.e.-d.o.-''', 'degré de compétence', 5, 'ideas', '2008-05-07'),
(146, 'l.e.-f.i.-wa.e.-''', 'biotechnologie', 5, 'ideas', '2008-05-07'),
(147, 'c.f.-', 'échec', 3, 'relations', '2008-05-07'),
(148, 's.e.-m.u.-''', 'jeu d''acteur', 5, 'ideas', '2008-05-07'),
(149, 't.e.-k.u.-''', 'symbole original', 5, 'ideas', '2008-05-07'),
(150, 'n.o.-j.j.-s.y.-''', '(à venir)', 5, 'ideas', '2008-05-07'),
(151, 'm.o.-n.o.-s.u.-''', 'sage', 5, 'ideas', '2008-05-07'),
(152, 'x.wu.-', 'nouvel instrument d''observation', 3, 'relations', '2008-05-07'),
(153, 't.d.-', 'Automne', 3, 'relations', '2008-05-07'),
(154, 'g.g.-b.o.-''', 'représentation transversale', 5, 'ideas', '2008-05-07'),
(155, 'a.i.-', 'poser sa candidature', 3, 'relations', '2008-05-07'),
(156, 'k.o.-x.x.-s.y.-''', '(à venir)', 5, 'ideas', '2008-05-07'),
(157, 'wo.h.-', 'réfléchir aux sens possibles', 3, 'relations', '2008-05-07'),
(158, 's.g.-', 'projet de communication', 3, 'relations', '2008-05-07'),
(159, 'f.e.-t.i.-''', 'matériel entretenu', 5, 'ideas', '2008-05-07'),
(160, 'n.o.-b.o.-''', 'style', 5, 'ideas', '2008-05-07'),
(161, 'wa.f.-', 'cultiver son énergie physique', 3, 'relations', '2008-05-07'),
(162, 'x.', 'mutation matérielle', 2, 'events', '2008-05-07'),
(163, 'f.o.-n.o.-''', 'danse', 5, 'ideas', '2008-05-07'),
(164, 'b.o.-t.o.-''', 'promesse', 5, 'ideas', '2008-05-07'),
(165, 'k.o.-h.h.-''', '(à venir)', 5, 'ideas', '2008-05-07'),
(166, 'd.i.-l.i.-''', 'lieu / site', 5, 'ideas', '2008-05-07'),
(167, 'u.u.-d.o.-s.y.-''', 'sciences de la documentation', 5, 'ideas', '2008-05-07'),
(168, 'wo.p.-', 'réfléchir aux objets possibles', 3, 'relations', '2008-05-07'),
(169, 'f.t.-', 'fleur', 3, 'relations', '2008-05-07'),
(170, 't.o.-y.y.-s.y.-''', '(à venir)', 5, 'ideas', '2008-05-07'),
(171, 'p.l.-', 'suffisance', 3, 'relations', '2008-05-07'),
(172, 'b.u.-m.u.-d.u.-''', 'chant', 5, 'ideas', '2008-05-07'),
(173, 'y.y.-', 'maîtriser un domaine de connaissance', 3, 'relations', '2008-05-07'),
(174, 'n.a.-l.a.-''', 'ordre public', 5, 'ideas', '2008-05-07'),
(175, 'f.e.-l.i.-wa.e.-''', 'maîtrise de la construction', 5, 'ideas', '2008-05-07'),
(176, 'e.s.-', 'négliger les codes', 3, 'relations', '2008-05-07'),
(177, 'b.a.-k.a.-''', 'agir politique', 5, 'ideas', '2008-05-07'),
(178, 'i.e.-we.h.-', 'investir', 5, 'ideas', '2008-05-07'),
(179, 'f.o.-n.o.-s.u.-''', 'pas / démarche', 5, 'ideas', '2008-05-07'),
(180, 'p.p.-m.o.-''', 'promotion d''une marque', 5, 'ideas', '2008-05-07'),
(181, 'f.o.-t.o.-s.u.-''', 'en croissance', 5, 'ideas', '2008-05-07'),
(182, 'y.y.-m.o.-s.y.-''', 'critique art/science', 5, 'ideas', '2008-05-07'),
(183, 'wu.a.-', 'étudier les caractères', 3, 'relations', '2008-05-07'),
(184, 'b.e.-d.u.-''', 'objet de recherche', 5, 'ideas', '2008-05-07'),
(185, 'l.i.-t.i.-t.u.-''', 'fermé / emballé', 5, 'ideas', '2008-05-07'),
(186, 'p.p.-s.o.-s.y.-''', 'théorie de l''apprentissage', 5, 'ideas', '2008-05-07'),
(187, 't.h.-', 'héritage spirituel', 3, 'relations', '2008-05-07'),
(188, 'k.u.-t.u.-d.u.-''', 'prémonitoire', 5, 'ideas', '2008-05-07'),
(189, 'u.u.-f.o.-''', 'musique', 5, 'ideas', '2008-05-07'),
(190, 'U.', 'virtuel', 1, 'elements', '2008-05-07'),
(191, 's.e.-t.u.-''', 'opération arithmétique', 5, 'ideas', '2008-05-07'),
(192, 'o.y.-we.h.-', 'orienter la recherche', 5, 'ideas', '2008-05-07'),
(193, 'o.o.-m.o.-s.y.-''', 'critique sociale', 5, 'ideas', '2008-05-07'),
(194, 'm.wu.-', 'goût de vivre', 3, 'relations', '2008-05-07'),
(195, 'f.u.-m.u.-d.u.-''', 'sentimental', 5, 'ideas', '2008-05-07'),
(196, 'm.i.-s.i.-t.u.-''', 'piégé', 5, 'ideas', '2008-05-07'),
(197, 'd.y.-', 'connaissance objective', 3, 'relations', '2008-05-07'),
(198, 'g.we.-', 'initiation / nouveau nom', 3, 'relations', '2008-05-07'),
(199, 'm.o.-h.h.-s.y.-''', '(à venir)', 5, 'ideas', '2008-05-07'),
(200, 'e.o.-we.h.-', 'poser normes et standards', 5, 'ideas', '2008-05-07'),
(201, 'o.s.-', 'avoir des préjugés', 3, 'relations', '2008-05-07'),
(202, 'd.u.-s.u.-d.u.-''', 'cartographié', 5, 'ideas', '2008-05-07'),
(203, 't.u.-f.u.-d.u.-''', 'séquentiel', 5, 'ideas', '2008-05-07'),
(204, 'a.a.-f.o.-''', 'population humaine', 5, 'ideas', '2008-05-07'),
(205, 'a.y.-we.h.-', 'investir dans la recherche', 5, 'ideas', '2008-05-07'),
(206, 't.s.-', 'nuit', 3, 'relations', '2008-05-07'),
(207, 'b.i.-s.i.-t.u.-''', 'atmosphérique', 5, 'ideas', '2008-05-07'),
(208, 'k.o.-d.o.-s.u.-''', 'honnête', 5, 'ideas', '2008-05-07'),
(209, 'n.u.-l.u.-d.u.-''', 'retracé', 5, 'ideas', '2008-05-07'),
(210, 'd.e.-d.i.-''', 'geste précis', 5, 'ideas', '2008-05-07'),
(211, 'd.e.-s.i.-''', 'synchronie corps-esprit', 5, 'ideas', '2008-05-07'),
(212, 'm.u.-m.u.-''', 'visage', 5, 'ideas', '2008-05-07'),
(213, 's.o.-g.g.-''', '(à venir)', 5, 'ideas', '2008-05-07'),
(214, 'n.u.-k.u.-''', 'vertu', 5, 'ideas', '2008-05-07'),
(215, 'f.e.-f.i.-''', 'opération sur le corps', 5, 'ideas', '2008-05-07'),
(216, 's.o.-i.i.-''', '(à venir)', 5, 'ideas', '2008-05-07'),
(217, 'k.e.-l.a.-''', 'sécurité personnelle', 5, 'ideas', '2008-05-07'),
(218, 'b.o.-a.a.-s.y.-''', '(à venir)', 5, 'ideas', '2008-05-07'),
(219, 'f.o.-c.c.-s.y.-''', '(à venir)', 5, 'ideas', '2008-05-07'),
(220, 't.o.-f.o.-s.u.-''', 'périodique', 5, 'ideas', '2008-05-07'),
(221, 'd.o.-y.y.-s.y.-''', '(à venir)', 5, 'ideas', '2008-05-07'),
(222, 'p.d.-', 'erreur sur les faits', 3, 'relations', '2008-05-07'),
(223, 'u.wo.-', 'publier ou exposer une oeuvre originale', 3, 'relations', '2008-05-07'),
(224, 'k.o.-p.p.-''', '(à venir)', 5, 'ideas', '2008-05-07'),
(225, 'f.u.-n.u.-d.u.-''', 'attribué', 5, 'ideas', '2008-05-07'),
(226, 'k.o.-o.o.-s.y.-''', '(à venir)', 5, 'ideas', '2008-05-07'),
(227, 's.o.-p.p.-s.y.-''', '(à venir)', 5, 'ideas', '2008-05-07'),
(228, 's.o.-x.x.-''', '(à venir)', 5, 'ideas', '2008-05-07'),
(229, 'h.h.-l.o.-''', 'paysage sacré / espace', 5, 'ideas', '2008-05-07'),
(230, 's.o.-a.a.-''', '(à venir)', 5, 'ideas', '2008-05-07'),
(231, 'u.b.-', 'monologuer', 3, 'relations', '2008-05-07'),
(232, 'f.i.-t.i.-''', 'graisse', 5, 'ideas', '2008-05-07'),
(233, 'n.p.-', 'évolution du marché', 3, 'relations', '2008-05-07'),
(234, 'b.o.-h.h.-s.y.-''', '(à venir)', 5, 'ideas', '2008-05-07'),
(235, 'y.y.-d.o.-''', 'paradigme / épistémè', 5, 'ideas', '2008-05-07'),
(236, 'j.s.-', 'lapsus', 3, 'relations', '2008-05-07'),
(237, 'b.o.-i.i.-s.y.-''', '(à venir)', 5, 'ideas', '2008-05-07'),
(238, 'm.u.-f.u.-d.u.-''', 'agréable', 5, 'ideas', '2008-05-07'),
(239, 'm.i.-t.i.-t.u.-''', 'protégé', 5, 'ideas', '2008-05-07'),
(240, 'b.we.-', 'climat médiatique', 3, 'relations', '2008-05-07'),
(241, 'd.u.-f.u.-''', 'présence', 5, 'ideas', '2008-05-07'),
(242, 'b.o.-e.e.-s.y.-''', '(à venir)', 5, 'ideas', '2008-05-07'),
(243, 's.i.-m.i.-''', 'robot / mécanisme', 5, 'ideas', '2008-05-07'),
(244, 't.a.-k.a.-f.o.-''', 'fonctionnaire', 5, 'ideas', '2008-05-07'),
(245, 'c.c.-n.o.-''', 'singularité culturelle', 5, 'ideas', '2008-05-07'),
(246, 'n.o.-l.o.-''', 'cosmos', 5, 'ideas', '2008-05-07'),
(247, 'm.i.-m.i.-t.u.-''', 'fétichisé', 5, 'ideas', '2008-05-07'),
(248, 'm.e.-n.a.-''', 'personne choisie', 5, 'ideas', '2008-05-07'),
(249, 't.a.-d.a.-''', 'investissement', 5, 'ideas', '2008-05-07'),
(250, 'n.i.-n.i.-t.u.-''', 'source d''énergie', 5, 'ideas', '2008-05-07'),
(251, 'b.o.-h.h.-''', '(à venir)', 5, 'ideas', '2008-05-07'),
(252, 'g.n.-', 'censure', 3, 'relations', '2008-05-07'),
(253, 's.a.-f.a.-''', 'psychothérapie', 5, 'ideas', '2008-05-07'),
(254, 'y.wu.-', 'assumer son identité personnelle', 3, 'relations', '2008-05-07'),
(255, 't.k.-', 'Hiver', 3, 'relations', '2008-05-07'),
(256, 't.i.-b.i.-t.u.-''', 'informatif', 5, 'ideas', '2008-05-07'),
(257, 'k.o.-o.o.-''', '(à venir)', 5, 'ideas', '2008-05-07'),
(258, 'f.b.-', 'rouge', 3, 'relations', '2008-05-07'),
(259, 'n.i.-s.i.-''', 'moteur', 5, 'ideas', '2008-05-07'),
(260, 'k.u.-s.u.-d.u.-''', 'symétrique', 5, 'ideas', '2008-05-07'),
(261, 't.o.-m.o.-s.u.-''', 'espéré', 5, 'ideas', '2008-05-07'),
(262, 'b.d.-', 'aigu', 3, 'relations', '2008-05-07'),
(263, 'b.o.-y.y.-''', '(à venir)', 5, 'ideas', '2008-05-07'),
(264, 'o.i.-we.h.-', 'orienter la production', 5, 'ideas', '2008-05-07'),
(265, 'b.h.-', 'réinterprétation du contexte', 3, 'relations', '2008-05-07'),
(266, 'n.e.-m.a.-''', 'entente', 5, 'ideas', '2008-05-07'),
(267, 'd.a.-k.a.-f.o.-''', 'inspecteur', 5, 'ideas', '2008-05-07'),
(268, 'wu.p.-', 're-évaluer l''objet', 3, 'relations', '2008-05-07'),
(269, 'm.e.-s.a.-''', 'apprendre des autres', 5, 'ideas', '2008-05-07'),
(270, 'i.i.-t.o.-s.y.-''', 'modèle prédictif', 5, 'ideas', '2008-05-07'),
(271, 'l.o.-n.o.-s.u.-''', 'spatial', 5, 'ideas', '2008-05-07'),
(272, 'wo.n.-', 'changer de représentation du monde', 3, 'relations', '2008-05-07'),
(273, 'o.x.-', 'orienter son travail', 3, 'relations', '2008-05-07'),
(274, 'i.m.-', 'utiliser les armes', 3, 'relations', '2008-05-07'),
(275, 'wa.g.-', 'transformer la documentation', 3, 'relations', '2008-05-07'),
(276, 'e.', 'pouvoir', 2, 'events', '2008-05-07'),
(277, 'h.d.-', 'imitation', 3, 'relations', '2008-05-07'),
(278, 's.o.-s.o.-''', 'esprit', 5, 'ideas', '2008-05-07'),
(279, 's.we.-', 'souci de l''environnement', 3, 'relations', '2008-05-07'),
(280, 'k.a.-s.a.-''', 'diplomatie', 5, 'ideas', '2008-05-07'),
(281, 'g.x.-', 'commandement', 3, 'relations', '2008-05-07'),
(282, 'k.o.-b.o.-''', 'conversation', 5, 'ideas', '2008-05-07'),
(283, 'd.o.-d.o.-s.u.-''', 'examiné', 5, 'ideas', '2008-05-07'),
(284, 'h.y.-', 'cadre conceptuel', 3, 'relations', '2008-05-07'),
(285, 'd.u.-k.u.-''', 'temple', 5, 'ideas', '2008-05-07'),
(286, 'm.o.-i.i.-''', '(à venir)', 5, 'ideas', '2008-05-07'),
(287, 'a.p.-', 's''impliquer dans son sujet', 3, 'relations', '2008-05-07'),
(288, 'm.e.-b.a.-wa.e.-''', 'sages paroles', 5, 'ideas', '2008-05-07'),
(289, 'f.k.-', 'mer', 3, 'relations', '2008-05-07'),
(290, 'n.g.-', 'changement de comportement du public', 3, 'relations', '2008-05-07'),
(291, 'wa.i.-', 'utiliser l''équipement', 3, 'relations', '2008-05-07'),
(292, 'f.u.-m.u.-''', 'sensibilité', 5, 'ideas', '2008-05-07'),
(293, 's.a.-s.a.-f.o.-''', 'philosophe', 5, 'ideas', '2008-05-07'),
(294, 't.e.-k.u.-wa.e.-''', 'création de symbole', 5, 'ideas', '2008-05-07'),
(295, 'M.M.-M.M.-''', 'cycle naturel', 4, 'cycles', '2008-05-07'),
(296, 'a.d.-', 'être superficiel', 3, 'relations', '2008-05-07'),
(297, 's.i.-m.i.-t.u.-''', 'mécanique', 5, 'ideas', '2008-05-07'),
(298, 'g.f.-', 'opposition', 3, 'relations', '2008-05-07'),
(299, 'b.e.-', 'capacité de raisonner', 3, 'relations', '2008-05-07'),
(300, 't.a.-d.a.-f.o.-''', 'investisseur', 5, 'ideas', '2008-05-07'),
(301, 'O.M.-O.O.-''', 'cycle de puissance', 4, 'cycles', '2008-05-07'),
(302, 'l.n.-', 'plein', 3, 'relations', '2008-05-07'),
(303, 'm.o.-j.j.-s.y.-''', '(à venir)', 5, 'ideas', '2008-05-07'),
(304, 'm.a.-f.a.-''', 'aide', 5, 'ideas', '2008-05-07'),
(305, 'l.o.-l.o.-s.u.-''', 'complexe', 5, 'ideas', '2008-05-07'),
(306, 'y.y.-s.o.-''', 'méthode scientifique', 5, 'ideas', '2008-05-07'),
(307, 's.y.-', 'connaissance organisée', 3, 'relations', '2008-05-07'),
(308, 'm.i.-f.i.-t.u.-''', 'caressé', 5, 'ideas', '2008-05-07'),
(309, 's.', 'pensée', 2, 'events', '2008-05-07'),
(310, 'm.u.-s.u.-d.u.-''', 'fantasmé', 5, 'ideas', '2008-05-07'),
(311, 'b.a.-t.a.-''', 'comptes', 5, 'ideas', '2008-05-07'),
(312, 'j.wo.-', 'tournant de la réflexion', 3, 'relations', '2008-05-07'),
(313, 'b.a.-d.a.-f.o.-''', 'publicitaire', 5, 'ideas', '2008-05-07'),
(314, 'a.o.-', 'juger', 3, 'relations', '2008-05-07'),
(315, 'o.o.-t.o.-''', 'identité institutionnelle', 5, 'ideas', '2008-05-07'),
(316, 'k.l.-', 'étendue', 3, 'relations', '2008-05-07'),
(317, 's.i.-f.i.-''', 'système nerveux / système immunitaire', 5, 'ideas', '2008-05-07'),
(318, 'g.g.-s.o.-s.y.-''', 'théories de la communication', 5, 'ideas', '2008-05-07'),
(319, 'f.o.-e.e.-''', '(à venir)', 5, 'ideas', '2008-05-07'),
(320, 'g.k.-', 'non respect des normes', 3, 'relations', '2008-05-07'),
(321, 'f.s.-', 'animal', 3, 'relations', '2008-05-07'),
(322, 's.e.-n.u.-wa.e.-''', 'vocabulaire', 5, 'ideas', '2008-05-07'),
(323, 'g.wa.-', 'rétroaction', 3, 'relations', '2008-05-07'),
(324, 'n.e.-l.a.-wa.e.-''', 'protéger un groupe', 5, 'ideas', '2008-05-07'),
(325, 't.o.-h.h.-s.y.-''', '(à venir)', 5, 'ideas', '2008-05-07'),
(326, 'h.wu.-', 'changement de perception du même objet', 3, 'relations', '2008-05-07'),
(327, 'b.i.-l.i.-t.u.-''', 'relié', 5, 'ideas', '2008-05-07'),
(328, 'n.o.-k.o.-s.u.-''', 'religieux', 5, 'ideas', '2008-05-07'),
(329, 'f.e.-n.i.-''', 'industrie', 5, 'ideas', '2008-05-07'),
(330, 'd.o.-n.o.-''', 'science', 5, 'ideas', '2008-05-07'),
(331, 'we.o.-', 'renouveler les objectifs', 3, 'relations', '2008-05-07'),
(332, 'p.', 'mutation de référent', 2, 'events', '2008-05-07'),
(333, 'n.e.-t.a.-wa.e.-''', 'initier une tradition', 5, 'ideas', '2008-05-07'),
(334, 'd.a.-n.a.-''', 'témoignage', 5, 'ideas', '2008-05-07'),
(335, 'm.i.-b.i.-t.u.-''', 'parfumé', 5, 'ideas', '2008-05-07'),
(336, 'k.a.-s.a.-f.o.-''', 'diplomate', 5, 'ideas', '2008-05-07'),
(337, 'm.o.-g.g.-''', '(à venir)', 5, 'ideas', '2008-05-07'),
(338, 'f.i.-l.i.-''', 'charpente', 5, 'ideas', '2008-05-07'),
(339, 'b.o.-n.o.-''', 'poésie', 5, 'ideas', '2008-05-07'),
(340, 'k.g.-', 'respect des normes et standards', 3, 'relations', '2008-05-07'),
(341, 'b.u.-b.u.-''', 'hypertexte', 5, 'ideas', '2008-05-07'),
(342, 'we.k.-', 'constituer des liens sociaux', 3, 'relations', '2008-05-07'),
(343, 'n.o.-n.o.-s.u.-''', 'humain', 5, 'ideas', '2008-05-07'),
(344, 'n.e.-t.a.-''', 'civilisation', 5, 'ideas', '2008-05-07'),
(345, 'i.i.-l.o.-s.y.-''', 'physique', 5, 'ideas', '2008-05-07'),
(346, 'd.e.-t.i.-wa.e.-''', 'conduire un véhicule', 5, 'ideas', '2008-05-07'),
(347, 'm.o.-b.o.-''', 'expression', 5, 'ideas', '2008-05-07'),
(348, 'm.a.-d.a.-''', 'partenariat', 5, 'ideas', '2008-05-07'),
(349, 'd.e.-k.i.-''', 'esprit d''équipe', 5, 'ideas', '2008-05-07'),
(350, 'h.h.-f.o.-s.y.-''', 'bioéthique / éthique médicale', 5, 'ideas', '2008-05-07'),
(351, 'wa.x.-', 'transformer le système technique', 3, 'relations', '2008-05-07'),
(352, 'n.x.-', 'transformation matérielle', 3, 'relations', '2008-05-07'),
(353, 'y.o.-we.h.-', 'définir les problèmes', 5, 'ideas', '2008-05-07'),
(354, 'n.k.-', 'campement', 3, 'relations', '2008-05-07'),
(355, 'd.u.-l.u.-d.u.-''', 'soupçonné', 5, 'ideas', '2008-05-07'),
(356, 's.i.-t.i.-t.u.-''', 'filtré', 5, 'ideas', '2008-05-07'),
(357, 'd.o.-f.o.-''', 'expérience', 5, 'ideas', '2008-05-07'),
(358, 'o.o.-k.o.-''', 'régime politique', 5, 'ideas', '2008-05-07'),
(359, 'we.', 'reconstituer', 2, 'events', '2008-05-07'),
(360, 'c.t.-', 'obsolescence', 3, 'relations', '2008-05-07'),
(361, 'k.i.-k.i.-t.u.-''', 'économique', 5, 'ideas', '2008-05-07'),
(362, 'd.o.-y.y.-''', '(à venir)', 5, 'ideas', '2008-05-07'),
(363, 'n.i.-s.i.-t.u.-''', 'en mouvement', 5, 'ideas', '2008-05-07'),
(364, 'k.a.-t.a.-f.o.-''', 'secrétaire', 5, 'ideas', '2008-05-07'),
(365, 'l.o.-d.o.-''', 'orientation', 5, 'ideas', '2008-05-07'),
(366, 'y.y.-m.o.-''', 'objet de controverse', 5, 'ideas', '2008-05-07'),
(367, 'f.o.-f.o.-''', 'corps', 5, 'ideas', '2008-05-07'),
(368, 'm.e.-d.a.-''', 'méthode d''enquête', 5, 'ideas', '2008-05-07'),
(369, 'd.u.-b.u.-''', 'avertissement', 5, 'ideas', '2008-05-07'),
(370, 'p.p.-t.o.-''', 'relation internationale', 5, 'ideas', '2008-05-07'),
(371, 'm.g.-', 'empathie', 3, 'relations', '2008-05-07'),
(372, 't.e.-t.u.-''', 'cognition augmentée', 5, 'ideas', '2008-05-07'),
(373, 'b.e.-n.u.-wa.e.-''', 'érudition littéraire', 5, 'ideas', '2008-05-07'),
(374, 'm.u.-d.u.-''', 'maquillage', 5, 'ideas', '2008-05-07'),
(375, 'm.o.-k.o.-''', 'compassion', 5, 'ideas', '2008-05-07'),
(376, 'l.i.-f.i.-t.u.-''', 'fort / agile', 5, 'ideas', '2008-05-07'),
(377, 'n.i.-t.i.-''', 'carburant', 5, 'ideas', '2008-05-07'),
(378, 'b.u.-n.u.-d.u.-''', 'agissant', 5, 'ideas', '2008-05-07'),
(379, 'd.o.-g.g.-s.y.-''', '(à venir)', 5, 'ideas', '2008-05-07'),
(380, 't.g.-', 'budget', 3, 'relations', '2008-05-07'),
(381, 'l.u.-', 'trace', 3, 'relations', '2008-05-07'),
(382, 'd.e.-b.i.-wa.e.-''', 'danser', 5, 'ideas', '2008-05-07'),
(383, 'e.t.-', 'offenser', 3, 'relations', '2008-05-07'),
(384, 'n.i.-b.i.-''', 'éclairage', 5, 'ideas', '2008-05-07'),
(385, 'l.i.-b.i.-''', 'simulation', 5, 'ideas', '2008-05-07'),
(386, 'd.a.-k.a.-''', 'inspection', 5, 'ideas', '2008-05-07'),
(387, 'y.e.-we.h.-', 'proposer des solutions', 5, 'ideas', '2008-05-07'),
(389, 'f.u.-f.u.-d.u.-''', 'illusoire', 5, 'ideas', '2008-05-07'),
(390, 'l.o.-y.y.-s.y.-''', '(à venir)', 5, 'ideas', '2008-05-07'),
(391, 'e.k.-', 'être emporté par ses passions', 3, 'relations', '2008-05-07'),
(392, 'f.o.-u.u.-''', '(à venir)', 5, 'ideas', '2008-05-07'),
(393, 'o.o.-m.o.-''', 'problème social', 5, 'ideas', '2008-05-07'),
(394, 'k.u.-f.u.-''', 'sainteté', 5, 'ideas', '2008-05-07'),
(395, 'x.u.-', 'rédaction', 3, 'relations', '2008-05-07'),
(396, 'n.a.-t.a.-f.o.-''', 'avocat', 5, 'ideas', '2008-05-07'),
(397, 'm.o.-g.g.-s.y.-''', '(à venir)', 5, 'ideas', '2008-05-07'),
(398, 'm.a.-k.a.-f.o.-''', 'voisin', 5, 'ideas', '2008-05-07'),
(399, 'wo.m.-', 'conscience des émotions', 3, 'relations', '2008-05-07'),
(400, 't.o.-x.x.-s.y.-''', '(à venir)', 5, 'ideas', '2008-05-07'),
(401, 'l.o.-a.a.-''', '(à venir)', 5, 'ideas', '2008-05-07'),
(402, 't.u.-s.u.-''', 'caractère / typographie', 5, 'ideas', '2008-05-07'),
(403, 'n.e.-n.a.-''', 'raffinement moral', 5, 'ideas', '2008-05-07'),
(404, 'f.o.-g.g.-s.y.-''', '(à venir)', 5, 'ideas', '2008-05-07'),
(405, 'n.a.-s.a.-''', 'majorité', 5, 'ideas', '2008-05-07'),
(406, 'b.e.-d.u.-wa.e.-''', 'documentation', 5, 'ideas', '2008-05-07'),
(407, 'f.a.-n.a.-f.o.-''', 'travailleur social', 5, 'ideas', '2008-05-07'),
(408, 'O.M.-M.M.-''', 'cycle d''obstacles', 4, 'cycles', '2008-05-07'),
(409, 'l.i.-d.i.-t.u.-''', 'orienté', 5, 'ideas', '2008-05-07'),
(410, 'm.u.-m.u.-d.u.-''', 'autre', 5, 'ideas', '2008-05-07'),
(411, 'e.f.-', 'être incompétent', 3, 'relations', '2008-05-07'),
(412, 'k.e.-n.a.-''', 'éthique', 5, 'ideas', '2008-05-07'),
(413, 'l.a.-t.a.-''', 'atlas', 5, 'ideas', '2008-05-07'),
(414, 'k.o.-u.u.-''', '(à venir)', 5, 'ideas', '2008-05-07'),
(415, 'l.i.-s.i.-t.u.-''', 'ouvert', 5, 'ideas', '2008-05-07'),
(416, 'b.a.-l.a.-''', 'transport', 5, 'ideas', '2008-05-07'),
(417, 'j.j.-b.o.-''', 'structure formelle', 5, 'ideas', '2008-05-07'),
(418, 'f.e.-n.i.-wa.e.-''', 'maîtrise de la production', 5, 'ideas', '2008-05-07'),
(419, 'l.o.-e.e.-''', '(à venir)', 5, 'ideas', '2008-05-07'),
(420, 'b.i.-f.i.-''', 'système circulatoire / système respiratoire', 5, 'ideas', '2008-05-07'),
(421, 'p.p.-n.o.-s.y.-''', 'études de gouvernance internationales', 5, 'ideas', '2008-05-07'),
(422, 'b.a.-b.a.-f.o.-''', 'auteur', 5, 'ideas', '2008-05-07'),
(423, 'd.', 'vérité', 2, 'events', '2008-05-07'),
(424, 'n.o.-u.u.-s.y.-''', '(à venir)', 5, 'ideas', '2008-05-07'),
(425, 'y.j.-', 'examiner les media possibles', 3, 'relations', '2008-05-07'),
(426, 'p.e.-', 'domaine de compétence', 3, 'relations', '2008-05-07'),
(427, 'd.e.-b.i.-''', 'grâce', 5, 'ideas', '2008-05-07'),
(428, 'm.d.-', 'repos', 3, 'relations', '2008-05-07'),
(429, 'h.k.-', 'trahison', 3, 'relations', '2008-05-07'),
(430, 't.o.-i.i.-''', '(à venir)', 5, 'ideas', '2008-05-07'),
(431, 'l.o.-f.o.-s.u.-''', 'résidant', 5, 'ideas', '2008-05-07'),
(432, 'l.o.-b.o.-s.u.-''', 'composé', 5, 'ideas', '2008-05-07'),
(433, 'u.wu.-', 's''exprimer dans les média', 3, 'relations', '2008-05-07'),
(434, 'i.i.-f.o.-s.y.-''', 'biologie', 5, 'ideas', '2008-05-07'),
(435, 'h.p.-', 'critère', 3, 'relations', '2008-05-07'),
(436, 'd.p.-', 'intelligence économique', 3, 'relations', '2008-05-07'),
(437, 'm.o.-m.o.-''', 'amour', 5, 'ideas', '2008-05-07'),
(438, 't.a.-t.a.-''', 'fondation', 5, 'ideas', '2008-05-07'),
(439, 's.u.-k.u.-d.u.-''', 'visualisé', 5, 'ideas', '2008-05-07'),
(440, 'l.p.-', 'réseau de compétences', 3, 'relations', '2008-05-07'),
(441, 'e.e.-d.o.-s.y.-''', 'tests', 5, 'ideas', '2008-05-07'),
(442, 'k.e.-m.a.-''', 'autonomie affective', 5, 'ideas', '2008-05-07'),
(443, 't.e.-l.u.-''', 'découverte scientifique', 5, 'ideas', '2008-05-07'),
(444, 'l.e.-f.i.-''', 'bioévolution modifiée', 5, 'ideas', '2008-05-07'),
(445, 'y.a.-we.h.-', 'innover en matière sociale', 5, 'ideas', '2008-05-07'),
(446, 'y.wa.-', 'assumer une identité collective / corporative', 3, 'relations', '2008-05-07'),
(447, 'n.h.-', 'acculturation', 3, 'relations', '2008-05-07'),
(448, 'd.b.-', 'grave', 3, 'relations', '2008-05-07'),
(449, 'k.a.-b.a.-''', 'spectacle', 5, 'ideas', '2008-05-07'),
(451, 'l.o.-j.j.-s.y.-''', '(à venir)', 5, 'ideas', '2008-05-07'),
(452, 'f.a.-k.a.-f.o.-''', 'hôte', 5, 'ideas', '2008-05-07'),
(453, 'k.o.-t.o.-''', 'histoire', 5, 'ideas', '2008-05-07'),
(454, 'i.a.-', 'obtenir', 3, 'relations', '2008-05-07'),
(455, 'e.e.-f.o.-s.y.-''', 'éducation physique', 5, 'ideas', '2008-05-07'),
(456, 'p.p.-b.o.-''', 'puissance du discours', 5, 'ideas', '2008-05-07'),
(457, 'M.O.-O.M.-''', 'cycle de condition', 4, 'cycles', '2008-05-07'),
(458, 't.i.-f.i.-t.u.-''', 'génétique', 5, 'ideas', '2008-05-07'),
(459, 'n.o.-y.y.-''', '(à venir)', 5, 'ideas', '2008-05-07'),
(460, 'we.n.-', 'accepter le jugement des pairs', 3, 'relations', '2008-05-07'),
(461, 'm.x.-', 'atmosphère de collaboration', 3, 'relations', '2008-05-07'),
(462, 'l.e.-s.i.-''', 'compatibilité', 5, 'ideas', '2008-05-07'),
(463, 's.o.-m.o.-s.u.-''', 'comique', 5, 'ideas', '2008-05-07'),
(464, 'e.e.-t.o.-s.y.-''', 'histoire des métiers', 5, 'ideas', '2008-05-07'),
(465, 'l.a.-b.a.-f.o.-''', 'agent de relation publique', 5, 'ideas', '2008-05-07'),
(466, 'f.o.-p.p.-''', '(à venir)', 5, 'ideas', '2008-05-07'),
(467, 'o.wu.-', 'agir dans le cadre du droit pénal', 3, 'relations', '2008-05-07'),
(468, 'wo.d.-', 'méditer des vérités alternatives', 3, 'relations', '2008-05-07'),
(469, 'x.s.-', 'inertie', 3, 'relations', '2008-05-07'),
(470, 's.u.-t.u.-d.u.-''', 'schématisé', 5, 'ideas', '2008-05-07'),
(471, 'M.M.-O.O.-''', 'sources du sens', 4, 'cycles', '2008-05-07'),
(472, 'j.j.-k.o.-''', 'écosystème cognitif', 5, 'ideas', '2008-05-07'),
(473, 'd.m.-', 'faim / soif', 3, 'relations', '2008-05-07'),
(474, 'M.O.-O.O.-''', 'cycle d''impermanence', 4, 'cycles', '2008-05-07'),
(475, 'f.a.-s.a.-''', 'consultation', 5, 'ideas', '2008-05-07'),
(476, 'x.p.-', 'prêt', 3, 'relations', '2008-05-07'),
(477, 'y.o.-', 'établir des priorités', 3, 'relations', '2008-05-07'),
(478, 'd.o.-d.o.-''', 'enquête', 5, 'ideas', '2008-05-07'),
(480, 'l.o.-u.u.-''', '(à venir)', 5, 'ideas', '2008-05-07'),
(481, 'j.we.-', 'conséquences des actes', 3, 'relations', '2008-05-07'),
(482, 'd.u.-m.u.-''', 'réaction physique', 5, 'ideas', '2008-05-07'),
(483, 'n.a.-k.a.-f.o.-''', 'réformateur', 5, 'ideas', '2008-05-07'),
(484, 'e.e.-l.o.-''', 'emploi', 5, 'ideas', '2008-05-07'),
(485, 'f.a.-f.a.-''', 'culture / élevage', 5, 'ideas', '2008-05-07'),
(486, 'c.j.-', 'évolution juridique', 3, 'relations', '2008-05-07'),
(487, 'c.c.-t.o.-s.y.-''', 'sciences historiques', 5, 'ideas', '2008-05-07'),
(488, 's.o.-u.u.-''', '(à venir)', 5, 'ideas', '2008-05-07'),
(489, 'p.h.-', 'discernement', 3, 'relations', '2008-05-07'),
(490, 'l.wu.-', 'liberté d''expression', 3, 'relations', '2008-05-07'),
(491, 'u.u.-m.o.-s.y.-''', 'philologie', 5, 'ideas', '2008-05-07'),
(492, 'd.wa.-', 'contrainte éthique', 3, 'relations', '2008-05-07'),
(493, 'e.j.-', 'maîtriser un medium', 3, 'relations', '2008-05-07'),
(494, 's.u.-n.u.-d.u.-''', 'conceptuel', 5, 'ideas', '2008-05-07'),
(495, 'm.e.-l.a.-''', 'force de la loi', 5, 'ideas', '2008-05-07'),
(496, 'k.i.-l.i.-''', 'maison / bâtiment', 5, 'ideas', '2008-05-07'),
(497, 'u.u.-d.o.-''', 'dossier', 5, 'ideas', '2008-05-07'),
(498, 'k.i.-l.i.-t.u.-''', 'bâti', 5, 'ideas', '2008-05-07'),
(499, 's.a.-f.a.-f.o.-''', 'psychologue', 5, 'ideas', '2008-05-07'),
(500, 'k.o.-y.y.-''', '(à venir)', 5, 'ideas', '2008-05-07'),
(501, 'x.g.-', 'contr''ordre', 3, 'relations', '2008-05-07'),
(502, 'wa.l.-', 'étendre la portée de l''action', 3, 'relations', '2008-05-07'),
(503, 'h.j.-', 'questionnement', 3, 'relations', '2008-05-07'),
(504, 'm.i.-n.i.-t.u.-''', 'nettoyé', 5, 'ideas', '2008-05-07'),
(505, 'i.j.-', 'raffiner son langage', 3, 'relations', '2008-05-07'),
(506, 'e.we.-', 'contrôler la reproduction', 3, 'relations', '2008-05-07'),
(507, 'we.x.-', 'unifier le système technique', 3, 'relations', '2008-05-07'),
(508, 'f.e.-d.i.-''', 'mesure', 5, 'ideas', '2008-05-07'),
(509, 's.e.-b.u.-''', 'ouverture culturelle', 5, 'ideas', '2008-05-07'),
(510, 'd.o.-o.o.-''', '(à venir)', 5, 'ideas', '2008-05-07'),
(511, 'l.s.-', 'bas', 3, 'relations', '2008-05-07'),
(512, 'd.o.-a.a.-s.y.-''', '(à venir)', 5, 'ideas', '2008-05-07'),
(513, 'b.a.-s.a.-f.o.-''', 'lecteur', 5, 'ideas', '2008-05-07'),
(514, 'c.a.-', 'renoncement', 3, 'relations', '2008-05-07'),
(515, 'u.u.-we.h.-', 'mettre en cohérence', 5, 'ideas', '2008-05-07'),
(516, 'g.g.-k.o.-s.y.-''', 'études du journalism', 5, 'ideas', '2008-05-07'),
(517, 'a.we.-', 'créer une famille', 3, 'relations', '2008-05-07'),
(518, 'g.g.-f.o.-''', 'contrôle écosystèmes', 5, 'ideas', '2008-05-07'),
(519, 'm.e.-f.a.-wa.e.-''', 'procurer du bien-être', 5, 'ideas', '2008-05-07'),
(520, 'f.e.-t.i.-wa.e.-''', 'maintenance', 5, 'ideas', '2008-05-07'),
(521, 'b.o.-d.o.-''', 'clarté', 5, 'ideas', '2008-05-07'),
(522, 'l.o.-a.a.-s.y.-''', '(à venir)', 5, 'ideas', '2008-05-07'),
(523, 'f.a.-m.a.-f.o.-''', 'mère', 5, 'ideas', '2008-05-07'),
(524, 'x.x.-s.o.-''', 'méthodes d''enseignement', 5, 'ideas', '2008-05-07'),
(525, 's.o.-o.o.-s.y.-''', '(à venir)', 5, 'ideas', '2008-05-07'),
(526, 'n.o.-y.y.-s.y.-''', '(à venir)', 5, 'ideas', '2008-05-07'),
(527, 't.u.-', 'marque', 3, 'relations', '2008-05-07'),
(528, 'o.e.-', 'diriger', 3, 'relations', '2008-05-07'),
(529, 'c.c.-s.o.-s.y.-''', 'anthropologie', 5, 'ideas', '2008-05-07'),
(530, 'd.o.-l.o.-''', 'ordre', 5, 'ideas', '2008-05-07'),
(531, 'c.l.-', 'exil', 3, 'relations', '2008-05-07'),
(532, 'c.c.-l.o.-s.y.-''', 'géographie', 5, 'ideas', '2008-05-07'),
(533, 'l.o.-c.c.-''', '(à venir)', 5, 'ideas', '2008-05-07'),
(534, 'd.a.-b.a.-f.o.-''', 'producteur', 5, 'ideas', '2008-05-07'),
(535, 't.u.-t.u.-d.u.-''', 'quantité', 5, 'ideas', '2008-05-07'),
(536, 'x.x.-f.o.-s.y.-''', 'biologie médicale', 5, 'ideas', '2008-05-07'),
(537, 'm.o.-c.c.-''', '(à venir)', 5, 'ideas', '2008-05-07'),
(538, 'a.a.-t.o.-''', 'lignée', 5, 'ideas', '2008-05-07'),
(539, 't.e.-s.u.-''', 'design original', 5, 'ideas', '2008-05-07'),
(540, 's.o.-e.e.-s.y.-''', '(à venir)', 5, 'ideas', '2008-05-07'),
(541, 't.e.-b.u.-''', 'public conquis', 5, 'ideas', '2008-05-07'),
(542, 'j.j.-k.o.-s.y.-''', 'écologie cognitive', 5, 'ideas', '2008-05-07'),
(543, 'f.o.-o.o.-''', '(à venir)', 5, 'ideas', '2008-05-07'),
(544, 's.a.-m.a.-f.o.-''', 'époux', 5, 'ideas', '2008-05-07'),
(545, 's.u.-f.u.-d.u.-''', 'perçu', 5, 'ideas', '2008-05-07'),
(546, 'e.e.-we.h.-', 'résoudre les problèmes', 5, 'ideas', '2008-05-07'),
(547, 'm.a.-l.a.-''', 'fabrication', 5, 'ideas', '2008-05-07'),
(548, 'm.h.-', 'cohérence entre actes et paroles', 3, 'relations', '2008-05-07'),
(549, 'i.l.-', 'tomber dans un piège', 3, 'relations', '2008-05-07'),
(550, 'b.u.-f.u.-''', 'forme / genre littéraire', 5, 'ideas', '2008-05-07'),
(551, 'u.c.-', 's''engager à changer', 3, 'relations', '2008-05-07'),
(552, 'b.o.-p.p.-''', '(à venir)', 5, 'ideas', '2008-05-07'),
(553, 'm.o.-a.a.-s.y.-''', '(à venir)', 5, 'ideas', '2008-05-07'),
(554, 'u.j.-', 'analyser son langage', 3, 'relations', '2008-05-07'),
(555, 't.o.-u.u.-s.y.-''', '(à venir)', 5, 'ideas', '2008-05-07'),
(556, 's.o.-a.a.-s.y.-''', '(à venir)', 5, 'ideas', '2008-05-07'),
(557, 'f.u.-d.u.-''', 'exclamation', 5, 'ideas', '2008-05-07'),
(558, 'o.a.-', 'convenir', 3, 'relations', '2008-05-07'),
(559, 'l.u.-l.u.-''', 'matière', 5, 'ideas', '2008-05-07'),
(560, 'l.e.-l.i.-wa.e.-''', 'architecte', 5, 'ideas', '2008-05-07'),
(561, 'M.O.-M.M.-''', 'cycle d''épreuves', 4, 'cycles', '2008-05-07'),
(562, 'n.i.-d.i.-''', 'roue / levier', 5, 'ideas', '2008-05-07'),
(563, 'y.m.-', 'ignorer les émotions', 3, 'relations', '2008-05-07'),
(564, 'd.o.-k.o.-''', 'sécurité', 5, 'ideas', '2008-05-07'),
(565, 'g.p.-', 'preuve', 3, 'relations', '2008-05-07'),
(566, 'we.u.-', 'rafraîchir sa documentation', 3, 'relations', '2008-05-07'),
(567, 'm.u.-d.u.-d.u.-''', 'maquillé', 5, 'ideas', '2008-05-07'),
(568, 'm.o.-u.u.-''', '(à venir)', 5, 'ideas', '2008-05-07'),
(569, 'j.x.-', 'mutation économique', 3, 'relations', '2008-05-07'),
(570, 'n.i.-f.i.-t.u.-''', 'pris / possédé', 5, 'ideas', '2008-05-07'),
(571, 'd.e.-f.i.-wa.e.-''', 'athlétisme', 5, 'ideas', '2008-05-07'),
(572, 'h.h.-d.o.-''', 'pratiques et croyances religieuses', 5, 'ideas', '2008-05-07'),
(573, 'x.x.-l.o.-s.y.-''', 'études logistique / transports', 5, 'ideas', '2008-05-07'),
(574, 'n.u.-f.u.-''', 'couleur', 5, 'ideas', '2008-05-07'),
(575, 'm.u.-t.u.-d.u.-''', 'masqué', 5, 'ideas', '2008-05-07'),
(576, 't.o.-b.o.-s.u.-''', 'narré', 5, 'ideas', '2008-05-07'),
(577, 'm.o.-n.o.-''', 'sagesse', 5, 'ideas', '2008-05-07'),
(578, 'f.u.-s.u.-d.u.-''', 'imaginé', 5, 'ideas', '2008-05-07'),
(579, 't.a.-b.a.-''', 'édition', 5, 'ideas', '2008-05-07'),
(580, 'k.u.-f.u.-d.u.-''', 'saint', 5, 'ideas', '2008-05-07'),
(581, 't.i.-t.i.-''', 'dispositif d''enregistrement', 5, 'ideas', '2008-05-07'),
(582, 'k.o.-u.u.-s.y.-''', '(à venir)', 5, 'ideas', '2008-05-07'),
(583, 'f.o.-a.a.-''', '(à venir)', 5, 'ideas', '2008-05-07'),
(584, 'i.i.-we.h.-', 'assurer la compatibilité', 5, 'ideas', '2008-05-07'),
(585, 'p.wu.-', 'création / destruction d''objet', 3, 'relations', '2008-05-07'),
(586, 'b.a.-m.a.-f.o.-''', 'amant / amante', 5, 'ideas', '2008-05-07'),
(587, 't.u.-b.u.-d.u.-''', 'écrit', 5, 'ideas', '2008-05-07'),
(588, 'f.a.-b.a.-''', 'concert', 5, 'ideas', '2008-05-07'),
(589, 'p.p.-m.o.-s.y.-''', 'études de la publicité', 5, 'ideas', '2008-05-07'),
(590, 'k.u.-l.u.-''', 'relique / dépouille', 5, 'ideas', '2008-05-07'),
(591, 'l.i.-m.i.-t.u.-''', 'meublé', 5, 'ideas', '2008-05-07'),
(592, 'g.d.-', 'erreur de calcul', 3, 'relations', '2008-05-07'),
(593, 'a.wo.-', 'créer une oeuvre', 3, 'relations', '2008-05-07'),
(594, 'l.e.-', 'compétence en ingénierie', 3, 'relations', '2008-05-07'),
(595, 't.a.-', 'scribe', 3, 'relations', '2008-05-07'),
(596, 'y.y.-f.o.-''', 'règle de goût', 5, 'ideas', '2008-05-07'),
(597, 'wu.wu.-', 'découvrir', 3, 'relations', '2008-05-07'),
(598, 'n.u.-d.u.-d.u.-''', 'étiqueté', 5, 'ideas', '2008-05-07'),
(599, '', 'idée', 5, 'ideas', '2008-05-07'),
(600, 'l.m.-', 'abri', 3, 'relations', '2008-05-07'),
(601, 'x.k.-', 'incoordination', 3, 'relations', '2008-05-07'),
(602, 'd.i.-s.i.-''', 'circuit intégré', 5, 'ideas', '2008-05-07'),
(603, 'e.e.-k.o.-''', 'corporation', 5, 'ideas', '2008-05-07'),
(604, 'c.m.-', 'persécution', 3, 'relations', '2008-05-07'),
(605, 'p.p.-l.o.-''', 'rapport de force', 5, 'ideas', '2008-05-07'),
(606, 'y.h.-', 'examiner les sens possibles', 3, 'relations', '2008-05-07'),
(607, 'y.y.-we.h.-', 'clarifier la connaissance', 5, 'ideas', '2008-05-07'),
(608, 'b.m.-', 'rire', 3, 'relations', '2008-05-07'),
(609, 'j.', 'mutation de signifiant', 2, 'events', '2008-05-07'),
(610, 'i.i.-t.o.-''', 'relation de cause à effet', 5, 'ideas', '2008-05-07'),
(611, 'j.wa.-', 'changement de justifications', 3, 'relations', '2008-05-07'),
(612, 'i.e.-', 'prêter', 3, 'relations', '2008-05-07'),
(613, 'x.h.-', 'exécution', 3, 'relations', '2008-05-07'),
(614, 'h.h.-k.o.-s.y.-''', 'ecclésiologie', 5, 'ideas', '2008-05-07'),
(615, 'y.y.-b.o.-s.y.-''', 'diffusion / vulgarisation', 5, 'ideas', '2008-05-07'),
(616, 'b.a.-m.a.-''', 'érotisme', 5, 'ideas', '2008-05-07'),
(617, 'n.we.-', 'racines culturelles', 3, 'relations', '2008-05-07'),
(618, 'y.e.-', 'enseigner', 3, 'relations', '2008-05-07'),
(619, 's.e.-f.u.-''', 'performance musicale', 5, 'ideas', '2008-05-07'),
(620, 'we.s.-', 'cultiver l''équilibre intellectuel', 3, 'relations', '2008-05-07'),
(621, 'h.h.-n.o.-''', 'droits de l''homme', 5, 'ideas', '2008-05-07'),
(622, 'a.a.-k.o.-s.y.-''', 'études de la société civile', 5, 'ideas', '2008-05-07'),
(623, 't.o.-u.u.-''', '(à venir)', 5, 'ideas', '2008-05-07'),
(624, 'k.o.-l.o.-''', 'institution', 5, 'ideas', '2008-05-07'),
(625, 'h.b.-', 'manipulation', 3, 'relations', '2008-05-07'),
(626, 'g.j.-', 'explicitation', 3, 'relations', '2008-05-07'),
(627, 'i.i.-k.o.-''', 'technologie / procédé technique', 5, 'ideas', '2008-05-07'),
(628, 's.e.-b.u.-wa.e.-''', 'parler une seconde langue', 5, 'ideas', '2008-05-07'),
(629, 'p.k.-', 'fermeture d''unité économique', 3, 'relations', '2008-05-07'),
(630, 'n.u.-b.u.-d.u.-''', 'proposé', 5, 'ideas', '2008-05-07'),
(631, 'd.i.-k.i.-''', 'monnaie', 5, 'ideas', '2008-05-07'),
(632, 'b.b.-', 'souffle', 3, 'relations', '2008-05-07'),
(633, 'i.i.-k.o.-s.y.-''', 'recherche et développement', 5, 'ideas', '2008-05-07'),
(634, 'x.m.-', 'harcèlement', 3, 'relations', '2008-05-07'),
(635, 's.e.-k.u.-''', 'lecture / écriture', 5, 'ideas', '2008-05-07'),
(636, 'd.o.-x.x.-''', '(à venir)', 5, 'ideas', '2008-05-07'),
(637, 'd.l.-', 'vertical', 3, 'relations', '2008-05-07'),
(638, 'x.x.-l.o.-''', 'fourniture à grande échelle', 5, 'ideas', '2008-05-07'),
(639, 'k.i.-m.i.-t.u.-''', 'symbole de jeu', 5, 'ideas', '2008-05-07'),
(640, 'd.i.-f.i.-''', 'organe sensoriel', 5, 'ideas', '2008-05-07'),
(641, 'd.o.-j.j.-''', '(à venir)', 5, 'ideas', '2008-05-07'),
(642, 'l.e.-b.i.-''', 'monde virtuel', 5, 'ideas', '2008-05-07'),
(643, 's.e.-m.u.-wa.e.-''', 'jouer la comédie', 5, 'ideas', '2008-05-07'),
(644, 'y.x.-', 'revue des méthodes possibles', 3, 'relations', '2008-05-07'),
(645, 'y.l.-', 'ignorer ses ou les limites', 3, 'relations', '2008-05-07'),
(646, 'g.c.-', 'décision', 3, 'relations', '2008-05-07'),
(647, 't.o.-c.c.-s.y.-''', '(à venir)', 5, 'ideas', '2008-05-07'),
(648, 'n.u.-s.u.-d.u.-''', 'total / intégral', 5, 'ideas', '2008-05-07'),
(649, 'm.u.-s.u.-''', 'fantasme', 5, 'ideas', '2008-05-07'),
(650, 'y.t.-', 'être amnésique', 3, 'relations', '2008-05-07'),
(651, 's.a.-n.a.-''', 'avancée', 5, 'ideas', '2008-05-07'),
(652, 'o.b.-', 'accumuler les malentendus', 3, 'relations', '2008-05-07'),
(653, 'a.a.-k.o.-''', 'mouvement social', 5, 'ideas', '2008-05-07'),
(654, 'wu.u.-', 'trouver l''information', 3, 'relations', '2008-05-07'),
(655, 'e.b.-', 'être incohérent', 3, 'relations', '2008-05-07'),
(656, 'j.u.-', 'message', 3, 'relations', '2008-05-07'),
(657, 'k.a.-m.a.-''', 'fraternité', 5, 'ideas', '2008-05-07'),
(658, 'k.o.-e.e.-''', '(à venir)', 5, 'ideas', '2008-05-07'),
(659, 'y.we.-', 'assumer sa tradition ou son identité familiale', 3, 'relations', '2008-05-07'),
(660, 's.e.-l.u.-''', 'nature', 5, 'ideas', '2008-05-07'),
(661, 'g.g.-s.o.-''', 'communication inter-humaine', 5, 'ideas', '2008-05-07'),
(662, 's.o.-d.o.-s.u.-''', 'humble', 5, 'ideas', '2008-05-07'),
(663, 's.u.-m.u.-''', 'rêve', 5, 'ideas', '2008-05-07'),
(664, 'b.a.-s.a.-''', 'lecture', 5, 'ideas', '2008-05-07'),
(665, 'b.s.-', 'bleu', 3, 'relations', '2008-05-07'),
(666, 'o.wo.-', 'agir dans le cadre du droit de propriété intellectuelle', 3, 'relations', '2008-05-07'),
(667, 'm.u.-b.u.-d.u.-''', 'ensorcelé', 5, 'ideas', '2008-05-07'),
(668, 's.i.-l.i.-''', 'articulation physique', 5, 'ideas', '2008-05-07'),
(669, 'b.o.-g.g.-s.y.-''', '(à venir)', 5, 'ideas', '2008-05-07'),
(670, 'wu.', 'percevoir', 2, 'events', '2008-05-07'),
(671, 'm.o.-y.y.-s.y.-''', '(à venir)', 5, 'ideas', '2008-05-07'),
(672, 'f.o.-h.h.-s.y.-''', '(à venir)', 5, 'ideas', '2008-05-07'),
(673, 'g.wu.-', 'seuil de perception', 3, 'relations', '2008-05-07'),
(674, 'u.u.-k.o.-s.y.-''', 'socio-linguistique', 5, 'ideas', '2008-05-07'),
(675, 'b.o.-d.o.-s.u.-''', 'clair', 5, 'ideas', '2008-05-07'),
(676, 'l.i.-f.i.-''', 'muscle / squelette', 5, 'ideas', '2008-05-07'),
(677, 's.e.-s.u.-wa.e.-''', 'dessiner / peindre', 5, 'ideas', '2008-05-07'),
(678, 'g.y.-', 'diplôme / crédit de savoir', 3, 'relations', '2008-05-07'),
(679, 'm.e.-m.a.-wa.e.-''', 'sollicitude', 5, 'ideas', '2008-05-07'),
(680, 'e.wo.-', 'posséder un talent ou un don', 3, 'relations', '2008-05-07'),
(681, 'e.l.-', 'être irréaliste', 3, 'relations', '2008-05-07'),
(682, 'f.i.-b.i.-t.u.-''', 'médicamenté', 5, 'ideas', '2008-05-07'),
(683, 'l.o.-t.o.-s.u.-''', 'loin', 5, 'ideas', '2008-05-07'),
(684, 'o.o.-n.o.-''', 'loi / règlement', 5, 'ideas', '2008-05-07'),
(685, 's.x.-', 'projet technique', 3, 'relations', '2008-05-07'),
(686, 'f.wu.-', 'éclat des perceptions', 3, 'relations', '2008-05-07'),
(687, 's.a.-b.a.-f.o.-''', 'acteur', 5, 'ideas', '2008-05-07'),
(688, 'e.a.-we.h.-', 'enrichir sa communauté', 5, 'ideas', '2008-05-07'),
(689, 'we.m.-', 'cultiver l''équilibre émotionnel', 3, 'relations', '2008-05-07'),
(690, 'x.j.-', 'évolution de la computation', 3, 'relations', '2008-05-07'),
(691, 'm.i.-s.i.-''', 'appât', 5, 'ideas', '2008-05-07'),
(692, 'i.i.-s.o.-''', 'possibilité conditionnée', 5, 'ideas', '2008-05-07'),
(693, 'u.u.-l.o.-''', 'réseau sémantique', 5, 'ideas', '2008-05-07'),
(694, 'l.', 'espace', 2, 'events', '2008-05-07'),
(695, 'wa.u.-', 'étudier la documentation', 3, 'relations', '2008-05-07'),
(696, 'c.h.-', 'évolution des valeurs', 3, 'relations', '2008-05-07'),
(697, 'd.a.-m.a.-''', 'descendance', 5, 'ideas', '2008-05-07'),
(698, 's.u.-b.u.-d.u.-''', 'énoncé', 5, 'ideas', '2008-05-07'),
(699, 'n.a.-b.a.-''', 'nouvelle', 5, 'ideas', '2008-05-07'),
(700, 'l.o.-k.o.-''', 'territoire', 5, 'ideas', '2008-05-07'),
(701, 'n.e.-k.a.-wa.e.-''', 'être un exemple', 5, 'ideas', '2008-05-07'),
(702, 'c.c.-s.o.-''', 'espèce humaine', 5, 'ideas', '2008-05-07'),
(703, 'a.b.-', 'plagier', 3, 'relations', '2008-05-07'),
(704, 'i.we.-', 'équiper un ménage', 3, 'relations', '2008-05-07'),
(705, 'k.wa.-', 'communauté d''action', 3, 'relations', '2008-05-07'),
(706, 't.u.-n.u.-d.u.-''', 'unique', 5, 'ideas', '2008-05-07'),
(707, 'a.a.-d.o.-s.y.-''', 'statistiques', 5, 'ideas', '2008-05-07'),
(708, 'h.h.-b.o.-''', 'enseignement spirituel', 5, 'ideas', '2008-05-07'),
(709, 's.i.-k.i.-t.u.-''', 'récolté', 5, 'ideas', '2008-05-07'),
(710, 'l.o.-n.o.-''', 'architecture', 5, 'ideas', '2008-05-07'),
(711, 'n.u.-n.u.-''', 'question', 5, 'ideas', '2008-05-07'),
(712, 'k.e.-l.a.-wa.e.-''', 'auto-protection', 5, 'ideas', '2008-05-07'),
(713, 'd.i.-l.i.-t.u.-''', 'adresse / indicateur', 5, 'ideas', '2008-05-07'),
(714, 's.o.-c.c.-''', '(à venir)', 5, 'ideas', '2008-05-07'),
(715, 't.o.-i.i.-s.y.-''', '(à venir)', 5, 'ideas', '2008-05-07'),
(716, 'n.a.-b.a.-f.o.-''', 'journaliste', 5, 'ideas', '2008-05-07'),
(717, 'd.a.-f.a.-''', 'leçon', 5, 'ideas', '2008-05-07'),
(718, 'g.g.-d.o.-''', 'raisonnement valid', 5, 'ideas', '2008-05-07'),
(719, 'n.a.-s.a.-f.o.-''', 'adulte', 5, 'ideas', '2008-05-07'),
(720, 'd.o.-a.a.-''', '(à venir)', 5, 'ideas', '2008-05-07'),
(721, 'k.a.-d.a.-f.o.-''', 'vendeur', 5, 'ideas', '2008-05-07'),
(722, 'n.u.-f.u.-d.u.-''', 'visuel', 5, 'ideas', '2008-05-07'),
(723, 'l.o.-y.y.-''', '(à venir)', 5, 'ideas', '2008-05-07'),
(724, 'x.i.-', 'produit', 3, 'relations', '2008-05-07'),
(725, 'n.a.-t.a.-''', 'procès', 5, 'ideas', '2008-05-07'),
(726, 't.i.-b.i.-''', 'document', 5, 'ideas', '2008-05-07'),
(727, 'd.u.-l.u.-''', 'indice', 5, 'ideas', '2008-05-07'),
(728, 'm.o.-p.p.-s.y.-''', '(à venir)', 5, 'ideas', '2008-05-07'),
(729, 'n.u.-m.u.-''', 'imitation', 5, 'ideas', '2008-05-07'),
(730, 'c.c.-f.o.-''', 'relations de genre / de sexe', 5, 'ideas', '2008-05-07'),
(731, 'p.p.-k.o.-''', 'production / échange / consommation', 5, 'ideas', '2008-05-07'),
(732, 'u.u.-l.o.-s.y.-''', 'cartographie sémantique', 5, 'ideas', '2008-05-07'),
(733, 'k.o.-n.o.-''', 'justice', 5, 'ideas', '2008-05-07'),
(734, 'S.', 'signe', 1, 'elements', '2008-05-07'),
(735, 'h.h.-s.o.-''', 'transcendance', 5, 'ideas', '2008-05-07'),
(736, 'k.o.-s.o.-''', 'gouvernement', 5, 'ideas', '2008-05-07'),
(737, 'k.e.-k.a.-wa.e.-''', 'suivre une discipline', 5, 'ideas', '2008-05-07'),
(738, 'f.o.-b.o.-s.u.-''', 'joué', 5, 'ideas', '2008-05-07'),
(739, 'n.o.-g.g.-''', '(à venir)', 5, 'ideas', '2008-05-07'),
(740, 's.e.-l.u.-wa.e.-''', 'lire les signes naturels', 5, 'ideas', '2008-05-07'),
(741, 'k.k.-', 'centre', 3, 'relations', '2008-05-07'),
(742, 'O.O.-M.O.-''', 'cycle de gouvernance', 4, 'cycles', '2008-05-07'),
(743, 'b.e.-m.u.-''', 'scène culturelle', 5, 'ideas', '2008-05-07'),
(744, 't.o.-k.o.-''', 'tradition', 5, 'ideas', '2008-05-07'),
(745, 'n.i.-t.i.-t.u.-''', 'consommé', 5, 'ideas', '2008-05-07'),
(746, 'we.wa.-', 'vieillir', 3, 'relations', '2008-05-07'),
(747, 'x.x.-s.o.-s.y.-''', 'didactique', 5, 'ideas', '2008-05-07'),
(748, 'n.o.-p.p.-''', '(à venir)', 5, 'ideas', '2008-05-07'),
(749, 'f.o.-a.a.-s.y.-''', '(à venir)', 5, 'ideas', '2008-05-07'),
(750, 'f.j.-', 'vibration esthétique', 3, 'relations', '2008-05-07'),
(751, 's.a.-t.a.-f.o.-''', 'informaticien', 5, 'ideas', '2008-05-07'),
(752, 'f.u.-k.u.-''', 'vision', 5, 'ideas', '2008-05-07'),
(753, 'b.a.-n.a.-''', 'accusation', 5, 'ideas', '2008-05-07'),
(754, 'wu.o.-', 'se remettre en question', 3, 'relations', '2008-05-07'),
(755, 'c.y.-', 'école / opérateur d''apprentissage', 3, 'relations', '2008-05-07'),
(756, 'b.o.-l.o.-''', 'transmission', 5, 'ideas', '2008-05-07'),
(757, 'm.u.-l.u.-''', 'souvenir', 5, 'ideas', '2008-05-07');
INSERT INTO `ieml_onto` (`ieml_id`, `ieml_code`, `ieml_lib`, `ieml_niveau`, `ieml_parent`, `ieml_date`) VALUES
(758, 'o.n.-', 'habiter une niche étroite', 3, 'relations', '2008-05-07'),
(759, 'f.a.-n.a.-''', 'protection sociale', 5, 'ideas', '2008-05-07'),
(760, 'p.p.-d.o.-s.y.-''', 'sciences du renseignement', 5, 'ideas', '2008-05-07'),
(761, 'b.o.-m.o.-''', 'beauté', 5, 'ideas', '2008-05-07'),
(762, 'b.i.-m.i.-''', 'bijou', 5, 'ideas', '2008-05-07'),
(763, 'n.o.-a.a.-''', '(à venir)', 5, 'ideas', '2008-05-07'),
(764, 'i.y.-', 'computer', 3, 'relations', '2008-05-07'),
(765, 's.o.-b.o.-''', 'inspiration', 5, 'ideas', '2008-05-07'),
(766, 'h.we.-', 'variation du contexte', 3, 'relations', '2008-05-07'),
(767, 'h.m.-', 'incohérence parole/acte', 3, 'relations', '2008-05-07'),
(768, 'o.o.-d.o.-''', 'transparence financière', 5, 'ideas', '2008-05-07'),
(769, 'm.i.-k.i.-t.u.-''', 'ludique', 5, 'ideas', '2008-05-07'),
(770, 's.o.-l.o.-s.u.-''', 'proportionné', 5, 'ideas', '2008-05-07'),
(771, 'x.x.-n.o.-s.y.-''', 'éthique juridique / criminologie', 5, 'ideas', '2008-05-07'),
(772, 'n.o.-x.x.-''', '(à venir)', 5, 'ideas', '2008-05-07'),
(773, 'wo.c.-', 'réfléchir à la communauté', 3, 'relations', '2008-05-07'),
(774, 'O.O.-O.M.-''', 'cycle de comportement', 4, 'cycles', '2008-05-07'),
(775, 'c.u.-', 'destinataire', 3, 'relations', '2008-05-07'),
(776, 'i.p.-', 'construire son sujet', 3, 'relations', '2008-05-07'),
(777, 'i.i.-', 'produire', 3, 'relations', '2008-05-07'),
(778, 'd.i.-d.i.-t.u.-''', 'quantifié', 5, 'ideas', '2008-05-07'),
(779, 'd.x.-', 'procédure', 3, 'relations', '2008-05-07'),
(780, 'f.c.-', 'élection / nomination', 3, 'relations', '2008-05-07'),
(781, 'u.x.-', 'expliquer son travail', 3, 'relations', '2008-05-07'),
(782, 'k.o.-s.o.-s.u.-''', 'gouverné', 5, 'ideas', '2008-05-07'),
(783, 'l.a.-f.a.-f.o.-''', 'écologiste', 5, 'ideas', '2008-05-07'),
(784, 'n.o.-p.p.-s.y.-''', '(à venir)', 5, 'ideas', '2008-05-07'),
(785, 'a.m.-', 'abandonner', 3, 'relations', '2008-05-07'),
(786, 'wo.b.-', 'augmenter les ressources linguistiques', 3, 'relations', '2008-05-07'),
(787, 'l.a.-b.a.-''', 'réputation', 5, 'ideas', '2008-05-07'),
(788, 'wo.wu.-', 'jouer', 3, 'relations', '2008-05-07'),
(789, 'j.j.-f.o.-''', 'dynamique évolutive', 5, 'ideas', '2008-05-07'),
(790, 's.k.-', 'Nord', 3, 'relations', '2008-05-07'),
(791, 't.u.-d.u.-d.u.-''', 'indexé', 5, 'ideas', '2008-05-07'),
(792, 'k.a.-t.a.-''', 'administration / bureau', 5, 'ideas', '2008-05-07'),
(793, 'g.u.-', 'mise à jour', 3, 'relations', '2008-05-07'),
(794, 'f.a.-s.a.-f.o.-''', 'consultant', 5, 'ideas', '2008-05-07'),
(795, 't.i.-k.i.-t.u.-''', 'stocké', 5, 'ideas', '2008-05-07'),
(796, 'f.m.-', 'fécondité', 3, 'relations', '2008-05-07'),
(797, 'd.j.-', 'expression distincte', 3, 'relations', '2008-05-07'),
(798, 'u.p.-', 'expliquer son sujet', 3, 'relations', '2008-05-07'),
(799, 'h.u.-', 'contexte', 3, 'relations', '2008-05-07'),
(800, 'e.m.-', 'commettre une fraude', 3, 'relations', '2008-05-07'),
(801, 'l.i.-k.i.-t.u.-''', 'foncier', 5, 'ideas', '2008-05-07'),
(802, 'k.o.-g.g.-s.y.-''', '(à venir)', 5, 'ideas', '2008-05-07'),
(803, 'm.e.-b.a.-''', 'dialogue', 5, 'ideas', '2008-05-07'),
(804, 's.t.-', 'jour', 3, 'relations', '2008-05-07'),
(805, 'd.i.-', 'instrument de mesure', 3, 'relations', '2008-05-07'),
(806, 'n.i.-', 'technique de transformation', 3, 'relations', '2008-05-07'),
(807, 'n.e.-b.a.-wa.e.-''', 'représenter un groupe', 5, 'ideas', '2008-05-07'),
(808, 't.o.-c.c.-''', '(à venir)', 5, 'ideas', '2008-05-07'),
(809, 'p.t.-', 'perte', 3, 'relations', '2008-05-07'),
(810, 'o.o.-t.o.-s.y.-''', 'mémoire institutionelle', 5, 'ideas', '2008-05-07'),
(811, 'f.i.-f.i.-''', 'organisme', 5, 'ideas', '2008-05-07'),
(812, 'f.i.-d.i.-''', 'capteur', 5, 'ideas', '2008-05-07'),
(813, 's.i.-n.i.-t.u.-''', 'réfrigéré', 5, 'ideas', '2008-05-07'),
(814, 'f.o.-', 'corps vivant', 3, 'relations', '2008-05-07'),
(815, 'h.h.-t.o.-''', 'sens de l''histoire', 5, 'ideas', '2008-05-07'),
(816, 's.o.-c.c.-s.y.-''', '(à venir)', 5, 'ideas', '2008-05-07'),
(817, 'k.a.-l.a.-f.o.-''', 'syndiqué', 5, 'ideas', '2008-05-07'),
(818, 'm.we.-', 'acceptation des contraintes', 3, 'relations', '2008-05-07'),
(819, 'j.j.-b.o.-s.y.-''', 'mathématiques', 5, 'ideas', '2008-05-07'),
(820, 'a.a.-m.o.-''', 'âme', 5, 'ideas', '2008-05-07'),
(821, 's.i.-b.i.-''', 'studio multimedia', 5, 'ideas', '2008-05-07'),
(822, 'j.h.-', 'ordre de priorité', 3, 'relations', '2008-05-07'),
(823, 'p.o.-', 'objet de désir', 3, 'relations', '2008-05-07'),
(824, 'l.c.-', 'migration', 3, 'relations', '2008-05-07'),
(825, 't.a.-m.a.-f.o.-''', 'ancêtre', 5, 'ideas', '2008-05-07'),
(826, 'd.o.-f.o.-s.u.-''', 'empirique', 5, 'ideas', '2008-05-07'),
(827, 's.e.-n.u.-''', 'distinction sémantique', 5, 'ideas', '2008-05-07'),
(828, 's.o.-b.o.-s.u.-''', 'inspiré', 5, 'ideas', '2008-05-07'),
(829, 'f.i.-n.i.-''', 'arme', 5, 'ideas', '2008-05-07'),
(830, 'we.j.-', 'unifier le langage', 3, 'relations', '2008-05-07'),
(831, 'x.x.-m.o.-''', 'distribution sur le marché', 5, 'ideas', '2008-05-07'),
(832, 'f.e.-b.i.-''', 'communication augmentée', 5, 'ideas', '2008-05-07'),
(833, 'e.u.-', 'promettre', 3, 'relations', '2008-05-07'),
(834, 'a.n.-', 'être corrompu ou corrompre', 3, 'relations', '2008-05-07'),
(835, 'l.a.-l.a.-f.o.-''', 'guerrier', 5, 'ideas', '2008-05-07'),
(836, 'a.a.-n.o.-s.y.-''', 'biographies / journaux', 5, 'ideas', '2008-05-07'),
(837, 'm.t.-', 'détachement', 3, 'relations', '2008-05-07'),
(838, 'l.a.-m.a.-''', 'alliance', 5, 'ideas', '2008-05-07'),
(839, 'f.o.-o.o.-s.y.-''', '(à venir)', 5, 'ideas', '2008-05-07'),
(840, 'k.e.-m.a.-wa.e.-''', 'être en amitié avec soi-même', 5, 'ideas', '2008-05-07'),
(841, 'l.u.-b.u.-d.u.-''', 'transcrit', 5, 'ideas', '2008-05-07'),
(842, 'm.e.-t.a.-''', 'force des liens personnels', 5, 'ideas', '2008-05-07'),
(843, 'wo.f.-', 'expérimenter de nouvelles habitudes corporelles', 3, 'relations', '2008-05-07'),
(844, 'n.o.-d.o.-s.u.-''', 'évalué', 5, 'ideas', '2008-05-07'),
(845, 't.a.-n.a.-f.o.-''', 'législateur', 5, 'ideas', '2008-05-07'),
(846, 'n.o.-k.o.-''', 'religion', 5, 'ideas', '2008-05-07'),
(847, 'l.a.-d.a.-f.o.-''', 'entrepreneur', 5, 'ideas', '2008-05-07'),
(848, 'h.g.-', 'synthèse', 3, 'relations', '2008-05-07'),
(849, 'c.c.-t.o.-''', 'mémoire collective', 5, 'ideas', '2008-05-07'),
(850, 'd.o.-j.j.-s.y.-''', '(à venir)', 5, 'ideas', '2008-05-07'),
(851, 'x.t.-', 'usure', 3, 'relations', '2008-05-07'),
(852, 'd.o.-p.p.-''', '(à venir)', 5, 'ideas', '2008-05-07'),
(853, 'd.t.-', 'Printemps', 3, 'relations', '2008-05-07'),
(854, 't.u.-b.u.-''', 'texte', 5, 'ideas', '2008-05-07'),
(855, 'l.x.-', 'déménagement', 3, 'relations', '2008-05-07'),
(856, 'i.k.-', 'voler', 3, 'relations', '2008-05-07'),
(857, 'l.e.-t.i.-wa.e.-''', 'conception de véhicule', 5, 'ideas', '2008-05-07'),
(858, 'g.o.-', 'interdit', 3, 'relations', '2008-05-07'),
(859, 'k.', 'société', 2, 'events', '2008-05-07'),
(860, 'b.o.-t.o.-s.u.-''', 'promis', 5, 'ideas', '2008-05-07'),
(861, 'b.u.-', 'parole', 3, 'relations', '2008-05-07'),
(862, 's.h.-', 'projet culturel', 3, 'relations', '2008-05-07'),
(863, 'b.e.-m.u.-wa.e.-''', 'culture des arts de la scène', 5, 'ideas', '2008-05-07'),
(864, 'i.wu.-', 'équipement territorial', 3, 'relations', '2008-05-07'),
(865, 'e.wa.-', 'posséder un bien', 3, 'relations', '2008-05-07'),
(866, 'g.t.-', 'gaspillage', 3, 'relations', '2008-05-07'),
(867, 't.o.-k.o.-s.u.-''', 'traditionnel', 5, 'ideas', '2008-05-07'),
(868, 'n.o.-o.o.-s.y.-''', '(à venir)', 5, 'ideas', '2008-05-07'),
(869, 'e.n.-', 'être suiviste', 3, 'relations', '2008-05-07'),
(870, 'l.d.-', 'horizontal', 3, 'relations', '2008-05-07'),
(871, 'b.a.-b.a.-''', 'littérature', 5, 'ideas', '2008-05-07'),
(872, 'k.o.-k.o.-s.u.-''', 'pacifique', 5, 'ideas', '2008-05-07'),
(873, 'f.u.-t.u.-d.u.-''', 'partition', 5, 'ideas', '2008-05-07'),
(874, 'k.a.-n.a.-''', 'tribunal', 5, 'ideas', '2008-05-07'),
(875, 'k.a.-d.a.-''', 'vente', 5, 'ideas', '2008-05-07'),
(876, 'l.e.-k.i.-wa.e.-''', 'stratégie commerciale', 5, 'ideas', '2008-05-07'),
(877, 'd.e.-n.i.-wa.e.-''', 'sports extrêmes', 5, 'ideas', '2008-05-07'),
(878, 's.e.-k.u.-wa.e.-''', 'lire / écrire', 5, 'ideas', '2008-05-07'),
(879, 'e.i.-', 'emprunter', 3, 'relations', '2008-05-07'),
(880, 'i.y.-we.h.-', 'outiller la pensée', 5, 'ideas', '2008-05-07'),
(881, 'i.o.-we.h.-', 'créer des opportunités', 5, 'ideas', '2008-05-07'),
(882, 'd.d.-', 'équilibre', 3, 'relations', '2008-05-07'),
(883, 'n.o.-g.g.-s.y.-''', '(à venir)', 5, 'ideas', '2008-05-07'),
(884, 's.o.-x.x.-s.y.-''', '(à venir)', 5, 'ideas', '2008-05-07'),
(885, 'b.y.-', 'intelligence formelle', 3, 'relations', '2008-05-07'),
(886, 'd.a.-f.a.-f.o.-''', 'enseignant', 5, 'ideas', '2008-05-07'),
(887, 'k.c.-', 'renouveau du lien', 3, 'relations', '2008-05-07'),
(888, 'b.o.-l.o.-s.u.-''', 'adressé', 5, 'ideas', '2008-05-07'),
(889, 's.a.-d.a.-f.o.-''', 'mentor', 5, 'ideas', '2008-05-07'),
(890, 't.u.-m.u.-d.u.-''', 'auditif', 5, 'ideas', '2008-05-07'),
(891, 'x.f.-', 'panne', 3, 'relations', '2008-05-07'),
(892, 'wa.a.-', 'cultiver son caractère', 3, 'relations', '2008-05-07'),
(893, 'f.o.-k.o.-s.u.-''', 'rituel', 5, 'ideas', '2008-05-07'),
(894, 'y.s.-', 'ne pas savoir lire', 3, 'relations', '2008-05-07'),
(895, 'f.e.-', 'savoir-faire', 3, 'relations', '2008-05-07'),
(896, 'f.e.-s.i.-wa.e.-''', 'inventivité pratique', 5, 'ideas', '2008-05-07'),
(897, 'c.i.-', 'comportement', 3, 'relations', '2008-05-07'),
(898, 'd.o.-m.o.-''', 'intuition', 5, 'ideas', '2008-05-07'),
(899, 'd.u.-k.u.-d.u.-''', 'dressé', 5, 'ideas', '2008-05-07'),
(900, 'p.u.-', 'thème / sujet', 3, 'relations', '2008-05-07'),
(901, 'j.m.-', 'cliché', 3, 'relations', '2008-05-07'),
(902, 'k.e.-f.a.-wa.e.-''', 'prendre soin de soi-même', 5, 'ideas', '2008-05-07'),
(903, 'd.a.-n.a.-f.o.-''', 'témoin', 5, 'ideas', '2008-05-07'),
(904, 's.u.-n.u.-''', 'nom commun', 5, 'ideas', '2008-05-07'),
(905, 'k.a.-m.a.-f.o.-''', 'frère / soeur', 5, 'ideas', '2008-05-07'),
(906, 'm.i.-k.i.-''', 'jeu', 5, 'ideas', '2008-05-07'),
(907, 's.o.-k.o.-''', 'intelligence collective', 5, 'ideas', '2008-05-07'),
(908, 's.o.-', 'souci de la pensée', 3, 'relations', '2008-05-07'),
(909, 'm.o.-l.o.-s.u.-''', 'offert', 5, 'ideas', '2008-05-07'),
(910, 'h.h.-m.o.-''', 'saints / exemples', 5, 'ideas', '2008-05-07'),
(911, 'x.x.-d.o.-s.y.-''', 'sciences médico-légales', 5, 'ideas', '2008-05-07'),
(912, 'u.u.-', 'communiquer', 3, 'relations', '2008-05-07'),
(913, 'm.e.-s.a.-wa.e.-''', 'comprendre les autres', 5, 'ideas', '2008-05-07'),
(914, 'i.h.-', 'élaborer une interprétation', 3, 'relations', '2008-05-07'),
(915, 'b.u.-k.u.-''', 'prière', 5, 'ideas', '2008-05-07'),
(916, 'l.e.-n.i.-wa.e.-''', 'conception d''outils / de robots', 5, 'ideas', '2008-05-07'),
(917, 'b.e.-s.u.-wa.e.-''', 'raffinement visuel', 5, 'ideas', '2008-05-07'),
(918, 't.o.-j.j.-s.y.-''', '(à venir)', 5, 'ideas', '2008-05-07'),
(919, 'f.u.-n.u.-''', 'attribut', 5, 'ideas', '2008-05-07'),
(920, 't.a.-f.a.-''', 'pharmacie', 5, 'ideas', '2008-05-07'),
(921, 'c.wa.-', 'changement d''alliance', 3, 'relations', '2008-05-07'),
(922, 'h.o.-', 'refoulement', 3, 'relations', '2008-05-07'),
(923, 'k.a.-f.a.-''', 'repas', 5, 'ideas', '2008-05-07'),
(924, 'k.i.-t.i.-t.u.-''', 'entreposé', 5, 'ideas', '2008-05-07'),
(925, 'm.o.-u.u.-s.y.-''', '(à venir)', 5, 'ideas', '2008-05-07'),
(926, 'n.o.-m.o.-s.u.-''', 'confiant', 5, 'ideas', '2008-05-07'),
(927, 'd.u.-n.u.-''', 'déictique', 5, 'ideas', '2008-05-07'),
(928, 's.o.-e.e.-''', '(à venir)', 5, 'ideas', '2008-05-07'),
(929, 'f.i.-m.i.-''', 'sexe', 5, 'ideas', '2008-05-07'),
(930, 'm.o.-i.i.-s.y.-''', '(à venir)', 5, 'ideas', '2008-05-07'),
(931, 'm.u.-k.u.-''', 'sacrifice', 5, 'ideas', '2008-05-07'),
(932, 'b.i.-t.i.-t.u.-''', 'support d''information', 5, 'ideas', '2008-05-07'),
(933, 'l.i.-k.i.-''', 'terrain / champ', 5, 'ideas', '2008-05-07'),
(934, 'm.a.-n.a.-f.o.-''', 'bénévole', 5, 'ideas', '2008-05-07'),
(935, 'j.j.-n.o.-''', 'univers', 5, 'ideas', '2008-05-07'),
(936, 'o.o.-d.o.-s.y.-''', 'comptabilité', 5, 'ideas', '2008-05-07'),
(937, 'c.c.-m.o.-s.y.-''', 'sciences de la mediation', 5, 'ideas', '2008-05-07'),
(938, 's.o.-j.j.-''', '(à venir)', 5, 'ideas', '2008-05-07'),
(939, 'O.M.-O.M.-''', 'cycle de performance', 4, 'cycles', '2008-05-07'),
(940, 't.i.-d.i.-''', 'horloge', 5, 'ideas', '2008-05-07'),
(941, 'n.u.-n.u.-d.u.-''', 'inconnu', 5, 'ideas', '2008-05-07'),
(942, 'b.o.-a.a.-''', '(à venir)', 5, 'ideas', '2008-05-07'),
(943, 'c.b.-', 'discrimination', 3, 'relations', '2008-05-07'),
(944, 'y.y.-n.o.-''', 'taxon scientifique', 5, 'ideas', '2008-05-07'),
(945, 'k.i.-', 'don', 3, 'relations', '2008-05-07'),
(946, 'p.p.-s.o.-''', 'méchanismes d''apprentissage', 5, 'ideas', '2008-05-07'),
(947, 'e.u.-we.h.-', 'outiller la recherche d''informations', 5, 'ideas', '2008-05-07'),
(948, 'o.we.-', 'agir dans le cadre du droit de la famille', 3, 'relations', '2008-05-07'),
(949, 'wa.m.-', 'sublimer ses émotions', 3, 'relations', '2008-05-07'),
(950, 'b.n.-', 'amer', 3, 'relations', '2008-05-07'),
(951, 'f.i.-k.i.-''', 'nourriture / boisson', 5, 'ideas', '2008-05-07'),
(952, 'l.a.-t.a.-f.o.-''', 'cartographe', 5, 'ideas', '2008-05-07'),
(953, 'a.a.-d.o.-''', 'données économiques / sociales', 5, 'ideas', '2008-05-07'),
(954, 'e.e.-m.o.-''', 'vocation', 5, 'ideas', '2008-05-07'),
(955, 't.a.-t.a.-f.o.-''', 'fondateur', 5, 'ideas', '2008-05-07'),
(956, 't.o.-g.g.-''', '(à venir)', 5, 'ideas', '2008-05-07'),
(957, 'x.wo.-', 'coup du sort', 3, 'relations', '2008-05-07'),
(958, 'k.j.-', 'communauté de langage', 3, 'relations', '2008-05-07'),
(959, 'l.o.-x.x.-s.y.-''', '(à venir)', 5, 'ideas', '2008-05-07'),
(960, 's.wo.-', 'stratégie intellectuelle', 3, 'relations', '2008-05-07'),
(961, 's.o.-k.o.-s.u.-''', 'conscient', 5, 'ideas', '2008-05-07'),
(962, 'x.x.-k.o.-''', 'échanges internationaux', 5, 'ideas', '2008-05-07'),
(963, 'j.j.-l.o.-''', 'Terre', 5, 'ideas', '2008-05-07'),
(964, 'k.o.-c.c.-''', '(à venir)', 5, 'ideas', '2008-05-07'),
(965, 'l.a.-n.a.-f.o.-''', 'défendeur', 5, 'ideas', '2008-05-07'),
(966, 'b.f.-', 'vert', 3, 'relations', '2008-05-07'),
(967, 's.a.-t.a.-''', 'donnée', 5, 'ideas', '2008-05-07'),
(968, 'h.', 'mutation de sens', 2, 'events', '2008-05-07'),
(969, 'g.l.-', 'fermeture intellectuelle', 3, 'relations', '2008-05-07'),
(970, 'y.', 'savoir', 2, 'events', '2008-05-07'),
(971, 'k.i.-b.i.-''', 'système d''exploitation', 5, 'ideas', '2008-05-07'),
(972, 'n.e.-n.a.-wa.e.-''', 'poser des valeurs', 5, 'ideas', '2008-05-07'),
(973, 'n.a.-m.a.-f.o.-''', 'père', 5, 'ideas', '2008-05-07'),
(974, 'd.o.-c.c.-s.y.-''', '(à venir)', 5, 'ideas', '2008-05-07'),
(975, 'we.h.-', 'unifier le sens', 3, 'relations', '2008-05-07'),
(976, 'x.x.-', 'mutation technique', 3, 'relations', '2008-05-07'),
(977, 'M.M.-M.O.-''', 'cycle de création', 4, 'cycles', '2008-05-07'),
(978, 'm.o.-t.o.-''', 'loyauté', 5, 'ideas', '2008-05-07'),
(979, 'a.e.-', 'demander', 3, 'relations', '2008-05-07'),
(980, 'd.e.-', 'habiletés sensorimotrices', 3, 'relations', '2008-05-07'),
(981, 'l.h.-', 'diffusion', 3, 'relations', '2008-05-07'),
(982, 'j.j.-l.o.-s.y.-''', 'sciences de la terre', 5, 'ideas', '2008-05-07'),
(983, 't.x.-', 'échéance', 3, 'relations', '2008-05-07'),
(984, 'n.e.-f.a.-''', 'guérison', 5, 'ideas', '2008-05-07'),
(985, 'b.e.-k.u.-''', 'appropriation intellectuelle', 5, 'ideas', '2008-05-07'),
(986, 't.a.-f.a.-f.o.-''', 'pharmacien', 5, 'ideas', '2008-05-07'),
(987, 'a.a.-l.o.-s.y.-''', 'cartographie des réseaux sociaux', 5, 'ideas', '2008-05-07'),
(988, 'n.i.-m.i.-''', 'travail rémunéré', 5, 'ideas', '2008-05-07'),
(989, 'p.y.-', 'objet de connnaissance', 3, 'relations', '2008-05-07'),
(990, 'u.u.-s.o.-''', 'systèmes de signes', 5, 'ideas', '2008-05-07'),
(991, 'k.e.-n.a.-wa.e.-''', 'auto-évaluation', 5, 'ideas', '2008-05-07'),
(992, 'b.u.-t.u.-d.u.-''', 'programmé', 5, 'ideas', '2008-05-07'),
(993, 'd.u.-n.u.-d.u.-''', 'contextuel', 5, 'ideas', '2008-05-07'),
(994, 'f.o.-x.x.-s.y.-''', '(à venir)', 5, 'ideas', '2008-05-07'),
(995, 'n.e.-f.a.-wa.e.-''', 'soigner', 5, 'ideas', '2008-05-07'),
(996, 'i.n.-', 'être victime d''accident', 3, 'relations', '2008-05-07'),
(997, 's.s.-', 'ciel', 3, 'relations', '2008-05-07'),
(998, 't.o.-l.o.-''', 'harmonie', 5, 'ideas', '2008-05-07'),
(999, 'g.g.-m.o.-s.y.-''', 'sondages / enquêtes / opinions', 5, 'ideas', '2008-05-07'),
(1000, 'u.h.-', 'énoncer le sens', 3, 'relations', '2008-05-07'),
(1001, 'a.a.-s.o.-s.y.-''', 'sociologie', 5, 'ideas', '2008-05-07'),
(1002, 'j.y.-', 'hypothèse', 3, 'relations', '2008-05-07'),
(1003, 'l.e.-s.i.-wa.e.-''', 'interconnecter des systèmes', 5, 'ideas', '2008-05-07'),
(1005, 'f.i.-m.i.-t.u.-''', 'sexuel', 5, 'ideas', '2008-05-07'),
(1006, 'u.wa.-', 'exposer les produits d''une activité économique', 3, 'relations', '2008-05-07'),
(1007, 'wo.e.-', 'identifier les compétences', 3, 'relations', '2008-05-07'),
(1008, 'u.u.-n.o.-s.y.-''', 'lexicologie / dictionnaires', 5, 'ideas', '2008-05-07'),
(1009, 'd.wu.-', 'contrainte esthétique', 3, 'relations', '2008-05-07'),
(1010, 's.a.-m.a.-''', 'mariage', 5, 'ideas', '2008-05-07'),
(1011, 'j.j.-', 'mutation intellectuelle', 3, 'relations', '2008-05-07'),
(1012, 'o.o.-l.o.-s.y.-''', 'organigrames / annuaires', 5, 'ideas', '2008-05-07'),
(1013, 'p.i.-', 'maquette', 3, 'relations', '2008-05-07'),
(1014, 'u.i.-', 'donner', 3, 'relations', '2008-05-07'),
(1015, 's.o.-h.h.-''', '(à venir)', 5, 'ideas', '2008-05-07'),
(1016, 'f.', 'vie', 2, 'events', '2008-05-07'),
(1017, 'b.e.-f.u.-''', 'scène musicale', 5, 'ideas', '2008-05-07'),
(1018, 'g.g.-t.o.-''', 'inscription ancienne', 5, 'ideas', '2008-05-07'),
(1019, 't.a.-l.a.-f.o.-''', 'archiviste', 5, 'ideas', '2008-05-07'),
(1020, 'm.o.-h.h.-''', '(à venir)', 5, 'ideas', '2008-05-07'),
(1021, 'b.o.-s.o.-s.u.-''', 'interprété', 5, 'ideas', '2008-05-07'),
(1022, 'l.wo.-', 'liberté de pensée', 3, 'relations', '2008-05-07'),
(1023, 'c.p.-', 'héritage / legs', 3, 'relations', '2008-05-07'),
(1024, 't.j.-', 'référence artistique', 3, 'relations', '2008-05-07'),
(1025, 'b.i.-l.i.-''', 'canal / voie', 5, 'ideas', '2008-05-07'),
(1026, 'k.d.-', 'Ouest', 3, 'relations', '2008-05-07'),
(1027, 'l.i.-b.i.-t.u.-''', 'simulé', 5, 'ideas', '2008-05-07'),
(1028, 't.e.-m.u.-wa.e.-''', 'mise en scène / réalisation', 5, 'ideas', '2008-05-07'),
(1029, 'A.', 'actuel', 1, 'elements', '2008-05-07'),
(1030, 'wu.t.-', 'comprendre les causes', 3, 'relations', '2008-05-07'),
(1031, 'k.h.-', 'création collective', 3, 'relations', '2008-05-07'),
(1032, 'b.o.-u.u.-s.y.-''', '(à venir)', 5, 'ideas', '2008-05-07'),
(1033, 'f.o.-g.g.-''', '(à venir)', 5, 'ideas', '2008-05-07'),
(1034, 'd.i.-n.i.-''', 'instrument de pilotage', 5, 'ideas', '2008-05-07'),
(1035, 'g.g.-l.o.-''', 'accueil commercial', 5, 'ideas', '2008-05-07'),
(1036, 'o.g.-', 'choisir son propos', 3, 'relations', '2008-05-07'),
(1037, 'f.u.-f.u.-''', 'illusion', 5, 'ideas', '2008-05-07'),
(1038, 'm.i.-n.i.-''', 'instrument de nettoyage', 5, 'ideas', '2008-05-07'),
(1039, 'f.u.-b.u.-d.u.-''', 'accentué', 5, 'ideas', '2008-05-07'),
(1040, 'y.d.-', 'être handicapé moteur', 3, 'relations', '2008-05-07'),
(1041, 'b.g.-', 'contenu du message', 3, 'relations', '2008-05-07'),
(1042, 'h.h.-m.o.-s.y.-''', 'hagiographie', 5, 'ideas', '2008-05-07'),
(1043, 'e.o.-', 'discerner', 3, 'relations', '2008-05-07'),
(1044, 'b.o.-c.c.-s.y.-''', '(à venir)', 5, 'ideas', '2008-05-07'),
(1045, 's.o.-f.o.-s.u.-''', 'incarné', 5, 'ideas', '2008-05-07'),
(1046, 'b.o.-j.j.-s.y.-''', '(à venir)', 5, 'ideas', '2008-05-07'),
(1047, 'd.f.-', 'arbre', 3, 'relations', '2008-05-07'),
(1048, 's.o.-p.p.-''', '(à venir)', 5, 'ideas', '2008-05-07'),
(1049, 't.i.-n.i.-t.u.-''', 'chauffé', 5, 'ideas', '2008-05-07'),
(1050, 'wo.y.-', 's''orienter dans les savoirs', 3, 'relations', '2008-05-07'),
(1051, 'a.t.-', 'commettre une contrefaçon', 3, 'relations', '2008-05-07'),
(1052, 'l.u.-d.u.-''', 'échantillion', 5, 'ideas', '2008-05-07'),
(1053, 's.u.-l.u.-d.u.-''', 'obscur', 5, 'ideas', '2008-05-07'),
(1054, 'a.wu.-', 'mener une action politique / communautaire', 3, 'relations', '2008-05-07'),
(1055, 't.l.-', 'droite', 3, 'relations', '2008-05-07'),
(1056, 'b.o.-i.i.-''', '(à venir)', 5, 'ideas', '2008-05-07'),
(1057, 'l.e.-l.i.-''', 'structuration de l''espace', 5, 'ideas', '2008-05-07'),
(1058, 'u.d.-', 'manquer de précision', 3, 'relations', '2008-05-07'),
(1059, 'n.o.-f.o.-s.u.-''', 'sain', 5, 'ideas', '2008-05-07'),
(1060, 'o.t.-', 'être en retard', 3, 'relations', '2008-05-07'),
(1061, 'm.c.-', 'respect des personnes', 3, 'relations', '2008-05-07'),
(1062, 'm.o.-x.x.-''', '(à venir)', 5, 'ideas', '2008-05-07'),
(1063, 'b.wu.-', 'rencontre esthétique', 3, 'relations', '2008-05-07'),
(1064, 'f.wo.-', 'exercice intellectuel', 3, 'relations', '2008-05-07'),
(1065, 'h.wo.-', 'conversion', 3, 'relations', '2008-05-07'),
(1066, 'O.O.-M.M.-''', 'bases de l''action', 4, 'cycles', '2008-05-07'),
(1067, 'x.e.-', 'usage / utilisation', 3, 'relations', '2008-05-07'),
(1068, 'y.g.-', 'envisager les discours possibles', 3, 'relations', '2008-05-07'),
(1069, 's.i.-k.i.-''', 'engrais', 5, 'ideas', '2008-05-07'),
(1070, 'k.u.-', 'symbole', 3, 'relations', '2008-05-07'),
(1071, 'm.o.-s.o.-''', 'intérêt', 5, 'ideas', '2008-05-07'),
(1072, 'g.i.-', 'plan', 3, 'relations', '2008-05-07'),
(1073, 'h.s.-', 'confusion', 3, 'relations', '2008-05-07'),
(1074, 'd.a.-', 'chercheur', 3, 'relations', '2008-05-07'),
(1075, 'h.h.-k.o.-''', 'organisation des fidèles', 5, 'ideas', '2008-05-07'),
(1076, 'k.i.-m.i.-''', 'terrain de jeu', 5, 'ideas', '2008-05-07'),
(1077, 'k.e.-d.a.-wa.e.-''', 'reconnaître les faits', 5, 'ideas', '2008-05-07'),
(1078, 'l.o.-l.o.-''', 'complexité', 5, 'ideas', '2008-05-07'),
(1079, 'i.', 'faire', 2, 'events', '2008-05-07'),
(1080, 'k.p.-', 'création de biens', 3, 'relations', '2008-05-07'),
(1081, 'o.p.-', 'choisir un sujet', 3, 'relations', '2008-05-07'),
(1082, 'c.n.-', 'stagnation', 3, 'relations', '2008-05-07'),
(1083, 'k.u.-d.u.-''', 'aura', 5, 'ideas', '2008-05-07'),
(1084, 't.u.-d.u.-''', 'index', 5, 'ideas', '2008-05-07'),
(1085, 'k.o.-j.j.-''', '(à venir)', 5, 'ideas', '2008-05-07'),
(1086, 'n.o.-s.o.-''', 'culture', 5, 'ideas', '2008-05-07'),
(1087, 'c.c.-d.o.-s.y.-''', 'études financières', 5, 'ideas', '2008-05-07'),
(1088, 'i.i.-l.o.-''', 'phénomène physique', 5, 'ideas', '2008-05-07'),
(1089, 'd.o.-b.o.-''', 'description', 5, 'ideas', '2008-05-07'),
(1090, 'h.h.-s.o.-s.y.-''', 'théologie', 5, 'ideas', '2008-05-07'),
(1091, 'k.u.-b.u.-''', 'révélation', 5, 'ideas', '2008-05-07'),
(1092, 'b.i.-d.i.-''', 'dispositif d''affichage', 5, 'ideas', '2008-05-07'),
(1093, 'f.o.-d.o.-''', 'attention', 5, 'ideas', '2008-05-07'),
(1094, 'l.i.-l.i.-''', 'réseau', 5, 'ideas', '2008-05-07'),
(1095, 'O.O.-O.O.-''', 'cycle de vie', 4, 'cycles', '2008-05-07'),
(1096, 'l.i.-m.i.-''', 'meuble', 5, 'ideas', '2008-05-07'),
(1097, 'b.t.-', 'sucre', 3, 'relations', '2008-05-07'),
(1098, 's.e.-s.u.-''', 'dessin / peinture', 5, 'ideas', '2008-05-07'),
(1099, 'wa.s.-', 'se soucier de l''action', 3, 'relations', '2008-05-07'),
(1100, 'n.a.-n.a.-f.o.-''', 'guide spirituel', 5, 'ideas', '2008-05-07'),
(1101, 'm.e.-n.a.-wa.e.-''', 'capacité de jugement moral', 5, 'ideas', '2008-05-07'),
(1102, 'b.i.-d.i.-t.u.-''', 'affiché', 5, 'ideas', '2008-05-07'),
(1103, 'f.e.-k.i.-''', 'transaction commerciale', 5, 'ideas', '2008-05-07'),
(1104, 'g.g.-n.o.-s.y.-''', 'études transculturelles', 5, 'ideas', '2008-05-07'),
(1105, 'k.i.-s.i.-t.u.-''', 'à recycler', 5, 'ideas', '2008-05-07'),
(1106, 'x.we.-', 'mutation de l''environnement naturel', 3, 'relations', '2008-05-07'),
(1107, 'k.u.-m.u.-d.u.-''', 'stigmatisé', 5, 'ideas', '2008-05-07'),
(1108, 'd.u.-t.u.-''', 'hyperlien', 5, 'ideas', '2008-05-07'),
(1109, 's.e.-d.u.-''', 'information obtenue', 5, 'ideas', '2008-05-07'),
(1110, 'x.x.-m.o.-s.y.-''', 'études du marketing', 5, 'ideas', '2008-05-07'),
(1111, 'l.u.-k.u.-''', 'miracle', 5, 'ideas', '2008-05-07'),
(1112, 'g.g.-l.o.-s.y.-''', 'études tourisme / hôtellerie', 5, 'ideas', '2008-05-07'),
(1113, 'o.o.-we.h.-', 'approfondir la vision', 5, 'ideas', '2008-05-07'),
(1114, 'd.o.-i.i.-s.y.-''', '(à venir)', 5, 'ideas', '2008-05-07'),
(1115, 'wa.we.-', 'enfanter', 3, 'relations', '2008-05-07'),
(1116, 'we.t.-', 'régler son emploi du temps', 3, 'relations', '2008-05-07'),
(1117, 'm.a.-t.a.-''', 'contrat', 5, 'ideas', '2008-05-07'),
(1118, 'wa.e.-', 'maîtriser les compétences', 3, 'relations', '2008-05-07'),
(1119, 'b.e.-f.u.-wa.e.-''', 'culture musicale', 5, 'ideas', '2008-05-07'),
(1120, 'k.o.-c.c.-s.y.-''', '(à venir)', 5, 'ideas', '2008-05-07'),
(1121, 't.', 'mémoire', 2, 'events', '2008-05-07'),
(1122, 'm.e.-t.a.-wa.e.-''', 'fidélité', 5, 'ideas', '2008-05-07'),
(1123, 'h.x.-', 'choix', 3, 'relations', '2008-05-07'),
(1124, 'l.o.-m.o.-s.u.-''', 'libre', 5, 'ideas', '2008-05-07'),
(1125, 'd.o.-e.e.-''', '(à venir)', 5, 'ideas', '2008-05-07'),
(1126, 's.d.-', 'lumière', 3, 'relations', '2008-05-07'),
(1127, 't.a.-m.a.-''', 'ascendance', 5, 'ideas', '2008-05-07'),
(1128, 'h.l.-', 'intégrisme', 3, 'relations', '2008-05-07'),
(1129, 'k.u.-k.u.-''', 'divin', 5, 'ideas', '2008-05-07'),
(1130, 'd.o.-t.o.-''', 'apprentissage', 5, 'ideas', '2008-05-07'),
(1131, 'b.i.-b.i.-''', 'cyberspace', 5, 'ideas', '2008-05-07'),
(1132, 'b.o.-o.o.-s.y.-''', '(à venir)', 5, 'ideas', '2008-05-07'),
(1133, 'p.c.-', 'changement de propriétaire', 3, 'relations', '2008-05-07'),
(1134, 'n.o.-x.x.-s.y.-''', '(à venir)', 5, 'ideas', '2008-05-07'),
(1135, 'd.u.-', 'pointeur', 3, 'relations', '2008-05-07'),
(1136, 'j.a.-', 'consentement / adhésion', 3, 'relations', '2008-05-07'),
(1137, 'we.c.-', 'unifier la communauté', 3, 'relations', '2008-05-07'),
(1138, 'm.b.-', 'pleur', 3, 'relations', '2008-05-07'),
(1139, 'h.e.-', 'classe / catégorie', 3, 'relations', '2008-05-07'),
(1140, 'n.i.-k.i.-t.u.-''', 'à vendre', 5, 'ideas', '2008-05-07'),
(1141, 'n.o.-t.o.-''', 'progrès', 5, 'ideas', '2008-05-07'),
(1142, 'p.wo.-', 'changement d''intérêt', 3, 'relations', '2008-05-07'),
(1143, 'j.j.-n.o.-s.y.-''', 'cosmologie', 5, 'ideas', '2008-05-07'),
(1144, 's.i.-t.i.-''', 'filtre', 5, 'ideas', '2008-05-07'),
(1145, 'd.a.-t.a.-f.o.-''', 'banquier', 5, 'ideas', '2008-05-07'),
(1146, 'n.wa.-', 'techniques disponibles', 3, 'relations', '2008-05-07'),
(1147, 'k.i.-n.i.-''', 'atelier', 5, 'ideas', '2008-05-07'),
(1148, 'p.f.-', 'exploitation', 3, 'relations', '2008-05-07'),
(1149, 'h.wa.-', 'retournement de situation', 3, 'relations', '2008-05-07'),
(1150, 'wa.wo.-', 'dormir', 3, 'relations', '2008-05-07'),
(1151, 'wo.t.-', 'se remémorer', 3, 'relations', '2008-05-07'),
(1152, 'y.y.-t.o.-s.y.-''', 'histoire des sciences / histoire des arts', 5, 'ideas', '2008-05-07'),
(1153, 'u.', 'énoncer', 2, 'events', '2008-05-07'),
(1154, 'm.e.-l.a.-wa.e.-''', 'respecter la loi', 5, 'ideas', '2008-05-07'),
(1155, 't.we.-', 'régularités', 3, 'relations', '2008-05-07'),
(1156, 'l.u.-k.u.-d.u.-''', 'miraculeux', 5, 'ideas', '2008-05-07'),
(1157, 'n.o.-', 'volonté de cosmos', 3, 'relations', '2008-05-07'),
(1158, 'i.i.-d.o.-''', 'fait empirique', 5, 'ideas', '2008-05-07'),
(1159, 'm.o.-p.p.-''', '(à venir)', 5, 'ideas', '2008-05-07'),
(1160, 'h.i.-', 'adaptation', 3, 'relations', '2008-05-07'),
(1161, 'x.x.-k.o.-s.y.-''', 'études commerce international', 5, 'ideas', '2008-05-07'),
(1162, 'u.t.-', 'dilapider le patrimoine', 3, 'relations', '2008-05-07'),
(1163, 'b.e.-b.u.-wa.e.-''', 'interprétariat / guide', 5, 'ideas', '2008-05-07'),
(1164, 'k.i.-k.i.-''', 'bien économique', 5, 'ideas', '2008-05-07'),
(1165, 'u.u.-k.o.-''', 'manière de parler', 5, 'ideas', '2008-05-07'),
(1166, 's.o.-m.o.-''', 'humour', 5, 'ideas', '2008-05-07'),
(1167, 'n.o.-m.o.-''', 'foi', 5, 'ideas', '2008-05-07'),
(1168, 'n.o.-u.u.-''', '(à venir)', 5, 'ideas', '2008-05-07'),
(1169, 'h.h.-f.o.-''', 'droit du vivant', 5, 'ideas', '2008-05-07'),
(1170, 'n.l.-', 'vide', 3, 'relations', '2008-05-07'),
(1171, 'i.wa.-', 'équiper une activité économique ou des entreprises', 3, 'relations', '2008-05-07'),
(1172, 't.e.-l.u.-wa.e.-''', 'recherche scientifique', 5, 'ideas', '2008-05-07'),
(1173, 'i.i.-m.o.-''', 'cure', 5, 'ideas', '2008-05-07'),
(1174, 'g.g.-t.o.-s.y.-''', 'langues anciennes / épigraphie', 5, 'ideas', '2008-05-07'),
(1175, 'n.u.-s.u.-''', 'forme / structure d''ensemble', 5, 'ideas', '2008-05-07'),
(1176, 'u.a.-we.h.-', 'cultiver la mémoire collective', 5, 'ideas', '2008-05-07'),
(1177, 't.i.-n.i.-''', 'dispositif de chauffage', 5, 'ideas', '2008-05-07'),
(1178, 'k.u.-k.u.-d.u.-''', 'sacré', 5, 'ideas', '2008-05-07'),
(1179, 'g.g.-m.o.-''', 'tendance de l''opinion', 5, 'ideas', '2008-05-07'),
(1180, 'f.i.-', 'organe', 3, 'relations', '2008-05-07'),
(1181, 'f.x.-', 'utilisateur', 3, 'relations', '2008-05-07'),
(1182, 'f.e.-s.i.-''', 'solution pratique', 5, 'ideas', '2008-05-07'),
(1183, 'd.e.-l.i.-''', 'combat', 5, 'ideas', '2008-05-07'),
(1184, 't.o.-m.o.-''', 'espérance', 5, 'ideas', '2008-05-07'),
(1185, 'l.o.-u.u.-s.y.-''', '(à venir)', 5, 'ideas', '2008-05-07'),
(1186, 'n.t.-', 'avant', 3, 'relations', '2008-05-07'),
(1187, 's.a.-l.a.-''', 'innovation', 5, 'ideas', '2008-05-07'),
(1188, 'c.c.-', 'mutation du lien social', 3, 'relations', '2008-05-07'),
(1189, 'a.a.-m.o.-s.y.-''', 'psychologie', 5, 'ideas', '2008-05-07'),
(1190, 'a.k.-', 'attiser le conflit', 3, 'relations', '2008-05-07'),
(1191, 'o.h.-', 'choisir une interprétation', 3, 'relations', '2008-05-07'),
(1192, 'y.u.-we.h.-', 'enregistrer une oeuvre de l''esprit', 5, 'ideas', '2008-05-07'),
(1193, 'u.we.-', 's''entraider', 3, 'relations', '2008-05-07'),
(1194, 'a.y.-', 'mener une recherche', 3, 'relations', '2008-05-07'),
(1195, 'b.u.-n.u.-''', 'verbe', 5, 'ideas', '2008-05-07'),
(1196, 'y.y.-n.o.-s.y.-''', 'encyclopédie', 5, 'ideas', '2008-05-07'),
(1197, 's.o.-t.o.-s.u.-''', 'créé', 5, 'ideas', '2008-05-07'),
(1198, 'n.m.-', 'divertissement', 3, 'relations', '2008-05-07'),
(1199, 'o.u.-', 'analyser', 3, 'relations', '2008-05-07'),
(1200, 'wu.e.-', 'évaluer les compétences', 3, 'relations', '2008-05-07'),
(1201, 't.o.-o.o.-s.y.-''', '(à venir)', 5, 'ideas', '2008-05-07'),
(1202, 'f.e.-b.i.-wa.e.-''', 'maîtrise des techniques de communication', 5, 'ideas', '2008-05-07'),
(1203, 'wa.p.-', 'transformer l''objet', 3, 'relations', '2008-05-07'),
(1204, 'b.e.-b.u.-''', 'échange culturel', 5, 'ideas', '2008-05-07'),
(1205, 's.u.-s.u.-d.u.-''', 'idéal', 5, 'ideas', '2008-05-07'),
(1206, 'd.i.-m.i.-''', 'prix / médaille', 5, 'ideas', '2008-05-07'),
(1207, 'wu.we.-', 'aimer', 3, 'relations', '2008-05-07'),
(1208, 'b.o.-', 'articulation linguistique', 3, 'relations', '2008-05-07'),
(1209, 'f.o.-j.j.-''', '(à venir)', 5, 'ideas', '2008-05-07'),
(1210, 't.o.-y.y.-''', '(à venir)', 5, 'ideas', '2008-05-07'),
(1211, 'we.y.-', 'reconstruire les savoirs', 3, 'relations', '2008-05-07'),
(1212, 'm.o.-k.o.-s.u.-''', 'bienveillant', 5, 'ideas', '2008-05-07'),
(1213, 'c.we.-', 'transformation corporelle', 3, 'relations', '2008-05-07'),
(1214, 'l.a.-k.a.-f.o.-''', 'officier', 5, 'ideas', '2008-05-07'),
(1215, 's.b.-', 'jaune', 3, 'relations', '2008-05-07'),
(1216, 'a.i.-we.h.-', 'organiser le travail', 5, 'ideas', '2008-05-07'),
(1217, 'i.o.-', 'conseiller', 3, 'relations', '2008-05-07'),
(1218, 'm.e.-f.a.-''', 'bien-être', 5, 'ideas', '2008-05-07'),
(1219, 'k.i.-s.i.-''', 'recyclage', 5, 'ideas', '2008-05-07'),
(1220, 'l.u.-s.u.-d.u.-''', 'moulé', 5, 'ideas', '2008-05-07'),
(1221, 'f.u.-d.u.-d.u.-''', 'remarquable', 5, 'ideas', '2008-05-07'),
(1222, 't.wu.-', 'fil conducteur', 3, 'relations', '2008-05-07'),
(1223, 'm.o.-j.j.-''', '(à venir)', 5, 'ideas', '2008-05-07'),
(1224, 't.n.-', 'après', 3, 'relations', '2008-05-07'),
(1225, 'wa.', 'opérer', 2, 'events', '2008-05-07'),
(1226, 't.i.-l.i.-t.u.-''', 'urbain', 5, 'ideas', '2008-05-07'),
(1227, 's.o.-f.o.-''', 'incarnation', 5, 'ideas', '2008-05-07'),
(1228, 'wu.i.-', 'tester l''équipement', 3, 'relations', '2008-05-07'),
(1229, 'm.o.-', 'implication émotionnelle', 3, 'relations', '2008-05-07'),
(1230, 'm.o.-c.c.-s.y.-''', '(à venir)', 5, 'ideas', '2008-05-07'),
(1231, 'm.a.-b.a.-''', 'jeu', 5, 'ideas', '2008-05-07'),
(1232, 'm.a.-t.a.-f.o.-''', 'notaire', 5, 'ideas', '2008-05-07'),
(1233, 'l.o.-s.o.-s.u.-''', 'exploré', 5, 'ideas', '2008-05-07'),
(1234, 'l.o.-o.o.-s.y.-''', '(à venir)', 5, 'ideas', '2008-05-07'),
(1235, 'k.i.-d.i.-''', 'marché', 5, 'ideas', '2008-05-07'),
(1236, 'l.a.-d.a.-''', 'entreprise', 5, 'ideas', '2008-05-07'),
(1237, 's.i.-l.i.-t.u.-''', 'articulé', 5, 'ideas', '2008-05-07'),
(1238, 'x.l.-', 'expulsion', 3, 'relations', '2008-05-07'),
(1239, 'f.o.-d.o.-s.u.-''', 'focal', 5, 'ideas', '2008-05-07'),
(1240, 'y.a.-', 'voter', 3, 'relations', '2008-05-07'),
(1241, 'c.d.-', 'rupture de contrat', 3, 'relations', '2008-05-07'),
(1242, 'l.o.-p.p.-''', '(à venir)', 5, 'ideas', '2008-05-07'),
(1243, 's.a.-d.a.-''', 'conseil personnel', 5, 'ideas', '2008-05-07'),
(1244, 'wu.j.-', 're-évaluer le langage', 3, 'relations', '2008-05-07'),
(1245, 'j.l.-', 'autisme', 3, 'relations', '2008-05-07'),
(1246, 'k.wu.-', 'communauté de goût', 3, 'relations', '2008-05-07'),
(1247, 'wo.g.-', 'réfléchir à la documentation possible', 3, 'relations', '2008-05-07'),
(1248, 'k.u.-s.u.-''', 'mandala', 5, 'ideas', '2008-05-07'),
(1249, 'wo.i.-', 'choisir l''équipement', 3, 'relations', '2008-05-07'),
(1250, 'wu.y.-', 'questionner les savoirs reçus', 3, 'relations', '2008-05-07'),
(1251, 'o.a.-we.h.-', 'affirmer des valeurs culturelles', 5, 'ideas', '2008-05-07'),
(1252, 'd.u.-m.u.-d.u.-''', 'réflexe', 5, 'ideas', '2008-05-07'),
(1253, 'wu.wo.-', 'survivre', 3, 'relations', '2008-05-07'),
(1254, 't.o.-d.o.-''', 'pertinence', 5, 'ideas', '2008-05-07'),
(1255, 'f.wa.-', 'activité physique', 3, 'relations', '2008-05-07'),
(1256, 't.o.-n.o.-s.u.-''', 'date', 5, 'ideas', '2008-05-07'),
(1257, 'k.b.-', 'chaud', 3, 'relations', '2008-05-07'),
(1258, 'y.i.-we.h.-', 'transférer les connaissances à la pratique', 5, 'ideas', '2008-05-07'),
(1259, 'n.o.-c.c.-''', '(à venir)', 5, 'ideas', '2008-05-07'),
(1260, 'm.j.-', 'écho public', 3, 'relations', '2008-05-07'),
(1261, 't.i.-s.i.-t.u.-''', 'en transit', 5, 'ideas', '2008-05-07'),
(1262, 't.u.-t.u.-''', 'nombre', 5, 'ideas', '2008-05-07'),
(1263, 'l.a.-k.a.-''', 'armée', 5, 'ideas', '2008-05-07'),
(1264, 'u.i.-we.h.-', 'donner la parole / écouter', 5, 'ideas', '2008-05-07'),
(1265, 'd.u.-d.u.-''', 'signal', 5, 'ideas', '2008-05-07'),
(1266, 't.o.-b.o.-''', 'récit', 5, 'ideas', '2008-05-07'),
(1267, 'b.u.-l.u.-''', 'citation', 5, 'ideas', '2008-05-07'),
(1268, 'n.wu.-', 'imagination créatrice', 3, 'relations', '2008-05-07'),
(1269, 't.i.-f.i.-''', 'ADN', 5, 'ideas', '2008-05-07'),
(1270, 'l.a.-s.a.-f.o.-''', 'manager', 5, 'ideas', '2008-05-07'),
(1271, 'j.j.-f.o.-s.y.-''', 'théorie de l''évolution', 5, 'ideas', '2008-05-07'),
(1272, 'k.o.-e.e.-s.y.-''', '(à venir)', 5, 'ideas', '2008-05-07'),
(1273, 'f.i.-n.i.-t.u.-''', 'armé', 5, 'ideas', '2008-05-07'),
(1274, 'b.o.-f.o.-''', 'courage', 5, 'ideas', '2008-05-07'),
(1275, 'M.M.-O.M.-''', 'cycle de développement humain', 4, 'cycles', '2008-05-07'),
(1276, 't.a.-b.a.-f.o.-''', 'éditeur', 5, 'ideas', '2008-05-07'),
(1277, 'l.e.-n.i.-''', 'outil / machine', 5, 'ideas', '2008-05-07'),
(1278, 'g.g.-d.o.-s.y.-''', 'psychologie cognitive', 5, 'ideas', '2008-05-07'),
(1279, 'o.o.-l.o.-''', 'données personnelles', 5, 'ideas', '2008-05-07'),
(1280, 'o.l.-', 'subir le chaos', 3, 'relations', '2008-05-07'),
(1281, 's.u.-b.u.-''', 'phrase', 5, 'ideas', '2008-05-07'),
(1282, 's.a.-l.a.-f.o.-''', 'innovateur', 5, 'ideas', '2008-05-07'),
(1283, 'n.d.-', 'plus', 3, 'relations', '2008-05-07'),
(1284, 'd.i.-s.i.-t.u.-''', 'électronique / photonique', 5, 'ideas', '2008-05-07'),
(1285, 'd.o.-l.o.-s.u.-''', 'ordonné', 5, 'ideas', '2008-05-07'),
(1286, 'k.n.-', 'désert', 3, 'relations', '2008-05-07'),
(1287, 'u.u.-m.o.-''', 'littérature ancienne', 5, 'ideas', '2008-05-07'),
(1288, 'wu.c.-', 're-évaluer la communauté', 3, 'relations', '2008-05-07'),
(1289, 'j.j.-s.o.-s.y.-''', 'philosophie', 5, 'ideas', '2008-05-07'),
(1290, 'm.a.-k.a.-''', 'voisin', 5, 'ideas', '2008-05-07'),
(1291, 'i.g.-', 'élaborer son propos', 3, 'relations', '2008-05-07'),
(1292, 'o.f.-', 'souffrir', 3, 'relations', '2008-05-07'),
(1293, 'j.t.-', 'archaïsme', 3, 'relations', '2008-05-07'),
(1294, 't.e.-t.u.-wa.e.-''', 'conception de logiciels', 5, 'ideas', '2008-05-07'),
(1295, 'wo.wa.-', 'travailler', 3, 'relations', '2008-05-07'),
(1296, 'm.i.-t.i.-''', 'dispositif de sécurité', 5, 'ideas', '2008-05-07'),
(1297, 't.u.-l.u.-''', 'photo', 5, 'ideas', '2008-05-07'),
(1298, 'e.e.-b.o.-''', 'développement professionnel', 5, 'ideas', '2008-05-07'),
(1299, 'j.f.-', 'langue de bois', 3, 'relations', '2008-05-07'),
(1300, 'l.b.-', 'dedans', 3, 'relations', '2008-05-07'),
(1301, 'n.i.-d.i.-t.u.-''', 'rapide', 5, 'ideas', '2008-05-07'),
(1302, 'n.u.-', 'nom', 3, 'relations', '2008-05-07'),
(1303, 'm.a.-l.a.-f.o.-''', 'ouvrier', 5, 'ideas', '2008-05-07'),
(1304, 'o.c.-', 'orienter son cheminement', 3, 'relations', '2008-05-07'),
(1305, 'c.c.-l.o.-''', 'relation locale', 5, 'ideas', '2008-05-07'),
(1306, 'm.o.-e.e.-''', '(à venir)', 5, 'ideas', '2008-05-07'),
(1307, 'a.a.-l.o.-''', 'réseau de personnes', 5, 'ideas', '2008-05-07'),
(1308, 'i.wo.-', 'équiper une activité scientifique / artistique', 3, 'relations', '2008-05-07'),
(1309, 'm.o.-f.o.-s.u.-''', 'séduisant', 5, 'ideas', '2008-05-07'),
(1310, 'b.u.-b.u.-d.u.-''', 'signifiant', 5, 'ideas', '2008-05-07'),
(1311, 'x.x.-n.o.-''', 'crime / délit', 5, 'ideas', '2008-05-07'),
(1312, 'd.o.-p.p.-s.y.-''', '(à venir)', 5, 'ideas', '2008-05-07'),
(1313, 'e.y.-', 'apprendre', 3, 'relations', '2008-05-07'),
(1314, 't.o.-h.h.-''', '(à venir)', 5, 'ideas', '2008-05-07'),
(1315, 'c.s.-', 'résistance', 3, 'relations', '2008-05-07'),
(1316, 'c.wu.-', 'déplacement de l''attention', 3, 'relations', '2008-05-07'),
(1317, 'd.o.-u.u.-''', '(à venir)', 5, 'ideas', '2008-05-07'),
(1318, 'wo.k.-', 'semer des graines de changement social', 3, 'relations', '2008-05-07'),
(1319, 'h.t.-', 'oubli', 3, 'relations', '2008-05-07'),
(1320, 't.o.-p.p.-s.y.-''', '(à venir)', 5, 'ideas', '2008-05-07'),
(1321, 's.o.-s.o.-s.u.-''', 'intelligent', 5, 'ideas', '2008-05-07'),
(1322, 'e.e.-b.o.-s.y.-''', 'sciences de l''éducation et de la formation', 5, 'ideas', '2008-05-07'),
(1323, 'wo.s.-', 'brasser des idées', 3, 'relations', '2008-05-07'),
(1324, 't.i.-l.i.-''', 'ville', 5, 'ideas', '2008-05-07'),
(1325, 'o.u.-we.h.-', 'filtrer l''information', 5, 'ideas', '2008-05-07'),
(1326, 't.i.-s.i.-''', 'véhicule', 5, 'ideas', '2008-05-07'),
(1327, 'm.i.-', 'jouet', 3, 'relations', '2008-05-07'),
(1328, 'k.o.-i.i.-''', '(à venir)', 5, 'ideas', '2008-05-07'),
(1329, 'x.a.-', 'progression de carrière', 3, 'relations', '2008-05-07'),
(1330, 't.i.-k.i.-''', 'capital', 5, 'ideas', '2008-05-07'),
(1331, 'b.u.-t.u.-''', 'instruction', 5, 'ideas', '2008-05-07'),
(1332, 'n.u.-b.u.-''', 'proposition', 5, 'ideas', '2008-05-07'),
(1333, 'g.s.-', 'silence', 3, 'relations', '2008-05-07'),
(1334, 'k.a.-l.a.-''', 'syndicat', 5, 'ideas', '2008-05-07'),
(1335, 'b.a.-l.a.-f.o.-''', 'transporteur', 5, 'ideas', '2008-05-07'),
(1336, 'd.h.-', 'différence culturelle', 3, 'relations', '2008-05-07'),
(1337, 'f.o.-l.o.-''', 'organisation', 5, 'ideas', '2008-05-07'),
(1338, 'i.i.-b.o.-''', 'image scientifique', 5, 'ideas', '2008-05-07'),
(1339, 'n.i.-b.i.-t.u.-''', 'éclairé', 5, 'ideas', '2008-05-07'),
(1340, 't.e.-f.u.-''', 'musique originale', 5, 'ideas', '2008-05-07'),
(1341, 'd.c.-', 'authenticité', 3, 'relations', '2008-05-07'),
(1342, 'f.o.-h.h.-''', '(à venir)', 5, 'ideas', '2008-05-07'),
(1343, 'y.c.-', 'examiner son cheminement', 3, 'relations', '2008-05-07'),
(1344, 't.a.-n.a.-''', 'loi', 5, 'ideas', '2008-05-07'),
(1345, 'k.e.-b.a.-wa.e.-''', 'parler sincèrement', 5, 'ideas', '2008-05-07'),
(1346, 'n.s.-', 'astre', 3, 'relations', '2008-05-07'),
(1347, 'we.a.-', 'renouveler ses engagements', 3, 'relations', '2008-05-07'),
(1348, 'o.o.-s.o.-''', 'gestion', 5, 'ideas', '2008-05-07'),
(1349, 'n.u.-t.u.-d.u.-''', 'emblématique', 5, 'ideas', '2008-05-07'),
(1350, 'u.e.-', 'prouver', 3, 'relations', '2008-05-07'),
(1351, 't.i.-t.i.-t.u.-''', 'enregistré', 5, 'ideas', '2008-05-07'),
(1352, 's.i.-b.i.-t.u.-''', 'multimedia', 5, 'ideas', '2008-05-07'),
(1353, 's.j.-', 'projet poétique', 3, 'relations', '2008-05-07'),
(1354, 'n.a.-n.a.-''', 'communauté spirituelle', 5, 'ideas', '2008-05-07'),
(1355, 'a.u.-', 'délibérer', 3, 'relations', '2008-05-07'),
(1356, 's.o.-u.u.-s.y.-''', '(à venir)', 5, 'ideas', '2008-05-07'),
(1357, 'g.h.-', 'analyse', 3, 'relations', '2008-05-07'),
(1358, 'f.u.-l.u.-d.u.-''', 'agé', 5, 'ideas', '2008-05-07'),
(1359, 'b.i.-s.i.-''', 'atmosphère', 5, 'ideas', '2008-05-07'),
(1360, 'd.k.-', 'Est', 3, 'relations', '2008-05-07'),
(1361, 'p.x.-', 'emprunt', 3, 'relations', '2008-05-07'),
(1362, 'm.i.-f.i.-''', 'peau', 5, 'ideas', '2008-05-07'),
(1363, 'b.o.-b.o.-s.u.-''', 'contraire', 5, 'ideas', '2008-05-07'),
(1364, 'i.d.-', 'couper l''alimentation', 3, 'relations', '2008-05-07'),
(1365, 'm.', 'affect', 2, 'events', '2008-05-07'),
(1366, 'b.e.-l.u.-''', 'compréhension scientifique', 5, 'ideas', '2008-05-07'),
(1367, 'b.e.-t.u.-wa.e.-''', 'logique / programmation', 5, 'ideas', '2008-05-07'),
(1368, 'e.g.-', 's''approprier un discours', 3, 'relations', '2008-05-07'),
(1369, 'u.m.-', 'se tromper de diagnostic', 3, 'relations', '2008-05-07'),
(1370, 't.e.-d.u.-''', 'problématique informationnelle', 5, 'ideas', '2008-05-07'),
(1371, 'f.i.-t.i.-t.u.-''', 'nourri', 5, 'ideas', '2008-05-07'),
(1372, 'b.a.-f.a.-''', 'soin', 5, 'ideas', '2008-05-07'),
(1373, 'f.o.-x.x.-''', '(à venir)', 5, 'ideas', '2008-05-07'),
(1374, 'b.p.-', 'promotion du produit', 3, 'relations', '2008-05-07'),
(1375, 'l.o.-t.o.-''', 'voyage', 5, 'ideas', '2008-05-07'),
(1376, 'd.e.-k.i.-wa.e.-''', 'sports d''équipe', 5, 'ideas', '2008-05-07'),
(1377, 'h.f.-', 'rupture', 3, 'relations', '2008-05-07'),
(1378, 'a.a.-f.o.-s.y.-''', 'démographies', 5, 'ideas', '2008-05-07'),
(1379, 's.a.-s.a.-''', 'ordre symbolique', 5, 'ideas', '2008-05-07'),
(1380, 'd.o.-s.o.-''', 'raisonnement', 5, 'ideas', '2008-05-07'),
(1381, 'wu.s.-', 'développer sa sensibilité intellectuelle', 3, 'relations', '2008-05-07'),
(1382, 'd.e.-m.i.-wa.e.-''', 'subtilité des sens', 5, 'ideas', '2008-05-07'),
(1383, 'm.m.-', 'désir', 3, 'relations', '2008-05-07'),
(1384, 'wa.k.-', 'agir social / communautaire', 3, 'relations', '2008-05-07'),
(1385, 'a.f.-', 'aggresser physiquement', 3, 'relations', '2008-05-07'),
(1386, 'k.u.-n.u.-''', 'totem', 5, 'ideas', '2008-05-07'),
(1387, 'f.e.-m.i.-''', 'code physique / vestimentaire', 5, 'ideas', '2008-05-07'),
(1388, 'j.wu.-', 'nouvelle grille de perception', 3, 'relations', '2008-05-07'),
(1389, 'e.e.-f.o.-''', 'développemt physique', 5, 'ideas', '2008-05-07'),
(1390, 'm.l.-', 'peur', 3, 'relations', '2008-05-07'),
(1391, 's.o.-y.y.-''', '(à venir)', 5, 'ideas', '2008-05-07'),
(1392, 'wu.d.-', 'observer', 3, 'relations', '2008-05-07'),
(1393, 'd.o.-m.o.-s.u.-''', 'intuitif', 5, 'ideas', '2008-05-07'),
(1394, 'b.u.-k.u.-d.u.-''', 'demandé', 5, 'ideas', '2008-05-07'),
(1395, 'b.e.-n.u.-''', 'vie littéraire', 5, 'ideas', '2008-05-07'),
(1396, 'm.o.-f.o.-''', 'séduction', 5, 'ideas', '2008-05-07'),
(1397, 'm.o.-o.o.-''', '(à venir)', 5, 'ideas', '2008-05-07'),
(1398, 'wa.wa.-', 's''accomplir', 3, 'relations', '2008-05-07'),
(1399, 'o.j.-', 'choisir son mode d''expression', 3, 'relations', '2008-05-07'),
(1400, 'f.g.-', 'porte-parole', 3, 'relations', '2008-05-07'),
(1401, 'm.a.-d.a.-f.o.-''', 'partenaire', 5, 'ideas', '2008-05-07'),
(1402, 'p.p.-n.o.-''', 'communauté internationale', 5, 'ideas', '2008-05-07'),
(1403, 'a.c.-', 'accepter sa transformation', 3, 'relations', '2008-05-07'),
(1404, 'c.c.-n.o.-s.y.-''', 'études ethniques', 5, 'ideas', '2008-05-07'),
(1405, 't.e.-n.u.-''', 'texte littéraire', 5, 'ideas', '2008-05-07'),
(1406, 'b.u.-f.u.-d.u.-''', 'conforme / genre littéraire', 5, 'ideas', '2008-05-07'),
(1407, 'we.we.-', 'mourir', 3, 'relations', '2008-05-07'),
(1408, 't.o.-s.o.-s.u.-''', 'futur', 5, 'ideas', '2008-05-07'),
(1409, 'o.y.-', 'interroger', 3, 'relations', '2008-05-07'),
(1410, 'f.a.-l.a.-f.o.-''', 'secouriste', 5, 'ideas', '2008-05-07'),
(1411, 'l.e.-m.i.-wa.e.-''', 'artiste', 5, 'ideas', '2008-05-07'),
(1412, 'p.p.-f.o.-''', 'santé publique', 5, 'ideas', '2008-05-07'),
(1413, 'e.d.-', 'négliger le corps', 3, 'relations', '2008-05-07'),
(1414, 'l.f.-', 'vallée', 3, 'relations', '2008-05-07'),
(1415, 't.y.-', 'gestion de la mémoire', 3, 'relations', '2008-05-07'),
(1416, 'l.o.-k.o.-s.u.-''', 'territorial', 5, 'ideas', '2008-05-07'),
(1417, 'we.i.-', 'renouveler l''équipement', 3, 'relations', '2008-05-07'),
(1418, 'l.i.-s.i.-''', 'ouverture / porte-fenêtre', 5, 'ideas', '2008-05-07'),
(1419, 's.u.-l.u.-''', 'ombre', 5, 'ideas', '2008-05-07'),
(1420, 'i.t.-', 'briser', 3, 'relations', '2008-05-07'),
(1421, 'i.i.-d.o.-s.y.-''', 'protocole expérimental / protocole d''observation', 5, 'ideas', '2008-05-07'),
(1422, 'h.h.-l.o.-s.y.-''', 'géographie ', 5, 'ideas', '2008-05-07'),
(1423, 'j.j.-d.o.-s.y.-''', 'logique', 5, 'ideas', '2008-05-07'),
(1424, 'l.l.-', 'terre', 3, 'relations', '2008-05-07'),
(1425, 'n.o.-h.h.-s.y.-''', '(à venir)', 5, 'ideas', '2008-05-07'),
(1426, 'b.e.-s.u.-''', 'culture visuelle', 5, 'ideas', '2008-05-07'),
(1427, 'k.u.-m.u.-''', 'stigmates', 5, 'ideas', '2008-05-07'),
(1428, 'm.e.-k.a.-''', 'compétence collective', 5, 'ideas', '2008-05-07'),
(1429, 'l.a.-n.a.-''', 'défense', 5, 'ideas', '2008-05-07'),
(1430, 'y.y.-s.o.-s.y.-''', 'épistémologie', 5, 'ideas', '2008-05-07'),
(1431, 'wa.b.-', 's''exprimer par les actes', 3, 'relations', '2008-05-07'),
(1432, 'j.i.-', 'stratégie', 3, 'relations', '2008-05-07'),
(1433, 'b.a.-k.a.-f.o.-''', 'activiste', 5, 'ideas', '2008-05-07'),
(1434, 'k.o.-y.y.-s.y.-''', '(à venir)', 5, 'ideas', '2008-05-07'),
(1435, 'i.b.-', 'rompre la communication', 3, 'relations', '2008-05-07'),
(1436, 'g.m.-', 'médisance', 3, 'relations', '2008-05-07'),
(1437, 's.wu.-', 'analyse des perceptions', 3, 'relations', '2008-05-07'),
(1438, 'd.i.-n.i.-t.u.-''', 'piloté', 5, 'ideas', '2008-05-07'),
(1439, 'b.wo.-', 'échange intellectuel', 3, 'relations', '2008-05-07'),
(1440, 'b.a.-', 'conteur', 3, 'relations', '2008-05-07'),
(1441, 'f.i.-s.i.-t.u.-''', 'assisté', 5, 'ideas', '2008-05-07'),
(1442, 'wu.x.-', 're-évaluer le système technique', 3, 'relations', '2008-05-07'),
(1443, 'l.a.-f.a.-''', 'environnement naturel', 5, 'ideas', '2008-05-07'),
(1444, 'u.u.-b.o.-s.y.-''', 'linguistique', 5, 'ideas', '2008-05-07'),
(1445, 'a.a.-s.o.-''', 'communauté humaine', 5, 'ideas', '2008-05-07'),
(1446, 's.i.-s.i.-t.u.-''', 'allumé', 5, 'ideas', '2008-05-07'),
(1447, 'u.o.-we.h.-', 'résumer en vue de la gouvernance', 5, 'ideas', '2008-05-07'),
(1448, 'b.o.-e.e.-''', '(à venir)', 5, 'ideas', '2008-05-07'),
(1449, 'e.e.-l.o.-s.y.-''', 'marché du travail', 5, 'ideas', '2008-05-07'),
(1450, 't.a.-l.a.-''', 'archive', 5, 'ideas', '2008-05-07'),
(1451, 'd.i.-t.i.-t.u.-''', 'compté / mesuré', 5, 'ideas', '2008-05-07'),
(1452, 'j.j.-m.o.-s.y.-''', 'beaux-arts', 5, 'ideas', '2008-05-07'),
(1453, 'n.e.-l.a.-''', 'sécurité collective', 5, 'ideas', '2008-05-07'),
(1454, 'b.o.-j.j.-''', '(à venir)', 5, 'ideas', '2008-05-07'),
(1455, 'd.g.-', 'qualité du document', 3, 'relations', '2008-05-07'),
(1456, 't.a.-s.a.-''', 'traduction', 5, 'ideas', '2008-05-07'),
(1457, 'd.o.-', 'valeur de vérité', 3, 'relations', '2008-05-07'),
(1458, 'd.e.-n.i.-''', 'survie', 5, 'ideas', '2008-05-07'),
(1459, 's.o.-g.g.-s.y.-''', '(à venir)', 5, 'ideas', '2008-05-07'),
(1460, 's.e.-t.u.-wa.e.-''', 'compter / calculer', 5, 'ideas', '2008-05-07'),
(1461, 'l.o.-x.x.-''', '(à venir)', 5, 'ideas', '2008-05-07'),
(1462, 'm.i.-m.i.-''', 'fétiche', 5, 'ideas', '2008-05-07'),
(1463, 'b.i.-m.i.-t.u.-''', 'brillant', 5, 'ideas', '2008-05-07'),
(1464, 'x.n.-', 'rejet / renvoi', 3, 'relations', '2008-05-07'),
(1465, 'n.e.-s.a.-wa.e.-''', 'indiquer le sens à un groupe', 5, 'ideas', '2008-05-07'),
(1466, 'x.x.-t.o.-''', 'patrimoine collectif', 5, 'ideas', '2008-05-07'),
(1467, 'n.o.-e.e.-s.y.-''', '(à venir)', 5, 'ideas', '2008-05-07'),
(1468, 'm.e.-k.a.-wa.e.-''', 'attitude collaborative', 5, 'ideas', '2008-05-07'),
(1469, 't.o.-l.o.-s.u.-''', 'simultané', 5, 'ideas', '2008-05-07'),
(1470, 'u.g.-', 'prononcer un discours', 3, 'relations', '2008-05-07'),
(1471, 'f.o.-p.p.-s.y.-''', '(à venir)', 5, 'ideas', '2008-05-07'),
(1472, 'm.p.-', 'service rendu', 3, 'relations', '2008-05-07'),
(1473, 'k.o.-m.o.-s.u.-''', 'amical', 5, 'ideas', '2008-05-07'),
(1474, 'n.o.-n.o.-''', 'être humain', 5, 'ideas', '2008-05-07'),
(1475, 't.o.-e.e.-s.y.-''', '(à venir)', 5, 'ideas', '2008-05-07'),
(1476, 'l.a.-', 'gardien', 3, 'relations', '2008-05-07'),
(1477, 'b.e.-l.u.-wa.e.-''', 'culture scientifique', 5, 'ideas', '2008-05-07'),
(1478, 'b.c.-', 'capacité de rassemblement', 3, 'relations', '2008-05-07'),
(1479, 'f.i.-f.i.-t.u.-''', 'organique', 5, 'ideas', '2008-05-07'),
(1480, 'f.u.-k.u.-d.u.-''', 'aperçu', 5, 'ideas', '2008-05-07'),
(1481, 't.wa.-', 'hasard', 3, 'relations', '2008-05-07'),
(1482, 'f.u.-l.u.-''', 'âge', 5, 'ideas', '2008-05-07'),
(1483, 'e.c.-', 'se préparer au changement', 3, 'relations', '2008-05-07'),
(1484, 'j.g.-', 'explication', 3, 'relations', '2008-05-07'),
(1485, 'p.we.-', 'événement familial', 3, 'relations', '2008-05-07'),
(1486, 'n.a.-d.a.-f.o.-''', 'client', 5, 'ideas', '2008-05-07'),
(1487, 'n.e.-m.a.-wa.e.-''', 'inspirer l''harmonie', 5, 'ideas', '2008-05-07'),
(1488, 's.c.-', 'projet politique', 3, 'relations', '2008-05-07'),
(1489, 'c.k.-', 'sclérose du lien', 3, 'relations', '2008-05-07'),
(1490, 't.a.-s.a.-f.o.-''', 'traducteur', 5, 'ideas', '2008-05-07'),
(1491, 'l.o.-i.i.-s.y.-''', '(à venir)', 5, 'ideas', '2008-05-07'),
(1492, 'p.b.-', 'dégoût', 3, 'relations', '2008-05-07'),
(1493, 'f.we.-', 'loisir', 3, 'relations', '2008-05-07'),
(1494, 't.e.-b.u.-wa.e.-''', 'éloquence', 5, 'ideas', '2008-05-07'),
(1495, 's.o.-d.o.-''', 'humilité', 5, 'ideas', '2008-05-07'),
(1496, 'wa.j.-', 'transformer le langage', 3, 'relations', '2008-05-07'),
(1497, 'm.o.-d.o.-''', 'sincérité', 5, 'ideas', '2008-05-07'),
(1498, 'n.u.-d.u.-''', 'etiquette', 5, 'ideas', '2008-05-07'),
(1499, 'm.a.-n.a.-''', 'cause', 5, 'ideas', '2008-05-07'),
(1500, 's.i.-s.i.-''', 'commutateur', 5, 'ideas', '2008-05-07'),
(1501, 'l.o.-p.p.-s.y.-''', '(à venir)', 5, 'ideas', '2008-05-07'),
(1502, 'c.c.-f.o.-s.y.-''', 'études féministes / des genres', 5, 'ideas', '2008-05-07'),
(1503, 'b.o.-u.u.-''', '(à venir)', 5, 'ideas', '2008-05-07'),
(1504, 'f.o.-s.o.-s.u.-''', 'surréel / mythique', 5, 'ideas', '2008-05-07'),
(1505, 'k.o.-f.o.-''', 'collaboration', 5, 'ideas', '2008-05-07'),
(1506, 'b.o.-s.o.-''', 'interprétation', 5, 'ideas', '2008-05-07'),
(1507, 'f.e.-m.i.-wa.e.-''', 'esthétique / mode', 5, 'ideas', '2008-05-07');
INSERT INTO `ieml_onto` (`ieml_id`, `ieml_code`, `ieml_lib`, `ieml_niveau`, `ieml_parent`, `ieml_date`) VALUES
(1508, 'u.u.-t.o.-''', 'système de communication', 5, 'ideas', '2008-05-07'),
(1509, 'i.u.-', 'prendre', 3, 'relations', '2008-05-07'),
(1510, 'n.a.-l.a.-f.o.-''', 'policier', 5, 'ideas', '2008-05-07'),
(1511, 'u.k.-', 'parler en jargon', 3, 'relations', '2008-05-07'),
(1512, 'd.u.-t.u.-d.u.-''', 'ancre', 5, 'ideas', '2008-05-07'),
(1513, 'a.a.-we.h.-', 'créer la confiance', 5, 'ideas', '2008-05-07'),
(1514, 'k.e.-s.a.-''', 'autonomie psychique', 5, 'ideas', '2008-05-07'),
(1515, 'o.m.-', 'être indifférent', 3, 'relations', '2008-05-07'),
(1516, 'k.e.-f.a.-''', 'autonomie physique', 5, 'ideas', '2008-05-07'),
(1517, 'f.o.-m.o.-''', 'joie', 5, 'ideas', '2008-05-07'),
(1518, 'n.e.-s.a.-''', 'démarche collective', 5, 'ideas', '2008-05-07'),
(1519, 'd.o.-t.o.-s.u.-''', 'appris', 5, 'ideas', '2008-05-07'),
(1520, 'k.o.-i.i.-s.y.-''', '(à venir)', 5, 'ideas', '2008-05-07'),
(1521, 'f.o.-m.o.-s.u.-''', 'joyeux', 5, 'ideas', '2008-05-07'),
(1522, 'm.u.-t.u.-''', 'masque', 5, 'ideas', '2008-05-07'),
(1523, 'n.e.-d.a.-wa.e.-''', 'publier la vérité', 5, 'ideas', '2008-05-07'),
(1524, 'o.e.-we.h.-', 'éduquer', 5, 'ideas', '2008-05-07'),
(1525, 'd.o.-h.h.-s.y.-''', '(à venir)', 5, 'ideas', '2008-05-07'),
(1526, 'b.i.-k.i.-t.u.-''', 'monumental', 5, 'ideas', '2008-05-07'),
(1527, 'd.a.-l.a.-f.o.-''', 'agent de renseignement', 5, 'ideas', '2008-05-07'),
(1528, 'l.o.-c.c.-s.y.-''', '(à venir)', 5, 'ideas', '2008-05-07'),
(1529, 'f.y.-', 'intelligence du corps', 3, 'relations', '2008-05-07'),
(1530, 'k.e.-b.a.-''', 'crédibilité', 5, 'ideas', '2008-05-07'),
(1531, 't.u.-k.u.-''', 'écritures', 5, 'ideas', '2008-05-07'),
(1532, 'i.f.-', 'être malade ou blessé', 3, 'relations', '2008-05-07'),
(1533, 'f.u.-b.u.-''', 'accent', 5, 'ideas', '2008-05-07'),
(1534, 't.e.-', 'capacité de convaincre', 3, 'relations', '2008-05-07'),
(1535, 'm.i.-d.i.-t.u.-''', 'ciblé', 5, 'ideas', '2008-05-07'),
(1536, 'b.a.-d.a.-''', 'publicité', 5, 'ideas', '2008-05-07'),
(1537, 'd.i.-f.i.-t.u.-''', 'perçu', 5, 'ideas', '2008-05-07'),
(1538, 'we.b.-', 'cultiver un système d''information', 3, 'relations', '2008-05-07'),
(1539, 'k.o.-h.h.-s.y.-''', '(à venir)', 5, 'ideas', '2008-05-07'),
(1540, 'm.u.-k.u.-d.u.-''', 'sacrifié', 5, 'ideas', '2008-05-07'),
(1541, 'n.o.-h.h.-''', '(à venir)', 5, 'ideas', '2008-05-07'),
(1542, 'k.i.-t.i.-''', 'magasin / entrepôt', 5, 'ideas', '2008-05-07'),
(1543, 'l.o.-h.h.-s.y.-''', '(à venir)', 5, 'ideas', '2008-05-07'),
(1544, 't.t.-', 'cycle', 3, 'relations', '2008-05-07'),
(1545, 'm.o.-x.x.-s.y.-''', '(à venir)', 5, 'ideas', '2008-05-07'),
(1546, 'm.s.-', 'contemplation', 3, 'relations', '2008-05-07'),
(1547, 'k.a.-k.a.-f.o.-''', 'citoyen', 5, 'ideas', '2008-05-07'),
(1548, 't.o.-n.o.-''', 'calendrier', 5, 'ideas', '2008-05-07'),
(1549, 'wo.j.-', 'réfléchir aux langages possibles', 3, 'relations', '2008-05-07'),
(1550, 's.n.-', 'nuage', 3, 'relations', '2008-05-07'),
(1551, 'b.o.-k.o.-''', 'communication', 5, 'ideas', '2008-05-07'),
(1552, 'e.e.-s.o.-''', 'condition de travail', 5, 'ideas', '2008-05-07'),
(1553, 'l.e.-t.i.-''', 'système de transport', 5, 'ideas', '2008-05-07'),
(1554, 'g.e.-', 'édit / ordonnance', 3, 'relations', '2008-05-07'),
(1555, 'n.o.-j.j.-''', '(à venir)', 5, 'ideas', '2008-05-07'),
(1556, 'm.wo.-', 'appel de l''inconnu', 3, 'relations', '2008-05-07'),
(1557, 't.m.-', 'attachement', 3, 'relations', '2008-05-07'),
(1558, 'b.a.-f.a.-f.o.-''', 'infirmier / soignant', 5, 'ideas', '2008-05-07'),
(1559, 'f.o.-l.o.-s.u.-''', 'organisé', 5, 'ideas', '2008-05-07'),
(1560, 'b.o.-k.o.-s.u.-''', 'communiqué', 5, 'ideas', '2008-05-07'),
(1561, 'wo.', 'générer possibles', 2, 'events', '2008-05-07'),
(1562, 'g.g.-n.o.-''', 'relations transculturelles', 5, 'ideas', '2008-05-07'),
(1563, 's.u.-', 'image', 3, 'relations', '2008-05-07'),
(1564, 'f.o.-s.o.-''', 'imaginaire', 5, 'ideas', '2008-05-07'),
(1565, 'e.e.-t.o.-''', 'métier', 5, 'ideas', '2008-05-07'),
(1566, 'l.e.-m.i.-''', 'univers poétique', 5, 'ideas', '2008-05-07'),
(1567, 'k.e.-d.a.-''', 'jugement', 5, 'ideas', '2008-05-07'),
(1568, 'i.i.-f.o.-''', 'phénomène biologique', 5, 'ideas', '2008-05-07'),
(1569, 'a.', 's''engager', 2, 'events', '2008-05-07'),
(1570, 't.p.-', 'gain', 3, 'relations', '2008-05-07'),
(1571, 'b.i.-k.i.-''', 'place publique', 5, 'ideas', '2008-05-07'),
(1572, 'n.u.-m.u.-d.u.-''', 'imité', 5, 'ideas', '2008-05-07'),
(1573, 'f.a.-d.a.-''', 'réparation', 5, 'ideas', '2008-05-07'),
(1574, 'a.g.-', 's''engager dans son discours', 3, 'relations', '2008-05-07'),
(1575, 'k.o.-d.o.-''', 'honnêteté', 5, 'ideas', '2008-05-07'),
(1576, 's.o.-i.i.-s.y.-''', '(à venir)', 5, 'ideas', '2008-05-07'),
(1577, 'n.o.-o.o.-''', '(à venir)', 5, 'ideas', '2008-05-07'),
(1578, 'n.f.-', 'domestique', 3, 'relations', '2008-05-07'),
(1579, 't.e.-d.u.-wa.e.-''', 'architecture d''information', 5, 'ideas', '2008-05-07'),
(1580, 'm.a.-m.a.-f.o.-''', 'familier', 5, 'ideas', '2008-05-07'),
(1581, 's.a.-k.a.-f.o.-''', 'politicien', 5, 'ideas', '2008-05-07'),
(1582, 'd.o.-g.g.-''', '(à venir)', 5, 'ideas', '2008-05-07'),
(1583, 'd.n.-', 'moins', 3, 'relations', '2008-05-07'),
(1584, 'd.e.-l.i.-wa.e.-''', 'arts martiaux', 5, 'ideas', '2008-05-07'),
(1585, 'l.e.-k.i.-''', 'prospérité', 5, 'ideas', '2008-05-07'),
(1586, 'k.o.-', 'désir de lien social', 3, 'relations', '2008-05-07'),
(1587, 'k.a.-n.a.-f.o.-''', 'juré', 5, 'ideas', '2008-05-07'),
(1588, 'l.u.-m.u.-d.u.-''', 'habituel', 5, 'ideas', '2008-05-07'),
(1589, 'c.c.-b.o.-''', 'flux d''information significative', 5, 'ideas', '2008-05-07'),
(1590, 'k.we.-', 'communauté de résidence', 3, 'relations', '2008-05-07'),
(1591, 'd.i.-t.i.-''', 'compteur', 5, 'ideas', '2008-05-07'),
(1592, 'p.p.-k.o.-s.y.-''', 'économie', 5, 'ideas', '2008-05-07'),
(1593, 'l.t.-', 'gauche', 3, 'relations', '2008-05-07'),
(1594, 'we.p.-', 'unifier l''objet', 3, 'relations', '2008-05-07'),
(1595, 't.o.-a.a.-s.y.-''', '(à venir)', 5, 'ideas', '2008-05-07'),
(1596, 'e.e.-n.o.-s.y.-''', 'taxonomie de compétences', 5, 'ideas', '2008-05-07'),
(1597, 'y.y.-l.o.-''', 'objet présenté', 5, 'ideas', '2008-05-07'),
(1598, 'p.p.-f.o.-s.y.-''', 'sciences de la santé', 5, 'ideas', '2008-05-07'),
(1599, 'f.o.-y.y.-''', '(à venir)', 5, 'ideas', '2008-05-07'),
(1600, 'f.i.-b.i.-''', 'drogue / médicament', 5, 'ideas', '2008-05-07'),
(1601, 'm.wa.-', 'audace', 3, 'relations', '2008-05-07'),
(1602, 'd.i.-d.i.-''', 'données quantitatives', 5, 'ideas', '2008-05-07'),
(1603, 'i.u.-we.h.-', 'prendre la parole', 5, 'ideas', '2008-05-07'),
(1604, 'l.e.-b.i.-wa.e.-''', 'ingénierie informatique', 5, 'ideas', '2008-05-07'),
(1605, 'b.o.-o.o.-''', '(à venir)', 5, 'ideas', '2008-05-07'),
(1606, 'n.i.-k.i.-''', 'marchandise', 5, 'ideas', '2008-05-07'),
(1607, 'b.x.-', 'environnement collaboratif', 3, 'relations', '2008-05-07'),
(1608, 't.u.-n.u.-''', 'nom propre', 5, 'ideas', '2008-05-07'),
(1609, 'p.j.-', 'mutation de l''apprentissage', 3, 'relations', '2008-05-07'),
(1610, 'd.u.-f.u.-d.u.-''', 'présent', 5, 'ideas', '2008-05-07'),
(1611, 'k.i.-b.i.-t.u.-''', 'logiciel', 5, 'ideas', '2008-05-07'),
(1612, 'n.j.-', 'originalité', 3, 'relations', '2008-05-07'),
(1613, 'b.wa.-', 'négociation', 3, 'relations', '2008-05-07'),
(1614, 'p.s.-', 'manque', 3, 'relations', '2008-05-07'),
(1615, 'c.', 'mutation personelle', 2, 'events', '2008-05-07'),
(1616, 'wu.n.-', 'cultiver la clarté du sens', 3, 'relations', '2008-05-07'),
(1617, 'n.b.-', 'acide', 3, 'relations', '2008-05-07'),
(1618, 'y.n.-', 'ignorer les principes', 3, 'relations', '2008-05-07'),
(1619, 't.o.-o.o.-''', '(à venir)', 5, 'ideas', '2008-05-07'),
(1620, 'wa.t.-', 'prendre des risques', 3, 'relations', '2008-05-07'),
(1621, 'e.x.-', 's''approprier des outils', 3, 'relations', '2008-05-07'),
(1622, 'wu.f.-', 'immersion sensorielle', 3, 'relations', '2008-05-07'),
(1623, 'n.o.-c.c.-s.y.-''', '(à venir)', 5, 'ideas', '2008-05-07'),
(1624, 'n.o.-s.o.-s.u.-''', 'cultivé', 5, 'ideas', '2008-05-07'),
(1625, 'k.o.-g.g.-''', '(à venir)', 5, 'ideas', '2008-05-07'),
(1626, 'wo.wo.-', 'naître', 3, 'relations', '2008-05-07'),
(1627, 's.l.-', 'haut', 3, 'relations', '2008-05-07'),
(1628, 'd.o.-x.x.-s.y.-''', '(à venir)', 5, 'ideas', '2008-05-07'),
(1629, 'd.o.-o.o.-s.y.-''', '(à venir)', 5, 'ideas', '2008-05-07'),
(1630, 't.o.-a.a.-''', '(à venir)', 5, 'ideas', '2008-05-07'),
(1631, 'g.g.-k.o.-''', 'discours public', 5, 'ideas', '2008-05-07'),
(1632, 'l.e.-d.i.-''', 'système de coordonnées', 5, 'ideas', '2008-05-07'),
(1633, 'n.a.-m.a.-''', 'homme', 5, 'ideas', '2008-05-07'),
(1634, 'u.l.-', 'salir ou se salir', 3, 'relations', '2008-05-07'),
(1635, 'b.j.-', 'innovation sémiotique', 3, 'relations', '2008-05-07'),
(1636, 'f.a.-m.a.-''', 'femme', 5, 'ideas', '2008-05-07'),
(1637, 'o.k.-', 'briser le lien social', 3, 'relations', '2008-05-07'),
(1638, 'n.i.-f.i.-''', 'main / pied', 5, 'ideas', '2008-05-07'),
(1639, 'f.h.-', 'rencontre', 3, 'relations', '2008-05-07'),
(1640, 'wa.c.-', 'transformer la communauté', 3, 'relations', '2008-05-07'),
(1641, 'j.o.-', 'inconscient', 3, 'relations', '2008-05-07'),
(1642, 'i.s.-', 'bloquer', 3, 'relations', '2008-05-07'),
(1643, 'n.e.-d.a.-''', 'information du public', 5, 'ideas', '2008-05-07'),
(1644, 's.a.-', 'interprète', 3, 'relations', '2008-05-07'),
(1645, 'd.e.-t.i.-''', 'conduite sûre', 5, 'ideas', '2008-05-07'),
(1646, 'd.o.-c.c.-''', '(à venir)', 5, 'ideas', '2008-05-07'),
(1647, 'u.n.-', 'se réfugier dans l''anonymat', 3, 'relations', '2008-05-07'),
(1648, 'wo.a.-', 'trouver sa juste place', 3, 'relations', '2008-05-07'),
(1649, 'k.wo.-', 'école de pensée', 3, 'relations', '2008-05-07'),
(1650, 'e.h.-', 'suivre une méthode d''interpretation', 3, 'relations', '2008-05-07'),
(1651, 'B.', 'être', 1, 'elements', '2008-05-07'),
(1652, 'l.i.-t.i.-''', 'fermeture / sac', 5, 'ideas', '2008-05-07'),
(1653, 'n.o.-a.a.-s.y.-''', '(à venir)', 5, 'ideas', '2008-05-07'),
(1654, 'f.o.-c.c.-''', '(à venir)', 5, 'ideas', '2008-05-07'),
(1655, 'k.m.-', 'envie', 3, 'relations', '2008-05-07'),
(1656, 'f.l.-', 'montagne', 3, 'relations', '2008-05-07'),
(1657, 'wa.d.-', 'expérimenter', 3, 'relations', '2008-05-07'),
(1658, 'b.a.-n.a.-f.o.-''', 'procureur', 5, 'ideas', '2008-05-07'),
(1659, 'l.o.-i.i.-''', '(à venir)', 5, 'ideas', '2008-05-07'),
(1660, 'e.i.-we.h.-', 'attirer ou favoriser l''investissement', 5, 'ideas', '2008-05-07'),
(1661, 'h.h.-b.o.-s.y.-''', 'herméneutique', 5, 'ideas', '2008-05-07'),
(1662, 'u.s.-', 'mal concevoir', 3, 'relations', '2008-05-07'),
(1663, 's.f.-', 'plante', 3, 'relations', '2008-05-07'),
(1664, 't.i.-m.i.-''', 'trésor', 5, 'ideas', '2008-05-07'),
(1665, 's.i.-f.i.-t.u.-''', 'reconnu', 5, 'ideas', '2008-05-07'),
(1666, 'n.o.-i.i.-''', '(à venir)', 5, 'ideas', '2008-05-07'),
(1667, 't.o.-t.o.-''', 'changement', 5, 'ideas', '2008-05-07'),
(1668, 'f.o.-k.o.-''', 'rite', 5, 'ideas', '2008-05-07'),
(1669, 't.f.-', 'graine', 3, 'relations', '2008-05-07'),
(1670, 'd.we.-', 'contrainte technique', 3, 'relations', '2008-05-07'),
(1671, 'x.c.-', 'crédit', 3, 'relations', '2008-05-07'),
(1672, 'x.x.-b.o.-s.y.-''', 'études des médias', 5, 'ideas', '2008-05-07'),
(1673, 'k.u.-l.u.-d.u.-''', 'tombeau / mausolée', 5, 'ideas', '2008-05-07'),
(1674, 'p.wa.-', 'transformation d''objectif', 3, 'relations', '2008-05-07'),
(1675, 'b.u.-m.u.-''', 'voix', 5, 'ideas', '2008-05-07'),
(1676, 's.a.-k.a.-''', 'parlement', 5, 'ideas', '2008-05-07'),
(1677, 's.e.-', 'maîtrise des codes', 3, 'relations', '2008-05-07'),
(1678, 'e.e.-n.o.-''', 'compétence', 5, 'ideas', '2008-05-07'),
(1679, 't.o.-s.o.-''', 'prévision', 5, 'ideas', '2008-05-07'),
(1680, 'f.e.-f.i.-wa.e.-''', 'chirurgie / soins du corps', 5, 'ideas', '2008-05-07'),
(1681, 'y.f.-', 's''intoxiquer', 3, 'relations', '2008-05-07'),
(1682, 'b.o.-n.o.-s.u.-''', 'poétique', 5, 'ideas', '2008-05-07'),
(1683, 'n.e.-k.a.-''', 'transparence des actes', 5, 'ideas', '2008-05-07'),
(1684, 'k.o.-p.p.-s.y.-''', '(à venir)', 5, 'ideas', '2008-05-07'),
(1685, 'k.u.-n.u.-d.u.-''', 'tribal', 5, 'ideas', '2008-05-07'),
(1686, 'h.n.-', 'opportunisme', 3, 'relations', '2008-05-07'),
(1687, 'l.i.-', 'technique de connexion', 3, 'relations', '2008-05-07'),
(1688, 'wo.x.-', 'réfléchir au système technique', 3, 'relations', '2008-05-07'),
(1689, 'j.k.-', 'erreur de syntaxe', 3, 'relations', '2008-05-07'),
(1690, 'd.e.-s.i.-wa.e.-''', 'discipliner le corps / esprit', 5, 'ideas', '2008-05-07'),
(1691, 'l.i.-n.i.-t.u.-''', 'découpé / percé', 5, 'ideas', '2008-05-07'),
(1692, 'wa.y.-', 'maîtriser les savoirs', 3, 'relations', '2008-05-07'),
(1693, 'a.x.-', 's''impliquer dans son travail', 3, 'relations', '2008-05-07'),
(1694, 'x.d.-', 'défaut d''exécution', 3, 'relations', '2008-05-07'),
(1695, 'k.u.-d.u.-d.u.-''', 'illuminé', 5, 'ideas', '2008-05-07'),
(1696, 'c.x.-', 'taux d''intérêt', 3, 'relations', '2008-05-07'),
(1697, 'l.o.-m.o.-''', 'liberté', 5, 'ideas', '2008-05-07'),
(1698, 'b.e.-k.u.-wa.e.-''', 'interprétation personnelle', 5, 'ideas', '2008-05-07'),
(1699, 'c.g.-', 'croyance', 3, 'relations', '2008-05-07'),
(1700, 'u.u.-n.o.-''', 'mot / morphème', 5, 'ideas', '2008-05-07'),
(1701, 'l.o.-', 'détermination de l''espace', 3, 'relations', '2008-05-07'),
(1702, 'h.h.-', 'mutation éthique', 3, 'relations', '2008-05-07'),
(1703, 'h.h.-d.o.-s.y.-''', 'études des religions', 5, 'ideas', '2008-05-07'),
(1704, 'l.e.-d.i.-wa.e.-''', 'métrologie', 5, 'ideas', '2008-05-07'),
(1705, 'm.i.-l.i.-''', 'textile / vêtement', 5, 'ideas', '2008-05-07'),
(1706, 'f.i.-k.i.-t.u.-''', 'comestible / potable', 5, 'ideas', '2008-05-07'),
(1707, 't.o.-f.o.-''', 'rythme', 5, 'ideas', '2008-05-07'),
(1708, 'p.n.-', 'rigidité', 3, 'relations', '2008-05-07'),
(1709, 't.i.-m.i.-t.u.-''', 'précieux', 5, 'ideas', '2008-05-07'),
(1710, 'k.i.-f.i.-t.u.-''', 'digéré', 5, 'ideas', '2008-05-07'),
(1711, 'b.i.-n.i.-t.u.-''', 'virtuose', 5, 'ideas', '2008-05-07'),
(1712, 't.u.-f.u.-''', 'mélodie', 5, 'ideas', '2008-05-07'),
(1713, 'c.c.-m.o.-''', 'résolution de conflit', 5, 'ideas', '2008-05-07'),
(1714, 'o.o.-f.o.-''', 'collaborateur', 5, 'ideas', '2008-05-07'),
(1715, 'f.i.-s.i.-''', 'prothèse', 5, 'ideas', '2008-05-07'),
(1716, 'm.a.-s.a.-''', 'médiation', 5, 'ideas', '2008-05-07'),
(1717, 't.wo.-', 'mise en relation', 3, 'relations', '2008-05-07'),
(1718, 'wo.u.-', 's''orienter dans l''information', 3, 'relations', '2008-05-07'),
(1719, 's.i.-d.i.-t.u.-''', 'émis', 5, 'ideas', '2008-05-07'),
(1720, 'l.u.-f.u.-d.u.-''', 'tactile / synesthésique', 5, 'ideas', '2008-05-07'),
(1721, 's.u.-d.u.-d.u.-''', 'repéré', 5, 'ideas', '2008-05-07'),
(1722, 'n.y.-', 'connaissance des principes', 3, 'relations', '2008-05-07'),
(1723, 'l.u.-d.u.-d.u.-''', 'échantillonné', 5, 'ideas', '2008-05-07'),
(1724, 'u.e.-we.h.-', 'produire du matériel didactique', 5, 'ideas', '2008-05-07'),
(1725, 'b.i.-n.i.-''', 'instrument de musique', 5, 'ideas', '2008-05-07'),
(1726, 'k.a.-f.a.-f.o.-''', 'pourvoyeur', 5, 'ideas', '2008-05-07'),
(1727, 'c.c.-k.o.-s.y.-''', 'études urbaines', 5, 'ideas', '2008-05-07'),
(1728, 'u.f.-', 'mal entendre ou mal voir', 3, 'relations', '2008-05-07'),
(1729, 'k.o.-b.o.-s.u.-''', 'civil', 5, 'ideas', '2008-05-07'),
(1730, 'd.o.-n.o.-s.u.-''', 'su', 5, 'ideas', '2008-05-07'),
(1731, 'b.u.-s.u.-''', 'métaphore / ressemblance', 5, 'ideas', '2008-05-07'),
(1732, 'u.u.-t.o.-s.y.-''', 'histoire de la communication', 5, 'ideas', '2008-05-07'),
(1733, 'n.u.-t.u.-''', 'logo', 5, 'ideas', '2008-05-07'),
(1734, 'n.e.-', 'capacité de diriger', 3, 'relations', '2008-05-07'),
(1735, 'l.y.-', 'conscience des limites', 3, 'relations', '2008-05-07'),
(1736, 'b.l.-', 'dehors', 3, 'relations', '2008-05-07'),
(1737, 'wu.h.-', 're-évaluer le sens', 3, 'relations', '2008-05-07'),
(1738, 'b.o.-b.o.-''', 'négation', 5, 'ideas', '2008-05-07'),
(1739, 'x.y.-', 'technologie intellectuelle', 3, 'relations', '2008-05-07'),
(1740, 'p.p.-l.o.-s.y.-''', 'études stratégiques', 5, 'ideas', '2008-05-07'),
(1741, 'b.o.-c.c.-''', '(à venir)', 5, 'ideas', '2008-05-07'),
(1742, 'k.o.-n.o.-s.u.-''', 'juste', 5, 'ideas', '2008-05-07'),
(1743, 'f.u.-t.u.-''', 'note de musique', 5, 'ideas', '2008-05-07'),
(1744, 'n.o.-i.i.-s.y.-''', '(à venir)', 5, 'ideas', '2008-05-07'),
(1745, 's.o.-o.o.-''', '(à venir)', 5, 'ideas', '2008-05-07'),
(1746, 'd.e.-d.i.-wa.e.-''', 'sports de tir / de visée', 5, 'ideas', '2008-05-07'),
(1747, 'n.wo.-', 'exercice spirituel', 3, 'relations', '2008-05-07'),
(1748, 'e.e.-s.o.-s.y.-''', 'ergonomie', 5, 'ideas', '2008-05-07'),
(1749, 'm.o.-a.a.-''', '(à venir)', 5, 'ideas', '2008-05-07'),
(1750, 'u.o.-', 'synthétiser', 3, 'relations', '2008-05-07'),
(1751, 'a.a.-n.o.-''', 'vie personelle', 5, 'ideas', '2008-05-07'),
(1752, 'we.d.-', 'adopter un système de mesure', 3, 'relations', '2008-05-07'),
(1753, 'a.o.-we.h.-', 'gouverner', 5, 'ideas', '2008-05-07'),
(1754, 'd.i.-k.i.-t.u.-''', 'monétaire', 5, 'ideas', '2008-05-07'),
(1755, 'f.o.-i.i.-s.y.-''', '(à venir)', 5, 'ideas', '2008-05-07'),
(1756, 'f.i.-l.i.-t.u.-''', 'soutenu', 5, 'ideas', '2008-05-07'),
(1757, 's.a.-n.a.-f.o.-''', 'précurseur', 5, 'ideas', '2008-05-07'),
(1758, 'f.a.-b.a.-f.o.-''', 'musicien', 5, 'ideas', '2008-05-07'),
(1759, 'b.u.-d.u.-d.u.-''', 'partiel', 5, 'ideas', '2008-05-07'),
(1760, 'k.o.-m.o.-''', 'amitié', 5, 'ideas', '2008-05-07'),
(1761, 'a.a.-b.o.-''', 'manière de penser', 5, 'ideas', '2008-05-07'),
(1762, 'm.o.-t.o.-s.u.-''', 'loyal', 5, 'ideas', '2008-05-07'),
(1763, 'u.a.-', 'décider', 3, 'relations', '2008-05-07'),
(1764, 'a.a.-b.o.-s.y.-''', 'psychologie sociale', 5, 'ideas', '2008-05-07'),
(1765, 'd.a.-s.a.-f.o.-''', 'étudiant', 5, 'ideas', '2008-05-07'),
(1766, 'l.i.-n.i.-''', 'outil coupant / perçant', 5, 'ideas', '2008-05-07'),
(1767, 'b.o.-x.x.-s.y.-''', '(à venir)', 5, 'ideas', '2008-05-07'),
(1768, 'k.y.-', 'intelligence relationnelle', 3, 'relations', '2008-05-07'),
(1769, 't.o.-x.x.-''', '(à venir)', 5, 'ideas', '2008-05-07'),
(1770, 'i.i.-s.o.-s.y.-''', 'théorie scientifique de la nature', 5, 'ideas', '2008-05-07'),
(1771, 's.u.-f.u.-''', 'perception', 5, 'ideas', '2008-05-07'),
(1772, 'm.i.-d.i.-''', 'cible', 5, 'ideas', '2008-05-07'),
(1773, 'd.o.-i.i.-''', '(à venir)', 5, 'ideas', '2008-05-07'),
(1774, 'o.o.-f.o.-s.y.-''', 'gestion des ressources humaines', 5, 'ideas', '2008-05-07'),
(1775, 'b.o.-g.g.-''', '(à venir)', 5, 'ideas', '2008-05-07'),
(1776, 's.o.-y.y.-s.y.-''', '(à venir)', 5, 'ideas', '2008-05-07'),
(1777, 'm.o.-e.e.-s.y.-''', '(à venir)', 5, 'ideas', '2008-05-07'),
(1778, 'y.p.-', 'examiner les sujets possibles', 3, 'relations', '2008-05-07'),
(1779, 'x.x.-t.o.-s.y.-''', 'archéologie / histoire matérielle', 5, 'ideas', '2008-05-07'),
(1780, 'm.a.-', 'parent', 3, 'relations', '2008-05-07'),
(1781, 'h.h.-t.o.-s.y.-''', 'histoire sacrée', 5, 'ideas', '2008-05-07'),
(1782, 'k.t.-', 'Eté', 3, 'relations', '2008-05-07'),
(1783, 'l.o.-g.g.-s.y.-''', '(à venir)', 5, 'ideas', '2008-05-07'),
(1784, 'wo.o.-', 'établir des principes', 3, 'relations', '2008-05-07'),
(1785, 'y.wo.-', 'profil intellectuel', 3, 'relations', '2008-05-07'),
(1786, 'n.a.-', 'juge', 3, 'relations', '2008-05-07'),
(1787, 'b.u.-s.u.-d.u.-''', 'semblable / même', 5, 'ideas', '2008-05-07'),
(1788, 'm.o.-l.o.-''', 'générosité', 5, 'ideas', '2008-05-07'),
(1789, 'b.i.-b.i.-t.u.-''', 'ubiquitaire', 5, 'ideas', '2008-05-07'),
(1790, 'f.o.-i.i.-''', '(à venir)', 5, 'ideas', '2008-05-07'),
(1791, 't.o.-p.p.-''', '(à venir)', 5, 'ideas', '2008-05-07'),
(1792, 'x.x.-f.o.-''', 'biomolécule active', 5, 'ideas', '2008-05-07'),
(1793, 'l.a.-l.a.-''', 'guerre', 5, 'ideas', '2008-05-07'),
(1794, 'e.p.-', 'être à la hauteur d''un sujet', 3, 'relations', '2008-05-07'),
(1795, 'k.o.-f.o.-s.u.-''', 'collaboratif', 5, 'ideas', '2008-05-07'),
(1796, 'k.i.-d.i.-t.u.-''', 'prix', 5, 'ideas', '2008-05-07'),
(1797, 'n.u.-k.u.-d.u.-''', 'excellent', 5, 'ideas', '2008-05-07'),
(1798, 'f.o.-e.e.-s.y.-''', '(à venir)', 5, 'ideas', '2008-05-07'),
(1799, 'n.c.-', 'évolution politique', 3, 'relations', '2008-05-07'),
(1800, 'wa.n.-', 'cultiver sa motivation', 3, 'relations', '2008-05-07'),
(1801, 'i.a.-we.h.-', 'entretenir l''infrastructure', 5, 'ideas', '2008-05-07'),
(1802, 'h.c.-', 'établissement d''une convention', 3, 'relations', '2008-05-07'),
(1803, 'wo.l.-', 'faire de l''espace', 3, 'relations', '2008-05-07'),
(1804, 's.o.-l.o.-''', 'proportion', 5, 'ideas', '2008-05-07'),
(1805, 'k.a.-k.a.-''', 'cité / unité politique', 5, 'ideas', '2008-05-07'),
(1806, 'm.e.-d.a.-wa.e.-''', 'chercher la vérité', 5, 'ideas', '2008-05-07'),
(1807, 'i.i.-m.o.-s.y.-''', 'médecine', 5, 'ideas', '2008-05-07'),
(1808, 'a.e.-we.h.-', 'cultiver le développement humain', 5, 'ideas', '2008-05-07'),
(1809, 'j.j.-t.o.-s.y.-''', 'histoire de la conscience', 5, 'ideas', '2008-05-07'),
(1810, 'x.wa.-', 'nouveau véhicule', 3, 'relations', '2008-05-07'),
(1811, 'o.o.-b.o.-''', 'représentation collective', 5, 'ideas', '2008-05-07'),
(1812, 'f.o.-f.o.-s.u.-''', 'vivant', 5, 'ideas', '2008-05-07'),
(1813, 'f.a.-k.a.-''', 'accueil / hospitalité', 5, 'ideas', '2008-05-07'),
(1814, 'i.i.-n.o.-s.y.-''', 'chimie', 5, 'ideas', '2008-05-07'),
(1815, 'k.e.-k.a.-''', 'performance', 5, 'ideas', '2008-05-07'),
(1816, 'd.u.-s.u.-''', 'carte', 5, 'ideas', '2008-05-07'),
(1817, 'l.u.-s.u.-''', 'moule', 5, 'ideas', '2008-05-07'),
(1818, 'j.j.-d.o.-''', 'fonction cognitive', 5, 'ideas', '2008-05-07'),
(1819, 'b.i.-f.i.-t.u.-''', 'distribué', 5, 'ideas', '2008-05-07'),
(1820, 'j.c.-', 'mutation politique', 3, 'relations', '2008-05-07'),
(1821, 'd.o.-u.u.-s.y.-''', '(à venir)', 5, 'ideas', '2008-05-07'),
(1822, 'f.o.-t.o.-''', 'croissance', 5, 'ideas', '2008-05-07'),
(1823, 'n.a.-k.a.-''', 'réforme', 5, 'ideas', '2008-05-07'),
(1824, 's.o.-t.o.-''', 'création', 5, 'ideas', '2008-05-07'),
(1825, 'l.k.-', 'limite', 3, 'relations', '2008-05-07'),
(1826, 'd.u.-d.u.-d.u.-''', 'saillant', 5, 'ideas', '2008-05-07'),
(1827, 'x.x.-d.o.-''', 'preuves ', 5, 'ideas', '2008-05-07'),
(1828, 'm.u.-b.u.-''', 'sortilège', 5, 'ideas', '2008-05-07'),
(1829, 'wa.o.-', 's''en tenir aux principes', 3, 'relations', '2008-05-07'),
(1830, 'f.e.-k.i.-wa.e.-''', 'savoir-faire commercial', 5, 'ideas', '2008-05-07'),
(1831, 'd.wo.-', 'contrainte intellectuelle', 3, 'relations', '2008-05-07'),
(1832, 'm.u.-f.u.-''', 'plaisir', 5, 'ideas', '2008-05-07'),
(1833, 'wu.g.-', 're-évaluer la documentation', 3, 'relations', '2008-05-07'),
(1834, 'n.a.-d.a.-''', 'achat', 5, 'ideas', '2008-05-07'),
(1835, 'm.o.-m.o.-s.u.-''', 'amoureux', 5, 'ideas', '2008-05-07'),
(1836, 'b.o.-y.y.-s.y.-''', '(à venir)', 5, 'ideas', '2008-05-07'),
(1837, 't.u.-k.u.-d.u.-''', 'scriptural', 5, 'ideas', '2008-05-07'),
(1838, 'l.u.-m.u.-''', 'habitude', 5, 'ideas', '2008-05-07'),
(1839, 'k.o.-a.a.-s.y.-''', '(à venir)', 5, 'ideas', '2008-05-07'),
(1840, 'p.m.-', 'mépris', 3, 'relations', '2008-05-07'),
(1841, 'g.a.-', 'rôle / fonction sociale', 3, 'relations', '2008-05-07'),
(1842, 'wu.k.-', 'sensibilité aux rapports humains', 3, 'relations', '2008-05-07'),
(1843, 'l.u.-b.u.-''', 'transcription', 5, 'ideas', '2008-05-07'),
(1844, 'm.e.-m.a.-''', 'réciprocité', 5, 'ideas', '2008-05-07'),
(1845, 'o.', 'vouloir', 2, 'events', '2008-05-07'),
(1846, 'c.wo.-', 'crise de conscience', 3, 'relations', '2008-05-07'),
(1847, 'b.u.-l.u.-d.u.-''', 'cité', 5, 'ideas', '2008-05-07'),
(1848, 'd.o.-b.o.-s.u.-''', 'décrit', 5, 'ideas', '2008-05-07'),
(1849, 'g.g.-', 'mutation du discours', 3, 'relations', '2008-05-07'),
(1850, 'b.i.-t.i.-''', 'médiathèque', 5, 'ideas', '2008-05-07'),
(1851, 't.e.-s.u.-wa.e.-''', 'création d''image', 5, 'ideas', '2008-05-07'),
(1852, 'l.g.-', 'propriété intellectuelle', 3, 'relations', '2008-05-07'),
(1853, 'c.o.-', 'pulsion', 3, 'relations', '2008-05-07'),
(1854, 'e.a.-', 'offrir', 3, 'relations', '2008-05-07'),
(1855, 'k.e.-', 'maîtrise de soi', 3, 'relations', '2008-05-07'),
(1856, 'e.e.-m.o.-s.y.-''', 'orientation professionnelle', 5, 'ideas', '2008-05-07'),
(1857, 'x.o.-', 'jouissance', 3, 'relations', '2008-05-07'),
(1858, 's.p.-', 'projet économique', 3, 'relations', '2008-05-07'),
(1859, 'we.wu.-', 'faire l''amour', 3, 'relations', '2008-05-07'),
(1860, 'o.o.-k.o.-s.y.-''', 'sciences politiques', 5, 'ideas', '2008-05-07'),
(1861, 'm.o.-d.o.-s.u.-''', 'sincère', 5, 'ideas', '2008-05-07'),
(1862, 'y.y.-b.o.-''', 'communication scientifique', 5, 'ideas', '2008-05-07'),
(1863, 'k.o.-a.a.-''', '(à venir)', 5, 'ideas', '2008-05-07'),
(1864, 'f.a.-l.a.-''', 'désastre', 5, 'ideas', '2008-05-07'),
(1865, 'd.i.-b.i.-''', 'ordinateur', 5, 'ideas', '2008-05-07'),
(1866, 'f.o.-u.u.-s.y.-''', '(à venir)', 5, 'ideas', '2008-05-07'),
(1867, 't.u.-s.u.-d.u.-''', 'imprimé / gravé', 5, 'ideas', '2008-05-07'),
(1868, 's.o.-n.o.-s.u.-''', 'médité', 5, 'ideas', '2008-05-07'),
(1869, 'p.p.-', 'mutation des forces en présence', 3, 'relations', '2008-05-07'),
(1870, 'k.s.-', 'Sud', 3, 'relations', '2008-05-07'),
(1871, 'l.i.-l.i.-t.u.-''', 'en réseau', 5, 'ideas', '2008-05-07'),
(1872, 'g.b.-', 'bruit / erreur de transmission', 3, 'relations', '2008-05-07'),
(1873, 'o.d.-', 'être irresponsable', 3, 'relations', '2008-05-07'),
(1874, 'T.', 'chose', 1, 'elements', '2008-05-07'),
(1875, 'm.a.-m.a.-''', 'famille', 5, 'ideas', '2008-05-07'),
(1876, 'm.o.-s.o.-s.u.-''', 'intéressant', 5, 'ideas', '2008-05-07'),
(1877, 't.o.-d.o.-s.u.-''', 'pertinent', 5, 'ideas', '2008-05-07'),
(1878, 'k.e.-s.a.-wa.e.-''', 'se comprendre soi-même', 5, 'ideas', '2008-05-07'),
(1879, 'wo.we.-', 'boire / manger', 3, 'relations', '2008-05-07'),
(1880, 'f.e.-d.i.-wa.e.-''', 'contrôler / mesurer', 5, 'ideas', '2008-05-07'),
(1881, 'l.a.-s.a.-''', 'management', 5, 'ideas', '2008-05-07'),
(1882, 'a.h.-', 'défendre une interprétation', 3, 'relations', '2008-05-07'),
(1883, 'b.u.-d.u.-''', 'métonymie / partie', 5, 'ideas', '2008-05-07'),
(1884, 'k.a.-', 'chef', 3, 'relations', '2008-05-07'),
(1885, 'n.i.-n.i.-''', 'énergie', 5, 'ideas', '2008-05-07'),
(1886, 't.a.-k.a.-''', 'fonction publique', 5, 'ideas', '2008-05-07'),
(1887, 'b.k.-', 'froid', 3, 'relations', '2008-05-07'),
(1888, 'wu.m.-', 'exprimer ses émotions', 3, 'relations', '2008-05-07'),
(1889, 'u.y.-', 'expliciter', 3, 'relations', '2008-05-07'),
(1890, 'y.y.-d.o.-s.y.-''', 'pensée réflexive', 5, 'ideas', '2008-05-07'),
(1891, 'a.a.-t.o.-s.y.-''', 'généalogie', 5, 'ideas', '2008-05-07'),
(1892, 's.u.-k.u.-''', 'icône', 5, 'ideas', '2008-05-07'),
(1893, 'f.a.-', 'guérisseur', 3, 'relations', '2008-05-07'),
(1894, 'x.b.-', 'isolement', 3, 'relations', '2008-05-07'),
(1895, 'k.o.-t.o.-s.u.-''', 'passé', 5, 'ideas', '2008-05-07'),
(1896, 'n.i.-m.i.-t.u.-''', 'valeur ajoutée', 5, 'ideas', '2008-05-07'),
(1897, 'we.wo.-', 's''habituer', 3, 'relations', '2008-05-07'),
(1898, 's.m.-', 'étonnement', 3, 'relations', '2008-05-07'),
(1899, 'i.i.-n.o.-''', 'phénomène chimique', 5, 'ideas', '2008-05-07'),
(1900, 'b.a.-t.a.-f.o.-''', 'comptable', 5, 'ideas', '2008-05-07'),
(1901, 'j.j.-t.o.-''', 'forme de conscience', 5, 'ideas', '2008-05-07'),
(1902, 'j.d.-', 'impropriété lexicale', 3, 'relations', '2008-05-07'),
(1903, 's.u.-d.u.-''', 'légende', 5, 'ideas', '2008-05-07'),
(1904, 'o.o.-n.o.-s.y.-''', 'sciences juridiques', 5, 'ideas', '2008-05-07'),
(1905, 'l.j.-', 'influence', 3, 'relations', '2008-05-07'),
(1906, 'n.i.-l.i.-t.u.-''', 'collé / joint', 5, 'ideas', '2008-05-07'),
(1907, 'we.l.-', 'étendre sa capacité de travail', 3, 'relations', '2008-05-07'),
(1908, 'f.a.-f.a.-f.o.-''', 'cultivateur / éleveur', 5, 'ideas', '2008-05-07'),
(1909, 'm.o.-b.o.-s.u.-''', 'exprimé', 5, 'ideas', '2008-05-07'),
(1910, 'd.i.-m.i.-t.u.-''', 'primé / décoré', 5, 'ideas', '2008-05-07'),
(1911, 't.b.-', 'sel', 3, 'relations', '2008-05-07'),
(1912, 'f.i.-d.i.-t.u.-''', 'capté', 5, 'ideas', '2008-05-07'),
(1913, 'd.a.-t.a.-''', 'épargne', 5, 'ideas', '2008-05-07'),
(1914, 'p.p.-d.o.-''', 'opacité', 5, 'ideas', '2008-05-07'),
(1915, 's.i.-d.i.-''', 'émetteur', 5, 'ideas', '2008-05-07'),
(1916, 'y.i.-', 'innover', 3, 'relations', '2008-05-07'),
(1917, 's.i.-n.i.-''', 'dispositif de réfrigération', 5, 'ideas', '2008-05-07'),
(1918, 'f.e.-l.i.-''', 'activité de bâtiment / travaux publics', 5, 'ideas', '2008-05-07'),
(1919, 'y.y.-k.o.-s.y.-''', 'sociologie arts / sciences', 5, 'ideas', '2008-05-07'),
(1920, 'l.o.-f.o.-''', 'habitation', 5, 'ideas', '2008-05-07'),
(1921, 'f.a.-t.a.-''', 'assurance', 5, 'ideas', '2008-05-07'),
(1922, 'l.o.-d.o.-s.u.-''', 'orienté', 5, 'ideas', '2008-05-07'),
(1923, 't.o.-e.e.-''', '(à venir)', 5, 'ideas', '2008-05-07'),
(1924, 'd.u.-b.u.-d.u.-''', 'conseillé', 5, 'ideas', '2008-05-07'),
(1925, 'm.o.-y.y.-''', '(à venir)', 5, 'ideas', '2008-05-07'),
(1926, 'e.wu.-', 'surveiller', 3, 'relations', '2008-05-07'),
(1927, 'y.b.-', 'ne pas savoir abstraire', 3, 'relations', '2008-05-07'),
(1928, 'm.u.-n.u.-''', 'sujet', 5, 'ideas', '2008-05-07'),
(1929, 'm.e.-', 'capacité de négocier', 3, 'relations', '2008-05-07'),
(1930, 'o.i.-', 'choisir', 3, 'relations', '2008-05-07'),
(1931, 'a.j.-', 'assumer son style', 3, 'relations', '2008-05-07'),
(1932, 'b.', 'langage', 2, 'events', '2008-05-07'),
(1933, 'p.p.-b.o.-s.y.-''', 'pragmatique / rhetorique', 5, 'ideas', '2008-05-07'),
(1934, 'i.i.-b.o.-s.y.-''', 'imagerie scientifique', 5, 'ideas', '2008-05-07'),
(1935, 'g.g.-b.o.-s.y.-''', 'étude du symbolisme', 5, 'ideas', '2008-05-07'),
(1936, 'p.g.-', 'serment', 3, 'relations', '2008-05-07'),
(1937, 'n.o.-b.o.-s.u.-''', 'stylé', 5, 'ideas', '2008-05-07'),
(1938, 'n.', 'monde', 2, 'events', '2008-05-07'),
(1939, 's.o.-h.h.-s.y.-''', '(à venir)', 5, 'ideas', '2008-05-07'),
(1940, 'o.o.-', 'viser un objectif', 3, 'relations', '2008-05-07'),
(1941, 'n.i.-l.i.-''', 'colle / joint', 5, 'ideas', '2008-05-07'),
(1942, 'n.a.-f.a.-f.o.-''', 'médecin', 5, 'ideas', '2008-05-07'),
(1943, 't.e.-m.u.-''', 'représentation dramatique', 5, 'ideas', '2008-05-07'),
(1944, 'n.a.-f.a.-''', 'maladie', 5, 'ideas', '2008-05-07'),
(1945, 'l.u.-n.u.-''', 'occurence / événement', 5, 'ideas', '2008-05-07'),
(1946, 'y.u.-', 'expliquer', 3, 'relations', '2008-05-07'),
(1947, 'f.p.-', 'relation commerciale', 3, 'relations', '2008-05-07'),
(1948, 'd.a.-d.a.-''', 'invention', 5, 'ideas', '2008-05-07'),
(1949, 'm.a.-b.a.-f.o.-''', 'joueur', 5, 'ideas', '2008-05-07'),
(1950, 'm.f.-', 'croisement', 3, 'relations', '2008-05-07'),
(1951, 'c.c.-k.o.-''', 'relations urbaines', 5, 'ideas', '2008-05-07'),
(1952, 'a.u.-we.h.-', 'ouvrir l''espace public', 5, 'ideas', '2008-05-07'),
(1953, 'g.', 'mutation documentaire', 2, 'events', '2008-05-07'),
(1954, 'm.k.-', 'dévouement', 3, 'relations', '2008-05-07'),
(1955, 'd.o.-e.e.-s.y.-''', '(à venir)', 5, 'ideas', '2008-05-07'),
(1956, 'l.o.-g.g.-''', '(à venir)', 5, 'ideas', '2008-05-07'),
(1957, 'y.y.-t.o.-''', 'discipline artistique / sci.', 5, 'ideas', '2008-05-07'),
(1958, 'h.a.-', 'prise de parti', 3, 'relations', '2008-05-07'),
(1959, 'e.e.-', 'exercer une compétence', 3, 'relations', '2008-05-07');

-- --------------------------------------------------------

--
-- Structure de la table `ieml_onto_flux`
--

DROP TABLE IF EXISTS `ieml_onto_flux`;
CREATE TABLE `ieml_onto_flux` (
  `onto_flux_id` int(11) NOT NULL auto_increment,
  `onto_flux_code` varchar(225) NOT NULL,
  `onto_flux_desc` varchar(255) NOT NULL,
  `onto_flux_niveau` int(11) NOT NULL,
  `onto_flux_parents` char(255) NOT NULL,
  PRIMARY KEY  (`onto_flux_id`)
) ENGINE=InnoDB  DEFAULT CHARSET=latin1 AUTO_INCREMENT=16 ;

--
-- Contenu de la table `ieml_onto_flux`
--

INSERT INTO `ieml_onto_flux` (`onto_flux_id`, `onto_flux_code`, `onto_flux_desc`, `onto_flux_niveau`, `onto_flux_parents`) VALUES
(1, 'acceleo', 'tag ', 1, ''),
(2, 'delete', 'tag ', 1, ''),
(3, 'demo', 'tag ', 1, ''),
(4, 'ieml', 'tag ', 1, 'semantique;'),
(5, 'information', 'tag ', 1, ''),
(6, 'mail', 'tag ', 1, ''),
(7, 'manuel', 'tag ', 1, ''),
(8, 'network', 'tag ', 1, ''),
(9, 'ontologie', 'tag ', 1, 'semantique;programmation;'),
(10, 'system', 'tag ', 1, ''),
(11, 'utilisation', 'tag ', 1, ''),
(12, 'visualisation', 'tag ', 1, ''),
(13, 'xul', 'tag ', 1, 'programmation;'),
(14, 'semantique', 'bundels ', 0, ''),
(15, 'programmation', 'bundels ', 0, '');

-- --------------------------------------------------------

--
-- Structure de la table `ieml_trad`
--

DROP TABLE IF EXISTS `ieml_trad`;
CREATE TABLE `ieml_trad` (
  `ieml_id` int(11) NOT NULL,
  `onto_flux_id` int(11) NOT NULL,
  `trad_date` date NOT NULL,
  PRIMARY KEY  (`ieml_id`,`onto_flux_id`)
) ENGINE=InnoDB DEFAULT CHARSET=latin1;

--
-- Contenu de la table `ieml_trad`
--

INSERT INTO `ieml_trad` (`ieml_id`, `onto_flux_id`, `trad_date`) VALUES
(471, 9, '2008-05-08');

-- --------------------------------------------------------

--
-- Structure de la table `ieml_uti`
--

DROP TABLE IF EXISTS `ieml_uti`;
CREATE TABLE `ieml_uti` (
  `uti_id` int(11) NOT NULL auto_increment,
  `uti_login` varchar(225) NOT NULL,
  `maj` varchar(225) NOT NULL,
  PRIMARY KEY  (`uti_id`)
) ENGINE=InnoDB  DEFAULT CHARSET=latin1 AUTO_INCREMENT=2 ;

--
-- Contenu de la table `ieml_uti`
--

INSERT INTO `ieml_uti` (`uti_id`, `uti_login`, `maj`) VALUES
(1, 'amelmaster', '2008-05-07 18:25:12');

-- --------------------------------------------------------

--
-- Structure de la table `ieml_uti_onto`
--

DROP TABLE IF EXISTS `ieml_uti_onto`;
CREATE TABLE `ieml_uti_onto` (
  `uti_id` int(11) NOT NULL,
  `ieml_id` int(11) NOT NULL,
  PRIMARY KEY  (`uti_id`,`ieml_id`)
) ENGINE=InnoDB DEFAULT CHARSET=latin1;

--
-- Contenu de la table `ieml_uti_onto`
--

INSERT INTO `ieml_uti_onto` (`uti_id`, `ieml_id`) VALUES
(1, 471),
(1, 1104);

-- --------------------------------------------------------

--
-- Structure de la table `ieml_uti_onto_flux`
--

DROP TABLE IF EXISTS `ieml_uti_onto_flux`;
CREATE TABLE `ieml_uti_onto_flux` (
  `uti_id` int(11) NOT NULL,
  `onto_flux_id` int(11) NOT NULL,
  PRIMARY KEY  (`uti_id`,`onto_flux_id`)
) ENGINE=InnoDB DEFAULT CHARSET=latin1;

--
-- Contenu de la table `ieml_uti_onto_flux`
--

INSERT INTO `ieml_uti_onto_flux` (`uti_id`, `onto_flux_id`) VALUES
(1, 1),
(1, 2),
(1, 3),
(1, 4),
(1, 5),
(1, 6),
(1, 7),
(1, 8),
(1, 9),
(1, 10),
(1, 11),
(1, 12),
(1, 13),
(1, 14),
(1, 15);

-- --------------------------------------------------------

--
-- Structure de la table `onto`
--

DROP TABLE IF EXISTS `onto`;
CREATE TABLE `onto` (
  `ieml_id` int(11) NOT NULL auto_increment,
  `ieml_code` varchar(1000) character set utf8 collate utf8_bin NOT NULL,
  `ieml_lib` varchar(255) NOT NULL,
  `ieml_niveau` int(11) NOT NULL,
  `ieml_parent` text NOT NULL,
  `ieml_date` date NOT NULL,
  PRIMARY KEY  (`ieml_id`)
) ENGINE=InnoDB  DEFAULT CHARSET=latin1 COMMENT='Cette table est utilisée pour stocker l’ontologie IEML.' AUTO_INCREMENT=198 ;

--
-- Contenu de la table `onto`
--

INSERT INTO `onto` (`ieml_id`, `ieml_code`, `ieml_lib`, `ieml_niveau`, `ieml_parent`, `ieml_date`) VALUES
(1, 'e.a.-', 's’entr’aider', 1, 'ieml_10eF', '0000-00-00'),
(2, 'a.a.-', 'offrir', 2, 'uwe', '0000-00-00'),
(3, 'a.', 'demande', 2, 'uwe', '0000-00-00'),
(4, 'e.i.-', 'contracter', 2, 'uwe', '0000-00-00'),
(5, 'y.e.-', ' faire', 3, 'ea  ae  aa', '0000-00-00'),
(6, 'a.y.-', ' s’engager dans', 3, 'ea  ae  aa', '0000-00-00'),
(7, 'w.e.-b.', ' prêter', 3, 'ea  ae  aa', '0000-00-00'),
(8, 'w.a.-k.', ' emprunter', 3, 'ea  ae  aa', '0000-00-00'),
(9, 'w.u.-k.', ' produire, construire', 3, 'ea  ae  aa', '0000-00-00'),
(10, 'w.o.-w.u.-''', ' enseigner', 3, 'ea  ae  aa', '0000-00-00'),
(11, 'w.a.-w.u.-''', ' apprendre', 3, 'ea  ae  aa', '0000-00-00'),
(12, 'o.w.-a.', ' chercher', 3, 'ea  ae  aa', '0000-00-00'),
(13, 'o.w.-e.', ' conseiller', 3, 'ea  ae  aa', '0000-00-00'),
(14, 'a.w.-a.', ' cultiver système d’information', 3, 'ea  ae  aa', '0000-00-00'),
(15, 'i.w.-e.', ' semer graine chgt social', 3, 'ea  ae  aa', '0000-00-00'),
(16, 'u.a.-w.e.-''h.''', ' agir social, communautaire', 3, 'ea  ae  aa', '0000-00-00'),
(17, 'y.o.-w.e.-''h.''', ' accompagner', 3, 'ea  ae  aa', '0000-00-00'),
(18, 'e.e.-w.e.-''h.''', ' être sensible aux rapports humains', 3, 'ea  ae  aa', '0000-00-00'),
(19, 'p.k.-''l.o.-''e.a.-e.', ' constituer liens sociaux', 3, 'ea  ae  aa', '0000-00-00'),
(20, 'o.f.-o.e.-''w.e.-h.', ' jouer', 3, 'ea  ae  aa', '0000-00-00'),
(21, 'g.t.-u.t.-''', ' découvrir, visiter', 3, 'ea  ae  aa', '0000-00-00'),
(22, 'o.f.-''k.a.-''t.a.-''', ' faire la fête, célébrer', 3, 'ea  ae  aa', '0000-00-00'),
(23, 'p.s.- d.i.-''k.i.-', ' agir dans le cadre du droit de propriété intellectuelle', 3, 'ea  ae  aa', '0000-00-00'),
(24, 's.y-', ' agir dans le cadre du droit du droit administratif ou commercial', 3, 'ea  ae  aa', '0000-00-00'),
(25, 'f.o.-', ' agir dans le cadre du droit pénal', 3, 'ea  ae  aa', '0000-00-00'),
(26, 'n.a.-m.a.-''f.o.-''', ' agir dans le cadre du droit de la famille', 3, 'ea  ae  aa', '0000-00-00'),
(27, 'd.a.-m.a.-''f.o.-''', ' contrôler la reproduction', 3, 'ea  ae  aa', '0000-00-00'),
(28, 'm.a.-m.a.-''f.o.-''', ' créer une entreprise', 3, 'ea  ae  aa', '0000-00-00'),
(29, 'd.a.-m.a.-''f.o.-'' w.a.-w.a-''y.o.-w.e.-''h.', ' mener une action politique ou communautaire', 3, 'ea  ae  aa', '0000-00-00'),
(30, 't.a.-m.a.-''f.o.-''', ' équiper un ménage', 3, 'ea  ae  aa', '0000-00-00'),
(31, 'n.o.-n.o.-''f.o.-''', ' équiper une activité économique, une entreprise', 3, 'e.a.-a.e.-''a.a.-', '0000-00-00'),
(32, 'f.s.-n.f.-''f.o.-''', ' cultiver mémoire collective', 3, 'ea  ae  aa', '0000-00-00'),
(33, 'd.a.-m.a.-''f.o.-''', ' éduquer, aide à la parentalité', 3, 'ea  ae  aa', '0000-00-00'),
(34, 'k.a.-m.a.-''f.o.-''', ' définir, poser problème', 3, 'ea  ae  aa', '0000-00-00'),
(35, 'l.a.-m.a.-''f.o.-''', ' proposer des solutions', 3, 'ea  ae  aa', '0000-00-00'),
(36, 'd.o.-e.e.-''o.o.-', ' résoudre problèmes', 3, 'ea  ae  aa', '0000-00-00'),
(37, 'd.o.-e.e.-''y.y.-', ' transférer des connaissances dans la pratique', 3, 'ea  ae  aa', '0000-00-00'),
(38, 'd.o.-e.e.-''w.u.-''w.e.-', 'Recherche d''emploi', 4, 'yoweh yeweh eeweh', '0000-00-00'),
(39, 'm.a.-b.a.-''', 'Désocialisation', 4, 'yoweh yeweh eeweh', '0000-00-00'),
(40, 'w.a.-k.', 'Difficultés éducatives', 4, 'yoweh yeweh eeweh', '0000-00-00'),
(41, 'f.w.-a.', 'Problèmes de logement', 4, 'yoweh yeweh eeweh', '0000-00-00'),
(42, 'm.a.-f.a.-''l.a.-d.a.-''f.o.', 'Surendettement', 4, 'yoweh yeweh eeweh', '0000-00-00'),
(43, 'm.a.-f.a.-''k.e-.f.a.-w.a.-''.e.', 'Maladie / handicap', 4, 'yoweh yeweh eeweh', '0000-00-00'),
(44, 'l.o.-n.o.-''', 'Problèmes administratifs', 4, 'yoweh yeweh eeweh', '0000-00-00'),
(45, 'k.i.-m.i.-''t.u.-', 'Problèmes légaux', 4, 'yoweh yeweh eeweh', '0000-00-00'),
(46, 'b.a.-t.a.-''f.o.-''', 'Difficultés financières', 4, 'yoweh yeweh eeweh', '0000-00-00'),
(47, 'f.a.-k.a.-''w.a.-''w.o.-', 'Isolement', 4, 'yoweh yeweh eeweh', '0000-00-00'),
(48, 'f.e.-l.i.-''', 'les savoirs', 2, '77', '2008-01-12'),
(49, 'k.a.-t.a.-''', 'les savoir-faire et compétences', 2, '77', '0000-00-00'),
(50, 'm.a.-f.a.-''e.e.-l.o.-s.y.-''', 'Les acteurs', 1, 'ieml_10eF', '0000-00-00'),
(51, 'f.s.- .w.-''o.w.-''e.', 'Le public', 2, 'fo', '0000-00-00'),
(52, 'f.a.-t.a.-''', ' Adultes', 3, '(MED-R-fo)-I-I', '0000-00-00'),
(53, 't.e.-f.u.-''w.a.-e.', ' Demandeurs d''emploi', 3, '(MED-R-fo)-I-I', '0000-00-00'),
(54, 's.y.-', ' Enfants', 3, '(MED-R-fo)-I-I', '0000-00-00'),
(55, 'f.a.-f.a.-''f.o.-', ' Étrangers', 3, '(MED-R-fo)-I-I', '0000-00-00'),
(56, 'b.e.-f.u.-''w.a.-e.', ' Familles', 3, '(MED-R-fo)-I-I', '0000-00-00'),
(57, 'b.e.-s.u.-''a.s.-''i.e.-"', ' Femmes', 3, '(MED-R-fo)-I-I', '0000-00-00'),
(58, 'b.e.-s.u.-'' i.n.-d.', ' Jeunes en difficulté', 3, '(MED-R-fo)-I-I', '0000-00-00'),
(59, 'b.e.-s.u.-'' .s.p.-', ' Milieu carcéral', 3, '(MED-R-fo)-I-I', '0000-00-00'),
(60, 'b.e.-s.u.-'' .u.s.-a.', ' Personnes âgées', 3, '(MED-R-fo)-I-I', '0000-00-00'),
(61, 'w.u.-w.u.-'' .x.x.-''t.o.-', ' Personnes handicapées', 3, '(MED-R-fo)-I-I', '0000-00-00'),
(62, 'g.g.-f.o.-''s.y.-', ' Précaires', 3, '(MED-R-fo)-I-I', '0000-00-00'),
(63, 'o.e.-w.e.-''h.d.-a.m.-a.f.-''.o', 'Tous', 3, '(MED-R-fo)-I-I', '0000-00-00'),
(64, 'y.e.- .n.-''a.s.-a.f.-''o.', 'animaux domestiques', 4, 'mamafo', '0000-00-00'),
(65, 'y.e.- .p.-''p.''k.o.-s.y-', 'mère', 4, 'mamafo', '0000-00-00'),
(66, 's.y.-', 'enfant', 4, 'mamafo', '0000-00-00'),
(67, 'f.a.-t.a.-''', 'père', 4, 'mamafo', '0000-00-00'),
(68, 's.e.-k.u.-''w.a.-e.', 'frère/sœur', 4, 'mamafo', '0000-00-00'),
(69, 'b.e.-s.u.-''u.s.-a', 'ancêtre', 4, 'mamafo', '0000-00-00'),
(70, 'y.e.- .i.-''i.l.-o.s.-''y.i.i.-n.o.-''s.y.-', 'ami', 4, 'mamafo', '0000-00-00'),
(71, 'y.e.- .d.-''o.n.-o', 'niveaux de compétence', 1, 'ieml_10eF', '0000-00-00'),
(72, 'y.e.- .e.-''e.b.-o.s.-''y.', 'Débutant', 2, '71', '0000-00-00'),
(73, 'y.e.- .i.-''i.k.-o', 'initié', 2, '71', '0000-00-00'),
(74, 'y.e.- a.a.-''s.o.-''s.y.-', 'expert', 2, '71', '0000-00-00'),
(75, 'd.d.-d.i.-''k.i.-m.a.-''m.a.', 'enseigner', 2, '71', '0000-00-00'),
(76, 'w.a.-u.s-''y.-', 'amateur', 2, '71', '0000-00-00'),
(77, 'w.a.-u.y.-''y.t.-o.s.-''y', 'Objet', 1, 'ieml_10eF', '2008-01-12'),
(82, 'w.a.-u.w.-''o.n.-', 'jeu', 3, '-1', '0000-00-00'),
(83, 'y.y.-t.o.-''s.y.-', 'accueil / hospitalité + dormir', 3, '-1', '0000-00-00'),
(84, 'u.a.-w.e.-''h', 'action sociale / communautaire', 3, '-1', '0000-00-00'),
(85, 'b.a.-s.a.-''', 'activité de bâtiment / travaux publics', 3, '-1', '0000-00-00'),
(86, 's.e.-k.u.-''w.a.-e.f.-u.t.-''u', 'activité physique', 3, '-1', '0000-00-00'),
(87, 'b.a.-b.a.-''d.a.-m.a.-''f.o.-', 'administration / bureau', 3, '-1', '0000-00-00'),
(88, 'w.a.-eM.-''M.M.-M.', 'aide + entrepreneur', 3, '-1', '0000-00-00'),
(89, 's.i.-m.i.-''t.u.-', 'aide + marché du travail', 3, '-1', '0000-00-00'),
(90, 'u.u.-f.o.-''', 'aide + prendre soin de soi-même', 3, '-1', '0000-00-00'),
(91, 'i.i.-l.o.-''s.y.-', 'animal + manger / boire', 3, '-1', '0000-00-00'),
(92, 'w.e.-y.', 'architecture', 4, 'yyto', '0000-00-00'),
(93, 'j.j.-l.o.-''s.y.-', 'assurance', 3, '-1', '0000-00-00'),
(95, 'o.o.-n.o.-''s.y.-', 'bourse', 3, '-1', '0000-00-00'),
(96, 'a.a.-s.o.-''s.y.-', 'composer de la musique', 4, 'uufo', '0000-00-00'),
(97, 'h.h.-s.o.-''s.y.-', 'comptable', 3, '-1', '0000-00-00'),
(98, 'k.a.-d.a.-''', 'connaissance organisée', 3, '-1', '0000-00-00'),
(99, 'y.y.-t.o.-''s.y.-', 'accueil / hospitalité + dormir', 3, '-1', '0000-00-00'),
(100, 'u.a.-w.e.-''h.', 'action sociale / communautaire', 3, '-1', '0000-00-00'),
(101, 'b.a.-s.a.-''', 'activité de bâtiment / travaux publics', 3, '-1', '0000-00-00'),
(102, 's.e.-k.u.-''w.a.-e.f.-''u.t.-u.', 'activité physique', 3, '-1', '0000-00-00'),
(103, 'b.a.-b.a.-'' d.a.-m.a.-f.o', 'administration / bureau', 3, '-1', '0000-00-00'),
(104, 'w.a.-e.M-''M.M.-M.', 'aide + entrepreneur', 3, '-1', '0000-00-00'),
(105, 's.i.-m.i.-''t.''u.''-''', 'aide + marché du travail', 3, '-1', '0000-00-00'),
(106, 'u.u.-f.o.-''', 'aide + prendre soin de soi-même', 3, '-1', '0000-00-00'),
(107, 'i.i.-l.o.-''s.y.-', 'animal + manger / boire', 3, '-1', '0000-00-00'),
(108, 'w.e.-y.', 'architecture', 4, 'yyto', '0000-00-00'),
(109, 'j.j.-l.o.-''s.y.-', 'assurance', 3, '-1', '0000-00-00'),
(111, 'o.o.-n.o.-''s.y.-', 'bourse', 3, '-1', '0000-00-00'),
(112, 'a.a.-s.o.-''s.y.-', 'composer de la musique', 4, 'uufo', '0000-00-00'),
(113, 'h.h.-s.o.-''s.y.-', 'comptable', 3, '-1', '0000-00-00'),
(114, 's.y.-', 'connaissance organisée', 3, '-1', '0000-00-00'),
(115, 't.e.-s.u.-''w.a.-e.', 'création d''images', 3, 'wae', '0000-00-00'),
(116, 'f.a.-f.a.-''f.o-', 'cultivateur / éleveur', 3, '-1', '0000-00-00'),
(117, 'b.e.-m.u.-''w.a.-e', 'culture des arts de la scène', 3, '-1', '0000-00-00'),
(118, 'b.e.-f.u.-''w.a-.e', 'culture musicale', 4, 'uufo', '0000-00-00'),
(119, 'b.e.-s.u-''', 'culture visuelle', 3, 'wae', '0000-00-00'),
(120, 'b.e.-s.u.-''a.s.-i.e-''', 'culture visuelle', 4, 'besu', '0000-00-00'),
(121, 'b.e.-s.u.-''f.r-', 'culture visuelle', 4, 'besu', '0000-00-00'),
(122, 'b.e.-s.u.-''i.n.-d', 'culture visuelle', 4, 'besu', '0000-00-00'),
(123, 'b.e.-s.u.-''i.t-', 'culture visuelle', 4, 'besu', '0000-00-00'),
(124, 'b.e.-s.u.-''s.p-', 'culture visuelle', 4, 'besu', '0000-00-00'),
(125, 'b.e.-s.u.-''u.k-', 'culture visuelle', 4, 'besu', '0000-00-00'),
(126, 'b.e.-s.u.-''u.s.-a', 'culture visuelle', 4, 'besu', '0000-00-00'),
(127, 'f.o.-n.o-''', 'danse', 3, '-1', '0000-00-00'),
(128, 'w.u.-w.u-''.x.x-.t.o-''', 'découvrir + patrimoine collectif', 3, '-1', '0000-00-00'),
(129, 'y.y.-t.o-''', 'discipline artistique / sci.', 3, '-1', '0000-00-00'),
(130, 'g.g.-''f.o-.s.y-''', 'écologie / agronomie', 3, '-1', '0000-00-00'),
(131, 't.e.-n.u.-''w.a.-e', 'écriture littéraire', 4, 'basa', '0000-00-00'),
(132, 'o.e.-w.e.-''h.d.-a.m.-''a.f.-o', 'eduquer + enfant', 3, '-1', '0000-00-00'),
(133, 'd.i.-s.i.-''t.u-', 'électronique / photonique', 3, '-1', '0000-00-00'),
(134, 'y.e.-n.a.-''s.a.-f.o.-', 'enseigner + adulte', 3, '-1', '0000-00-00'),
(135, 'y.e.-s.y.-''', 'enseigner + connaissances organisées', 3, '-1', '0000-00-00'),
(136, 'y.e.-p.p.-''k.o.-s.y.-''', 'enseigner + économie', 3, '-1', '0000-00-00'),
(137, 'y.e.-y.d.-''', 'enseigner + handicap', 3, '-1', '0000-00-00'),
(138, 'y.e.-h.i.-''s.t.-o.i.-''r.e.-c.c.-''l.o.-s.y.-''', 'enseigner + histoire + géographie', 3, '-1', '0000-00-00'),
(139, 'y.e.-p.p.-''t.o.-s.y.-''', 'enseigner + histoire des relations internationales', 3, '-1', '0000-00-00'),
(140, 'y.e.-g.g.-''t.o.-s.y-''', 'enseigner + langue ancienne', 3, '-1', '0000-00-00'),
(141, 'y.e.-u.u.-''b.o.-', 'enseigner + langue naturelle', 3, '-1', '0000-00-00'),
(142, 's.e.-k.u.-''w.a.-e', 'enseigner + lire / écrire', 3, '-1', '0000-00-00'),
(143, 'y.e.-j.j.-''b.o.-s.y.-''', 'enseigner + mathématiques', 3, '-1', '0000-00-00'),
(144, 'y.e.-s.e.-''b.u.-w.a.-''e.', 'enseigner + parler une seconde langue', 3, '-1', '0000-00-00'),
(145, 'y.e.-j.j.-''s.o.-s.y.-''', 'enseigner + philosophie', 3, '-1', '0000-00-00'),
(146, 'y.e.-i.i.-''l.o.-s.y.-''i.i.-n.o.-''s.y.-', 'enseigner + physique + chimie', 3, '-1', '0000-00-00'),
(147, 'y.e.-a.a.-''m.o.-s.y.-''', 'enseigner + psychologie', 3, '-1', '0000-00-00'),
(148, 'y.e.-d.o.-''n.o.-', 'enseigner + science', 3, '-1', '0000-00-00'),
(149, 'y.e.-j.j.-''l.o.-s.y.-''', 'enseigner + sciences de la terre', 3, '-1', '0000-00-00'),
(150, 'y.e.-e.e.-''b.o.-s.y.-''', 'enseigner + sciences de l''éducation et de la formation', 3, '-1', '0000-00-00'),
(151, 'y.e.-o.o.-''k.o.-s.y.-''', 'enseigner + sciences politiques', 3, '-1', '0000-00-00'),
(152, 'y.e.-i.i.-''k.o.-', 'enseigner + technologie / procédé technique', 3, '-1', '0000-00-00'),
(153, 'y.e.-i.i.-''s.o.-s.y.-''', 'enseigner + théorie scientifique de la nature', 3, '-1', '0000-00-00'),
(154, 'y.e.-a.a.-''s.o.-s.y.-''', 'enseigner+ sociologie', 3, '-1', '0000-00-00'),
(155, 'l.a.-d.a.-''f.o.-k.i.-''n.i.-t.u.-''', 'entrepreneur + assemblé / manufacturé', 3, '-1', '0000-00-00'),
(156, 'dddiki mama', 'équilibre + monnaie + famille', 3, '-1', '0000-00-00'),
(157, 'f.e.-m.i.-''w.a.-e.', 'esthétique / mode', 3, '-1', '0000-00-00'),
(158, 'w.a.-u.s.-''y', 'étudier la documentation + connaissances organisées', 3, '-1', '0000-00-00'),
(159, 'w.a.-u.b.-''e.n.-u.w.-a.e.-''', 'étudier la documentation + érudition littéraire', 4, 'basa', '0000-00-00'),
(160, 'w.a.-u.y.-''y.t.-o.s.-y', 'étudier la documentation + histoire des sciences / histoire des arts', 3, '-1', '0000-00-00'),
(161, 'w.a.-u.f.-''w.e.-', 'étudier la documentation + loisir', 3, '-1', '0000-00-00'),
(162, 'w.a.-u.w.-''o.n.-', 'étudier la documentation + représentation du monde', 3, '-1', '0000-00-00'),
(163, 'p.p.-t.o.-''s.y.-', 'histoire des relations internationales', 3, '-1', '0000-00-00'),
(164, 'y.y.-t.o.-''s.y.-', 'histoire des sciences / histoire des arts', 3, '-1', '0000-00-00'),
(166, 'y.y.-t.o.-''s.y.-u.u.-''f.o.-', 'histoire des sciences / histoires des arts + musique', 3, '-1', '0000-00-00'),
(167, 'l.e.-b.i.-''w.a.-e', 'ingénierie informatique', 3, '-1', '0000-00-00'),
(168, 's.e.-f.u.-''w.a.-e', 'jouer de la musique / chanter', 4, 'uufo', '0000-00-00'),
(169, 'b.a.-s.a.-''', 'lecture', 3, '-1', '0000-00-00'),
(170, 'b.a.-s.a.-''n.m.-', 'lecture + divertissement', 4, 'basa', '0000-00-00'),
(171, 's.e.-k.u.-''w.a.-e.f.-''u.t.-u', 'lire/ ecrire + note de musique', 4, 'uufo', '0000-00-00'),
(172, 'b.a.-b.a.-''', 'littérature', 3, '-1', '0000-00-00'),
(173, 'b.a.-b.a.-''d.a.-m.a.-''f.o.-', 'littérature + enfant', 4, 'basa', '0000-00-00'),
(174, 'f.w.-e', 'loisir', 3, '-1', '0000-00-00'),
(175, 'w.a.-e.M.-''M.M.-M.', 'maîtriser les compétences + cycle naturel', 3, '-1', '0000-00-00'),
(176, 'w.o.-w.e.-''', 'manger / boire', 3, '-1', '0000-00-00'),
(177, 's.i.-''m.i.-''t.u.-', 'mécanique', 3, '-1', '0000-00-00'),
(178, 't.e.-m.u.-''w.a.-e.', 'mise en scène / réalisation', 3, 'wae', '0000-00-00'),
(179, 'u.u.-f.o.-''', 'musique', 3, '-1', '0000-00-00'),
(180, 'e.e.-m.o.-''s.y.-', 'orientation professionnelle', 3, '-1', '0000-00-00'),
(181, 'i.i.-l.o.-''s.y.-', 'physique', 3, '-1', '0000-00-00'),
(182, 'a.a.-m.o.-''s.y.-', 'psychologie', 3, '-1', '0000-00-00'),
(183, 'w.e.-''y.', 'reconstruire les savoirs', 3, '-1', '0000-00-00'),
(184, 'p.p.-''f.o-.s.y.-''', 'sciences de la santé', 3, '-1', '0000-00-00'),
(185, 'j.j.-l.o.-''s.y.-', 'sciences de la terre', 3, '-1', '0000-00-00'),
(186, 'e.e.-b.o.-''s.y.-', 'sciences de l''éducation et de la formation', 3, '-1', '0000-00-00'),
(187, 'o.o.-n.o.-''s.y.-', 'sciences juridiques', 3, '-1', '0000-00-00'),
(188, 'o.o.-n.o.-''s.y.-f.a.-''k.a.-w.a.-''w.o.-', 'sciences juridiques + accueil / hospitalité + dormir', 3, '-1', '0000-00-00'),
(189, 'a.a.-s.o.-''s.y.-', 'sociologie', 3, '-1', '0000-00-00'),
(190, 'd.e.-k.i.-''w.a.-e.', 'sport d''équipe', 3, '-1', '0000-00-00'),
(191, 'h.h.-s.o.-''s.y.-', 'théologie', 3, '-1', '0000-00-00'),
(192, 'b.a.-l.a.-''f.o.-', 'transporteur', 3, '-1', '0000-00-00'),
(193, 'k.a.-d.a.-''', 'vente', 3, '-1', '0000-00-00'),
(194, 'l.o.-t.o.-''', 'voyage', 3, '-1', '0000-00-00'),
(196, 's.y.-wa.e.-|doee-R', 'Choix d un savoir pour un membre', 1, '198', '2008-01-13'),
(197, 's.y.-wa.e.-|doee-R', 'TEST', 1, '198', '2008-01-12');
