<?xml version="1.0" encoding="UTF-8"?>
<rss version="2.0" xmlns:atom="http://www.w3.org/2005/Atom" xmlns:content="http://purl.org/rss/1.0/modules/content/" xmlns:wfw="http://wellformedweb.org/CommentAPI/" xmlns:rdf="http://www.w3.org/1999/02/22-rdf-syntax-ns#" xmlns:dc="http://purl.org/dc/elements/1.1/" xmlns:cc="http://web.resource.org/cc/">
  <channel>
    <title>Delicious/luckysemiosis</title>
    <link>http://delicious.com/luckysemiosis</link>
    <description>bookmarks posted by luckysemiosis</description>
    <atom:link rel="self" type="application/rss+xml" href="http://feeds.delicious.com/v2/rss/luckysemiosis?count=100"/>
    <item>
      <title>ontological_approach.pdf (Objet application/pdf)</title>
      <pubDate>Sun, 21 Dec 2008 09:21:03 +0000</pubDate>
      <guid isPermaLink="false">http://delicious.com/url/4015cc29d1129c28e576142d55503c22#luckysemiosis</guid>
      <link>http://cidoc.ics.forth.gr/docs/ontological_approach.pdf</link>
      <dc:creator><![CDATA[luckysemiosis]]></dc:creator>
      <comments>http://delicious.com/url/4015cc29d1129c28e576142d55503c22</comments>
      <wfw:commentRss>http://feeds.delicious.com/v2/rss/url/4015cc29d1129c28e576142d55503c22</wfw:commentRss>
      <source url="http://feeds.delicious.com/v2/rss/luckysemiosis">luckysemiosis's bookmarks</source>
      <category domain="http://delicious.com/luckysemiosis/">semantic</category>
      <category domain="http://delicious.com/luckysemiosis/">ontologie</category>
      <category domain="http://delicious.com/luckysemiosis/">system:filetype:pdf</category>
      <category domain="http://delicious.com/luckysemiosis/">system:media:document</category>
      <enclosure url="http://cidoc.ics.forth.gr/docs/ontological_approach.pdf" type="application/pdf" length="1"/>
    </item>
    <item>
      <title>Basarab Nicolescu : Le tiers inclus - De la physique quantique à l'ontologie</title>
      <pubDate>Sun, 21 Dec 2008 09:05:40 +0000</pubDate>
      <guid isPermaLink="false">http://delicious.com/url/c5d9d80ce683de2d1aadc064b0ff521b#luckysemiosis</guid>
      <link>http://www.barbier-rd.nom.fr/B.Nicolescutiersinclus.html</link>
      <dc:creator><![CDATA[luckysemiosis]]></dc:creator>
      <comments>http://delicious.com/url/c5d9d80ce683de2d1aadc064b0ff521b</comments>
      <wfw:commentRss>http://feeds.delicious.com/v2/rss/url/c5d9d80ce683de2d1aadc064b0ff521b</wfw:commentRss>
      <source url="http://feeds.delicious.com/v2/rss/luckysemiosis">luckysemiosis's bookmarks</source>
      <category domain="http://delicious.com/luckysemiosis/">ontologie</category>
      <category domain="http://delicious.com/luckysemiosis/">complexité</category>
      <category domain="http://delicious.com/luckysemiosis/">tiers-inclus</category>
    </item>
    <item>
      <title>Madhyamaka - Wikipédia</title>
      <pubDate>Sun, 21 Dec 2008 08:43:37 +0000</pubDate>
      <guid isPermaLink="false">http://delicious.com/url/612294bb1d5518987da189db345c3d29#luckysemiosis</guid>
      <link>http://fr.wikipedia.org/wiki/M%C4%81dhyamika</link>
      <dc:creator><![CDATA[luckysemiosis]]></dc:creator>
      <comments>http://delicious.com/url/612294bb1d5518987da189db345c3d29</comments>
      <wfw:commentRss>http://feeds.delicious.com/v2/rss/url/612294bb1d5518987da189db345c3d29</wfw:commentRss>
      <source url="http://feeds.delicious.com/v2/rss/luckysemiosis">luckysemiosis's bookmarks</source>
      <category domain="http://delicious.com/luckysemiosis/">ontologie</category>
      <category domain="http://delicious.com/luckysemiosis/">boudhisme</category>
      <category domain="http://delicious.com/luckysemiosis/">tiers-exclu</category>
    </item>
    <item>
      <title>Map My Life v1.1</title>
      <pubDate>Sun, 21 Dec 2008 06:15:34 +0000</pubDate>
      <guid isPermaLink="false">http://delicious.com/url/c62adbcc0f417d20596fb7a18865d694#luckysemiosis</guid>
      <link>http://mapmylife.gmapify.fr/</link>
      <dc:creator><![CDATA[luckysemiosis]]></dc:creator>
      <comments>http://delicious.com/url/c62adbcc0f417d20596fb7a18865d694</comments>
      <wfw:commentRss>http://feeds.delicious.com/v2/rss/url/c62adbcc0f417d20596fb7a18865d694</wfw:commentRss>
      <source url="http://feeds.delicious.com/v2/rss/luckysemiosis">luckysemiosis's bookmarks</source>
      <category domain="http://delicious.com/luckysemiosis/">CEN</category>
      <category domain="http://delicious.com/luckysemiosis/">thyp</category>
      <category domain="http://delicious.com/luckysemiosis/">spatiotempo</category>
      <category domain="http://delicious.com/luckysemiosis/">xml</category>
    </item>
    <item>
      <title>Capitol Words</title>
      <pubDate>Sat, 20 Dec 2008 14:52:11 +0000</pubDate>
      <guid isPermaLink="false">http://delicious.com/url/1f2050e37b779792d9a6eb45c23acefa#luckysemiosis</guid>
      <link>http://capitolwords.org/</link>
      <dc:creator><![CDATA[luckysemiosis]]></dc:creator>
      <comments>http://delicious.com/url/1f2050e37b779792d9a6eb45c23acefa</comments>
      <wfw:commentRss>http://feeds.delicious.com/v2/rss/url/1f2050e37b779792d9a6eb45c23acefa</wfw:commentRss>
      <source url="http://feeds.delicious.com/v2/rss/luckysemiosis">luckysemiosis's bookmarks</source>
      <category domain="http://delicious.com/luckysemiosis/">tagcloud</category>
      <category domain="http://delicious.com/luckysemiosis/">CEN</category>
      <category domain="http://delicious.com/luckysemiosis/">socialmedia</category>
      <category domain="http://delicious.com/luckysemiosis/">politique</category>
    </item>
    <item>
      <title>LSC - Recherche - Formation</title>
      <pubDate>Sat, 20 Dec 2008 13:31:47 +0000</pubDate>
      <guid isPermaLink="false">http://delicious.com/url/2c4c4df9a20bb4d57eb31a8c888162ae#luckysemiosis</guid>
      <link>http://www.univ-valenciennes.fr/LSC/recherche_formation_esp.html</link>
      <dc:creator><![CDATA[luckysemiosis]]></dc:creator>
      <comments>http://delicious.com/url/2c4c4df9a20bb4d57eb31a8c888162ae</comments>
      <wfw:commentRss>http://feeds.delicious.com/v2/rss/url/2c4c4df9a20bb4d57eb31a8c888162ae</wfw:commentRss>
      <source url="http://feeds.delicious.com/v2/rss/luckysemiosis">luckysemiosis's bookmarks</source>
      <category domain="http://delicious.com/luckysemiosis/">semanticgarden</category>
      <category domain="http://delicious.com/luckysemiosis/">laboratoire</category>
    </item>
    <item>
      <title>LAVOISIER</title>
      <pubDate>Sat, 20 Dec 2008 13:23:33 +0000</pubDate>
      <guid isPermaLink="false">http://delicious.com/url/9c52bb5bfecfa52c08f83005ffe08547#luckysemiosis</guid>
      <link>http://www.lavoisier.fr/fr/livres/index.asp?texte=2746214380&amp;select=isbn&amp;from=Hermes</link>
      <dc:creator><![CDATA[luckysemiosis]]></dc:creator>
      <comments>http://delicious.com/url/9c52bb5bfecfa52c08f83005ffe08547</comments>
      <wfw:commentRss>http://feeds.delicious.com/v2/rss/url/9c52bb5bfecfa52c08f83005ffe08547</wfw:commentRss>
      <source url="http://feeds.delicious.com/v2/rss/luckysemiosis">luckysemiosis's bookmarks</source>
      <category domain="http://delicious.com/luckysemiosis/">actulivre</category>
    </item>
    <item>
      <title>LAVOISIER</title>
      <pubDate>Sat, 20 Dec 2008 13:22:57 +0000</pubDate>
      <guid isPermaLink="false">http://delicious.com/url/78966dbcf6482dc214322bb3815e143b#luckysemiosis</guid>
      <link>http://www.lavoisier.fr/fr/livres/index.asp?texte=2746215530&amp;select=isbn&amp;from=Hermes</link>
      <dc:creator><![CDATA[luckysemiosis]]></dc:creator>
      <comments>http://delicious.com/url/78966dbcf6482dc214322bb3815e143b</comments>
      <wfw:commentRss>http://feeds.delicious.com/v2/rss/url/78966dbcf6482dc214322bb3815e143b</wfw:commentRss>
      <source url="http://feeds.delicious.com/v2/rss/luckysemiosis">luckysemiosis's bookmarks</source>
      <category domain="http://delicious.com/luckysemiosis/">actulivre</category>
    </item>
    <item>
      <title>"Le Tissage des Connaissances" par Mioara Mugur-Schächter</title>
      <pubDate>Sat, 20 Dec 2008 12:57:08 +0000</pubDate>
      <guid isPermaLink="false">http://delicious.com/url/68659db3e4040647554c0606426a8c3a#luckysemiosis</guid>
      <link>http://video.google.fr/videoplay?docid=8766991904046897581</link>
      <dc:creator><![CDATA[luckysemiosis]]></dc:creator>
      <comments>http://delicious.com/url/68659db3e4040647554c0606426a8c3a</comments>
      <wfw:commentRss>http://feeds.delicious.com/v2/rss/url/68659db3e4040647554c0606426a8c3a</wfw:commentRss>
      <source url="http://feeds.delicious.com/v2/rss/luckysemiosis">luckysemiosis's bookmarks</source>
      <category domain="http://delicious.com/luckysemiosis/">épistémologie</category>
      <category domain="http://delicious.com/luckysemiosis/">subjectivité</category>
    </item>
    <item>
      <title>ProspecTic 12/12 : Le matin des cartographes | InternetActu.net</title>
      <pubDate>Fri, 19 Dec 2008 17:36:53 +0000</pubDate>
      <guid isPermaLink="false">http://delicious.com/url/4b9d35aff2b6e2fb90fbf2fdc8cd33fc#luckysemiosis</guid>
      <link>http://www.internetactu.net/2008/12/16/prospectic-1212-le-matin-des-cartographes/</link>
      <dc:creator><![CDATA[luckysemiosis]]></dc:creator>
      <comments>http://delicious.com/url/4b9d35aff2b6e2fb90fbf2fdc8cd33fc</comments>
      <wfw:commentRss>http://feeds.delicious.com/v2/rss/url/4b9d35aff2b6e2fb90fbf2fdc8cd33fc</wfw:commentRss>
      <source url="http://feeds.delicious.com/v2/rss/luckysemiosis">luckysemiosis's bookmarks</source>
      <category domain="http://delicious.com/luckysemiosis/">cartographie</category>
      <category domain="http://delicious.com/luckysemiosis/">intelligence</category>
      <category domain="http://delicious.com/luckysemiosis/">collective</category>
    </item>
    <item>
      <title>NVIDIA® - Speak Visual™</title>
      <pubDate>Fri, 19 Dec 2008 07:57:24 +0000</pubDate>
      <guid isPermaLink="false">http://delicious.com/url/694264f481a2520b85d76971a92b8895#luckysemiosis</guid>
      <link>http://www.speakvisual.com/#/spotlight/detail/1</link>
      <dc:creator><![CDATA[luckysemiosis]]></dc:creator>
      <comments>http://delicious.com/url/694264f481a2520b85d76971a92b8895</comments>
      <wfw:commentRss>http://feeds.delicious.com/v2/rss/url/694264f481a2520b85d76971a92b8895</wfw:commentRss>
      <source url="http://feeds.delicious.com/v2/rss/luckysemiosis">luckysemiosis's bookmarks</source>
      <category domain="http://delicious.com/luckysemiosis/">marketing</category>
      <category domain="http://delicious.com/luckysemiosis/">design</category>
      <category domain="http://delicious.com/luckysemiosis/">art</category>
      <category domain="http://delicious.com/luckysemiosis/">graphic</category>
    </item>
    <item>
      <title>lucky semiosis's Photos (Spring Brook, NY)</title>
      <pubDate>Thu, 18 Dec 2008 14:14:59 +0000</pubDate>
      <guid isPermaLink="false">http://delicious.com/url/c02f3656e0195fe2808ef0b898fe1482#luckysemiosis</guid>
      <link>http://www.teachstreet.com/teacher/lucky-semiosis/photos</link>
      <dc:creator><![CDATA[luckysemiosis]]></dc:creator>
      <comments>http://delicious.com/url/c02f3656e0195fe2808ef0b898fe1482</comments>
      <wfw:commentRss>http://feeds.delicious.com/v2/rss/url/c02f3656e0195fe2808ef0b898fe1482</wfw:commentRss>
      <source url="http://feeds.delicious.com/v2/rss/luckysemiosis">luckysemiosis's bookmarks</source>
      <category domain="http://delicious.com/luckysemiosis/">elearning</category>
    </item>
    <item>
      <title>New tools to help with information overload - International Herald Tribune</title>
      <pubDate>Wed, 17 Dec 2008 12:35:09 +0000</pubDate>
      <guid isPermaLink="false">http://delicious.com/url/8168ca2fab17a86783e12f98d0f7aaec#luckysemiosis</guid>
      <link>http://www.iht.com/articles/2008/12/08/arts/design8.php</link>
      <dc:creator><![CDATA[luckysemiosis]]></dc:creator>
      <comments>http://delicious.com/url/8168ca2fab17a86783e12f98d0f7aaec</comments>
      <wfw:commentRss>http://feeds.delicious.com/v2/rss/url/8168ca2fab17a86783e12f98d0f7aaec</wfw:commentRss>
      <source url="http://feeds.delicious.com/v2/rss/luckysemiosis">luckysemiosis's bookmarks</source>
    </item>
    <item>
      <title>wectar - nectar extracted from the glorious web</title>
      <pubDate>Wed, 17 Dec 2008 08:53:34 +0000</pubDate>
      <guid isPermaLink="false">http://delicious.com/url/959e733b47c5e80acb929b78ab011674#luckysemiosis</guid>
      <link>http://wectar.com/</link>
      <dc:creator><![CDATA[luckysemiosis]]></dc:creator>
      <comments>http://delicious.com/url/959e733b47c5e80acb929b78ab011674</comments>
      <wfw:commentRss>http://feeds.delicious.com/v2/rss/url/959e733b47c5e80acb929b78ab011674</wfw:commentRss>
      <source url="http://feeds.delicious.com/v2/rss/luckysemiosis">luckysemiosis's bookmarks</source>
      <category domain="http://delicious.com/luckysemiosis/">delicious</category>
      <category domain="http://delicious.com/luckysemiosis/">aggregator</category>
      <category domain="http://delicious.com/luckysemiosis/">tagging</category>
    </item>
    <item>
      <title>TeleGeography: Publications: Global Internet Map</title>
      <pubDate>Wed, 17 Dec 2008 08:34:30 +0000</pubDate>
      <guid isPermaLink="false">http://delicious.com/url/75e2141526a9683775fa3c589cf2b53f#luckysemiosis</guid>
      <link>http://www.telegeography.com/products/map_internet/index.php</link>
      <dc:creator><![CDATA[luckysemiosis]]></dc:creator>
      <comments>http://delicious.com/url/75e2141526a9683775fa3c589cf2b53f</comments>
      <wfw:commentRss>http://feeds.delicious.com/v2/rss/url/75e2141526a9683775fa3c589cf2b53f</wfw:commentRss>
      <source url="http://feeds.delicious.com/v2/rss/luckysemiosis">luckysemiosis's bookmarks</source>
      <category domain="http://delicious.com/luckysemiosis/">mapping</category>
      <category domain="http://delicious.com/luckysemiosis/">world</category>
      <category domain="http://delicious.com/luckysemiosis/">statistics</category>
      <category domain="http://delicious.com/luckysemiosis/">networking</category>
    </item>
    <item>
      <title>INTSPEI Search Cloudlet</title>
      <pubDate>Wed, 17 Dec 2008 08:21:55 +0000</pubDate>
      <guid isPermaLink="false">http://delicious.com/url/eab06b3fbe4169e01410a7667afae42b#luckysemiosis</guid>
      <link>http://www.getcloudlet.com/</link>
      <dc:creator><![CDATA[luckysemiosis]]></dc:creator>
      <comments>http://delicious.com/url/eab06b3fbe4169e01410a7667afae42b</comments>
      <wfw:commentRss>http://feeds.delicious.com/v2/rss/url/eab06b3fbe4169e01410a7667afae42b</wfw:commentRss>
      <source url="http://feeds.delicious.com/v2/rss/luckysemiosis">luckysemiosis's bookmarks</source>
      <category domain="http://delicious.com/luckysemiosis/">tagcloud</category>
      <category domain="http://delicious.com/luckysemiosis/">CEN</category>
      <category domain="http://delicious.com/luckysemiosis/">plugin</category>
      <category domain="http://delicious.com/luckysemiosis/">firefox</category>
    </item>
    <item>
      <title>Autrans09_Programme_Global.pdf (Objet application/pdf)</title>
      <pubDate>Mon, 15 Dec 2008 11:07:17 +0000</pubDate>
      <guid isPermaLink="false">http://delicious.com/url/9b8518e6bb19e925346b58e681535248#luckysemiosis</guid>
      <link>http://www.autrans.net/spip/IMG/pdf/Autrans09_Programme_Global.pdf</link>
      <dc:creator><![CDATA[luckysemiosis]]></dc:creator>
      <comments>http://delicious.com/url/9b8518e6bb19e925346b58e681535248</comments>
      <wfw:commentRss>http://feeds.delicious.com/v2/rss/url/9b8518e6bb19e925346b58e681535248</wfw:commentRss>
      <source url="http://feeds.delicious.com/v2/rss/luckysemiosis">luckysemiosis's bookmarks</source>
      <category domain="http://delicious.com/luckysemiosis/">web2.0</category>
      <category domain="http://delicious.com/luckysemiosis/">colloque</category>
      <category domain="http://delicious.com/luckysemiosis/">mindmap</category>
      <category domain="http://delicious.com/luckysemiosis/">programme</category>
      <category domain="http://delicious.com/luckysemiosis/">dep</category>
      <category domain="http://delicious.com/luckysemiosis/">system:filetype:pdf</category>
      <category domain="http://delicious.com/luckysemiosis/">system:media:document</category>
      <enclosure url="http://www.autrans.net/spip/IMG/pdf/Autrans09_Programme_Global.pdf" type="application/pdf" length="1"/>
    </item>
    <item>
      <title>Google Zeitgeist 2008</title>
      <pubDate>Mon, 15 Dec 2008 06:04:51 +0000</pubDate>
      <guid isPermaLink="false">http://delicious.com/url/eea19421753b27eee88527c0586ae5c9#luckysemiosis</guid>
      <link>http://www.google.com/intl/en/press/zeitgeist2008/world.html</link>
      <dc:creator><![CDATA[luckysemiosis]]></dc:creator>
      <comments>http://delicious.com/url/eea19421753b27eee88527c0586ae5c9</comments>
      <wfw:commentRss>http://feeds.delicious.com/v2/rss/url/eea19421753b27eee88527c0586ae5c9</wfw:commentRss>
      <source url="http://feeds.delicious.com/v2/rss/luckysemiosis">luckysemiosis's bookmarks</source>
      <category domain="http://delicious.com/luckysemiosis/">web</category>
      <category domain="http://delicious.com/luckysemiosis/">search</category>
      <category domain="http://delicious.com/luckysemiosis/">global</category>
      <category domain="http://delicious.com/luckysemiosis/">trends</category>
    </item>
    <item>
      <title>NOOP.NL: Managing Software Development: Top 100 Blogs for Developers (Q4 2008)</title>
      <pubDate>Mon, 15 Dec 2008 05:56:24 +0000</pubDate>
      <guid isPermaLink="false">http://delicious.com/url/c99d1933df3fc3a310982548fa1583a7#luckysemiosis</guid>
      <link>http://www.noop.nl/2008/12/top-100-blogs-for-developers-q4-2008.html</link>
      <dc:creator><![CDATA[luckysemiosis]]></dc:creator>
      <comments>http://delicious.com/url/c99d1933df3fc3a310982548fa1583a7</comments>
      <wfw:commentRss>http://feeds.delicious.com/v2/rss/url/c99d1933df3fc3a310982548fa1583a7</wfw:commentRss>
      <source url="http://feeds.delicious.com/v2/rss/luckysemiosis">luckysemiosis's bookmarks</source>
      <category domain="http://delicious.com/luckysemiosis/">programming</category>
      <category domain="http://delicious.com/luckysemiosis/">top</category>
      <category domain="http://delicious.com/luckysemiosis/">list</category>
      <category domain="http://delicious.com/luckysemiosis/">blogging</category>
    </item>
    <item>
      <title>Google XXL: Icônes gratuites ou libres de droits</title>
      <pubDate>Sat, 13 Dec 2008 11:01:29 +0000</pubDate>
      <guid isPermaLink="false">http://delicious.com/url/ceb622feaa8641eb75a3b029c1dcc949#luckysemiosis</guid>
      <link>http://googlexxl.blogspot.com/2008/06/icones-gratuites-ou-libres-de-droits.html</link>
      <dc:creator><![CDATA[luckysemiosis]]></dc:creator>
      <comments>http://delicious.com/url/ceb622feaa8641eb75a3b029c1dcc949</comments>
      <wfw:commentRss>http://feeds.delicious.com/v2/rss/url/ceb622feaa8641eb75a3b029c1dcc949</wfw:commentRss>
      <source url="http://feeds.delicious.com/v2/rss/luckysemiosis">luckysemiosis's bookmarks</source>
      <category domain="http://delicious.com/luckysemiosis/">webdesign</category>
      <category domain="http://delicious.com/luckysemiosis/">resources</category>
      <category domain="http://delicious.com/luckysemiosis/">icone</category>
      <category domain="http://delicious.com/luckysemiosis/">googlemap</category>
    </item>
    <item>
      <title>Suivi de positionnement</title>
      <pubDate>Sat, 13 Dec 2008 06:46:01 +0000</pubDate>
      <guid isPermaLink="false">http://delicious.com/url/ffa6a456a730c154477a3c0868548c41#luckysemiosis</guid>
      <link>http://suivi-de-positionnement.fr/</link>
      <dc:creator><![CDATA[luckysemiosis]]></dc:creator>
      <comments>http://delicious.com/url/ffa6a456a730c154477a3c0868548c41</comments>
      <wfw:commentRss>http://feeds.delicious.com/v2/rss/url/ffa6a456a730c154477a3c0868548c41</wfw:commentRss>
      <source url="http://feeds.delicious.com/v2/rss/luckysemiosis">luckysemiosis's bookmarks</source>
      <category domain="http://delicious.com/luckysemiosis/">SEO</category>
      <category domain="http://delicious.com/luckysemiosis/">veille</category>
      <category domain="http://delicious.com/luckysemiosis/">referencement</category>
    </item>
    <item>
      <title>Magic/Replace - Data Cleanup for Everyone from Dabble DB</title>
      <pubDate>Sat, 13 Dec 2008 06:30:59 +0000</pubDate>
      <guid isPermaLink="false">http://delicious.com/url/31fbed12dcdb8a189bb863a896285af7#luckysemiosis</guid>
      <link>http://cleanupdata.com/#video</link>
      <dc:creator><![CDATA[luckysemiosis]]></dc:creator>
      <comments>http://delicious.com/url/31fbed12dcdb8a189bb863a896285af7</comments>
      <wfw:commentRss>http://feeds.delicious.com/v2/rss/url/31fbed12dcdb8a189bb863a896285af7</wfw:commentRss>
      <source url="http://feeds.delicious.com/v2/rss/luckysemiosis">luckysemiosis's bookmarks</source>
      <category domain="http://delicious.com/luckysemiosis/">tools</category>
      <category domain="http://delicious.com/luckysemiosis/">spreadsheet</category>
      <category domain="http://delicious.com/luckysemiosis/">useful</category>
    </item>
    <item>
      <title>Debategraph viewing page</title>
      <pubDate>Fri, 12 Dec 2008 10:56:49 +0000</pubDate>
      <guid isPermaLink="false">http://delicious.com/url/e253285611485bb441b1088763f2396f#luckysemiosis</guid>
      <link>http://debategraph.org/MapView.aspx</link>
      <dc:creator><![CDATA[luckysemiosis]]></dc:creator>
      <comments>http://delicious.com/url/e253285611485bb441b1088763f2396f</comments>
      <wfw:commentRss>http://feeds.delicious.com/v2/rss/url/e253285611485bb441b1088763f2396f</wfw:commentRss>
      <source url="http://feeds.delicious.com/v2/rss/luckysemiosis">luckysemiosis's bookmarks</source>
      <category domain="http://delicious.com/luckysemiosis/">visualization</category>
      <category domain="http://delicious.com/luckysemiosis/">mapping</category>
      <category domain="http://delicious.com/luckysemiosis/">debat</category>
      <category domain="http://delicious.com/luckysemiosis/">argument</category>
    </item>
    <item>
      <title>Keotag tag generator - Technorati - IceRocket - del.icio.us - tag search multiple engines - social bookmark links generator</title>
      <pubDate>Fri, 12 Dec 2008 09:02:14 +0000</pubDate>
      <guid isPermaLink="false">http://delicious.com/url/fe989f19bfb37ac1ef2fd63dba373b24#luckysemiosis</guid>
      <link>http://www.keotag.com/tagger.php</link>
      <dc:creator><![CDATA[luckysemiosis]]></dc:creator>
      <comments>http://delicious.com/url/fe989f19bfb37ac1ef2fd63dba373b24</comments>
      <wfw:commentRss>http://feeds.delicious.com/v2/rss/url/fe989f19bfb37ac1ef2fd63dba373b24</wfw:commentRss>
      <source url="http://feeds.delicious.com/v2/rss/luckysemiosis">luckysemiosis's bookmarks</source>
      <category domain="http://delicious.com/luckysemiosis/">tagcloud</category>
      <category domain="http://delicious.com/luckysemiosis/">generator</category>
    </item>
    <item>
      <title>Analyse de Digg-Like (décembre 2008)</title>
      <pubDate>Fri, 12 Dec 2008 06:15:23 +0000</pubDate>
      <guid isPermaLink="false">http://delicious.com/url/a7eff0aed9f760687dbea51cd45f9d39#luckysemiosis</guid>
      <link>http://www.infowebmaster.fr/69,news-analyse-digg-like-decembre-2008.html</link>
      <dc:creator><![CDATA[luckysemiosis]]></dc:creator>
      <comments>http://delicious.com/url/a7eff0aed9f760687dbea51cd45f9d39</comments>
      <wfw:commentRss>http://feeds.delicious.com/v2/rss/url/a7eff0aed9f760687dbea51cd45f9d39</wfw:commentRss>
      <source url="http://feeds.delicious.com/v2/rss/luckysemiosis">luckysemiosis's bookmarks</source>
      <category domain="http://delicious.com/luckysemiosis/">digg</category>
      <category domain="http://delicious.com/luckysemiosis/">analysis</category>
    </item>
    <item>
      <title>Mochitest - MDC</title>
      <pubDate>Fri, 12 Dec 2008 06:08:17 +0000</pubDate>
      <guid isPermaLink="false">http://delicious.com/url/a7322e21f4248f2ed5553a6297012ad5#luckysemiosis</guid>
      <link>https://developer.mozilla.org/en/Mochitest</link>
      <dc:creator><![CDATA[luckysemiosis]]></dc:creator>
      <comments>http://delicious.com/url/a7322e21f4248f2ed5553a6297012ad5</comments>
      <wfw:commentRss>http://feeds.delicious.com/v2/rss/url/a7322e21f4248f2ed5553a6297012ad5</wfw:commentRss>
      <source url="http://feeds.delicious.com/v2/rss/luckysemiosis">luckysemiosis's bookmarks</source>
      <category domain="http://delicious.com/luckysemiosis/">framework</category>
      <category domain="http://delicious.com/luckysemiosis/">xul</category>
      <category domain="http://delicious.com/luckysemiosis/">webdev</category>
      <category domain="http://delicious.com/luckysemiosis/">testing</category>
      <category domain="http://delicious.com/luckysemiosis/">mozilla</category>
      <category domain="http://delicious.com/luckysemiosis/">automated</category>
    </item>
    <item>
      <title>Biodivertido: Google Maps HeatMap now correctly reprojected</title>
      <pubDate>Thu, 11 Dec 2008 16:12:41 +0000</pubDate>
      <guid isPermaLink="false">http://delicious.com/url/9de1502f8aed4008aae085697d20451e#luckysemiosis</guid>
      <link>http://biodivertido.blogspot.com/2008/08/google-maps-heatmap-now-correctly.html</link>
      <dc:creator><![CDATA[luckysemiosis]]></dc:creator>
      <comments>http://delicious.com/url/9de1502f8aed4008aae085697d20451e</comments>
      <wfw:commentRss>http://feeds.delicious.com/v2/rss/url/9de1502f8aed4008aae085697d20451e</wfw:commentRss>
      <source url="http://feeds.delicious.com/v2/rss/luckysemiosis">luckysemiosis's bookmarks</source>
      <category domain="http://delicious.com/luckysemiosis/">flex</category>
      <category domain="http://delicious.com/luckysemiosis/">googlemaps</category>
      <category domain="http://delicious.com/luckysemiosis/">blog</category>
      <category domain="http://delicious.com/luckysemiosis/">écologie</category>
    </item>
    <item>
      <title>Photosynth (Build 11210) - mes sons</title>
      <pubDate>Thu, 11 Dec 2008 12:53:34 +0000</pubDate>
      <guid isPermaLink="false">http://delicious.com/url/f96302ea6d15959222a758ffd074b44a#luckysemiosis</guid>
      <link>http://photosynth.net/view.aspx?cid=96761645-e601-43e2-92b2-d74905f44614</link>
      <dc:creator><![CDATA[luckysemiosis]]></dc:creator>
      <comments>http://delicious.com/url/f96302ea6d15959222a758ffd074b44a</comments>
      <wfw:commentRss>http://feeds.delicious.com/v2/rss/url/f96302ea6d15959222a758ffd074b44a</wfw:commentRss>
      <source url="http://feeds.delicious.com/v2/rss/luckysemiosis">luckysemiosis's bookmarks</source>
      <category domain="http://delicious.com/luckysemiosis/">photo</category>
      <category domain="http://delicious.com/luckysemiosis/">3D</category>
      <category domain="http://delicious.com/luckysemiosis/">modélisation</category>
      <category domain="http://delicious.com/luckysemiosis/">synchronisation</category>
    </item>
    <item>
      <title>Photosynth Guide v7.pdf (Objet application/pdf)</title>
      <pubDate>Thu, 11 Dec 2008 12:47:31 +0000</pubDate>
      <guid isPermaLink="false">http://delicious.com/url/897315ac419faa1c35222b5fff20a7a9#luckysemiosis</guid>
      <link>http://mslabs-777.vo.llnwd.net/e1/documentation/Photosynth%20Guide%20v7.pdf</link>
      <dc:creator><![CDATA[luckysemiosis]]></dc:creator>
      <comments>http://delicious.com/url/897315ac419faa1c35222b5fff20a7a9</comments>
      <wfw:commentRss>http://feeds.delicious.com/v2/rss/url/897315ac419faa1c35222b5fff20a7a9</wfw:commentRss>
      <source url="http://feeds.delicious.com/v2/rss/luckysemiosis">luckysemiosis's bookmarks</source>
      <category domain="http://delicious.com/luckysemiosis/">photo</category>
      <category domain="http://delicious.com/luckysemiosis/">3D</category>
      <category domain="http://delicious.com/luckysemiosis/">guide</category>
      <category domain="http://delicious.com/luckysemiosis/">sunchronisation</category>
      <category domain="http://delicious.com/luckysemiosis/">system:filetype:pdf</category>
      <category domain="http://delicious.com/luckysemiosis/">system:media:document</category>
      <enclosure url="http://mslabs-777.vo.llnwd.net/e1/documentation/Photosynth%20Guide%20v7.pdf" type="application/pdf" length="1"/>
    </item>
    <item>
      <title>Clusty Cloud Creator</title>
      <pubDate>Thu, 11 Dec 2008 07:28:16 +0000</pubDate>
      <guid isPermaLink="false">http://delicious.com/url/f77c83fb333a2605778a74f0b839b4e6#luckysemiosis</guid>
      <link>http://cloud.clusty.com/</link>
      <dc:creator><![CDATA[luckysemiosis]]></dc:creator>
      <comments>http://delicious.com/url/f77c83fb333a2605778a74f0b839b4e6</comments>
      <wfw:commentRss>http://feeds.delicious.com/v2/rss/url/f77c83fb333a2605778a74f0b839b4e6</wfw:commentRss>
      <source url="http://feeds.delicious.com/v2/rss/luckysemiosis">luckysemiosis's bookmarks</source>
      <category domain="http://delicious.com/luckysemiosis/">tagcloud</category>
      <category domain="http://delicious.com/luckysemiosis/">genrator</category>
    </item>
    <item>
      <title>Mozclouds : créez vos nuages de mots clés (Tag Clouds) avec Mozbot</title>
      <pubDate>Thu, 11 Dec 2008 07:28:00 +0000</pubDate>
      <guid isPermaLink="false">http://delicious.com/url/0be63e6b9077ea9451a511a7c3bc11f6#luckysemiosis</guid>
      <link>http://web.mozbot.info/mozclouds/</link>
      <dc:creator><![CDATA[luckysemiosis]]></dc:creator>
      <comments>http://delicious.com/url/0be63e6b9077ea9451a511a7c3bc11f6</comments>
      <wfw:commentRss>http://feeds.delicious.com/v2/rss/url/0be63e6b9077ea9451a511a7c3bc11f6</wfw:commentRss>
      <source url="http://feeds.delicious.com/v2/rss/luckysemiosis">luckysemiosis's bookmarks</source>
      <category domain="http://delicious.com/luckysemiosis/">tagcloud</category>
      <category domain="http://delicious.com/luckysemiosis/">genrator</category>
    </item>
    <item>
      <title>Tag cloud generator</title>
      <pubDate>Thu, 11 Dec 2008 07:27:45 +0000</pubDate>
      <guid isPermaLink="false">http://delicious.com/url/84d66e706b4035da0b7a83e127672623#luckysemiosis</guid>
      <link>http://winkwaves.com/tag-cloud-generator/</link>
      <dc:creator><![CDATA[luckysemiosis]]></dc:creator>
      <comments>http://delicious.com/url/84d66e706b4035da0b7a83e127672623</comments>
      <wfw:commentRss>http://feeds.delicious.com/v2/rss/url/84d66e706b4035da0b7a83e127672623</wfw:commentRss>
      <source url="http://feeds.delicious.com/v2/rss/luckysemiosis">luckysemiosis's bookmarks</source>
      <category domain="http://delicious.com/luckysemiosis/">tagcloud</category>
      <category domain="http://delicious.com/luckysemiosis/">genrator</category>
    </item>
    <item>
      <title>Keyword Cloud Generator | Tag Cloud Generator | Image Clouds</title>
      <pubDate>Thu, 11 Dec 2008 07:27:06 +0000</pubDate>
      <guid isPermaLink="false">http://delicious.com/url/b1dc8e060278420307b65f2e6109d1c2#luckysemiosis</guid>
      <link>http://www.tocloud.com/</link>
      <dc:creator><![CDATA[luckysemiosis]]></dc:creator>
      <comments>http://delicious.com/url/b1dc8e060278420307b65f2e6109d1c2</comments>
      <wfw:commentRss>http://feeds.delicious.com/v2/rss/url/b1dc8e060278420307b65f2e6109d1c2</wfw:commentRss>
      <source url="http://feeds.delicious.com/v2/rss/luckysemiosis">luckysemiosis's bookmarks</source>
      <category domain="http://delicious.com/luckysemiosis/">tagcloud</category>
      <category domain="http://delicious.com/luckysemiosis/">genrator</category>
    </item>
    <item>
      <title>Text Tag Cloud Generator</title>
      <pubDate>Thu, 11 Dec 2008 07:25:47 +0000</pubDate>
      <guid isPermaLink="false">http://delicious.com/url/1dd6471ed8d86ba2d498b1ca3e9ec24f#luckysemiosis</guid>
      <link>http://www.artviper.net/texttagcloud/</link>
      <dc:creator><![CDATA[luckysemiosis]]></dc:creator>
      <comments>http://delicious.com/url/1dd6471ed8d86ba2d498b1ca3e9ec24f</comments>
      <wfw:commentRss>http://feeds.delicious.com/v2/rss/url/1dd6471ed8d86ba2d498b1ca3e9ec24f</wfw:commentRss>
      <source url="http://feeds.delicious.com/v2/rss/luckysemiosis">luckysemiosis's bookmarks</source>
      <category domain="http://delicious.com/luckysemiosis/">tagcloud</category>
      <category domain="http://delicious.com/luckysemiosis/">generator</category>
    </item>
    <item>
      <title>Tag Cloud Generator - create and implement your own TagCloud online</title>
      <pubDate>Thu, 11 Dec 2008 07:25:15 +0000</pubDate>
      <guid isPermaLink="false">http://delicious.com/url/509fa911c30756dfea494bc3b527a159#luckysemiosis</guid>
      <link>http://www.tag-cloud.de/</link>
      <dc:creator><![CDATA[luckysemiosis]]></dc:creator>
      <comments>http://delicious.com/url/509fa911c30756dfea494bc3b527a159</comments>
      <wfw:commentRss>http://feeds.delicious.com/v2/rss/url/509fa911c30756dfea494bc3b527a159</wfw:commentRss>
      <source url="http://feeds.delicious.com/v2/rss/luckysemiosis">luckysemiosis's bookmarks</source>
      <category domain="http://delicious.com/luckysemiosis/">tagcloud</category>
      <category domain="http://delicious.com/luckysemiosis/">genrator</category>
    </item>
    <item>
      <title>Tag Cloud Generator</title>
      <pubDate>Thu, 11 Dec 2008 07:24:32 +0000</pubDate>
      <guid isPermaLink="false">http://delicious.com/url/05ae2e193d0e198817c33b7a846a8851#luckysemiosis</guid>
      <link>http://www.tagcloud-generator.com/</link>
      <dc:creator><![CDATA[luckysemiosis]]></dc:creator>
      <comments>http://delicious.com/url/05ae2e193d0e198817c33b7a846a8851</comments>
      <wfw:commentRss>http://feeds.delicious.com/v2/rss/url/05ae2e193d0e198817c33b7a846a8851</wfw:commentRss>
      <source url="http://feeds.delicious.com/v2/rss/luckysemiosis">luckysemiosis's bookmarks</source>
      <category domain="http://delicious.com/luckysemiosis/">tagcloud</category>
      <category domain="http://delicious.com/luckysemiosis/">generator</category>
    </item>
    <item>
      <title>TagCrowd - make your own tag cloud from any text</title>
      <pubDate>Thu, 11 Dec 2008 07:24:13 +0000</pubDate>
      <guid isPermaLink="false">http://delicious.com/url/99b165fc0f367bcae51eee5f0985cffa#luckysemiosis</guid>
      <link>http://tagcrowd.com/</link>
      <dc:creator><![CDATA[luckysemiosis]]></dc:creator>
      <comments>http://delicious.com/url/99b165fc0f367bcae51eee5f0985cffa</comments>
      <wfw:commentRss>http://feeds.delicious.com/v2/rss/url/99b165fc0f367bcae51eee5f0985cffa</wfw:commentRss>
      <source url="http://feeds.delicious.com/v2/rss/luckysemiosis">luckysemiosis's bookmarks</source>
      <category domain="http://delicious.com/luckysemiosis/">tagcloud</category>
      <category domain="http://delicious.com/luckysemiosis/">generator</category>
    </item>
    <item>
      <title>Wordle - Create</title>
      <pubDate>Thu, 11 Dec 2008 07:22:07 +0000</pubDate>
      <guid isPermaLink="false">http://delicious.com/url/e7ed5d80d7b81481ba99c36388ae6036#luckysemiosis</guid>
      <link>http://www.wordle.net/create</link>
      <dc:creator><![CDATA[luckysemiosis]]></dc:creator>
      <comments>http://delicious.com/url/e7ed5d80d7b81481ba99c36388ae6036</comments>
      <wfw:commentRss>http://feeds.delicious.com/v2/rss/url/e7ed5d80d7b81481ba99c36388ae6036</wfw:commentRss>
      <source url="http://feeds.delicious.com/v2/rss/luckysemiosis">luckysemiosis's bookmarks</source>
      <category domain="http://delicious.com/luckysemiosis/">tagcloud</category>
      <category domain="http://delicious.com/luckysemiosis/">generator</category>
    </item>
    <item>
      <title>Delicious Search Exploder - kentbrewster.com</title>
      <pubDate>Thu, 11 Dec 2008 07:12:23 +0000</pubDate>
      <guid isPermaLink="false">http://delicious.com/url/a72ab505062bb94f2003dea2a94c043c#luckysemiosis</guid>
      <link>http://kentbrewster.com/delicious-search-exploder/</link>
      <dc:creator><![CDATA[luckysemiosis]]></dc:creator>
      <comments>http://delicious.com/url/a72ab505062bb94f2003dea2a94c043c</comments>
      <wfw:commentRss>http://feeds.delicious.com/v2/rss/url/a72ab505062bb94f2003dea2a94c043c</wfw:commentRss>
      <source url="http://feeds.delicious.com/v2/rss/luckysemiosis">luckysemiosis's bookmarks</source>
      <category domain="http://delicious.com/luckysemiosis/">mashup</category>
      <category domain="http://delicious.com/luckysemiosis/">delicious</category>
      <category domain="http://delicious.com/luckysemiosis/">tools</category>
      <category domain="http://delicious.com/luckysemiosis/">search</category>
    </item>
    <item>
      <title>Explain the world with maps. - UUorld</title>
      <pubDate>Thu, 11 Dec 2008 07:08:50 +0000</pubDate>
      <guid isPermaLink="false">http://delicious.com/url/409522fe115c9778a817a49e1cac78a3#luckysemiosis</guid>
      <link>http://uuorld.com/</link>
      <dc:creator><![CDATA[luckysemiosis]]></dc:creator>
      <comments>http://delicious.com/url/409522fe115c9778a817a49e1cac78a3</comments>
      <wfw:commentRss>http://feeds.delicious.com/v2/rss/url/409522fe115c9778a817a49e1cac78a3</wfw:commentRss>
      <source url="http://feeds.delicious.com/v2/rss/luckysemiosis">luckysemiosis's bookmarks</source>
      <category domain="http://delicious.com/luckysemiosis/">cartographie</category>
      <category domain="http://delicious.com/luckysemiosis/">opensource</category>
      <category domain="http://delicious.com/luckysemiosis/">kml</category>
      <category domain="http://delicious.com/luckysemiosis/">world</category>
    </item>
    <item>
      <title>Navigate Articles, Photos, and Video from Around the Globe | FlowingData</title>
      <pubDate>Thu, 11 Dec 2008 07:04:51 +0000</pubDate>
      <guid isPermaLink="false">http://delicious.com/url/deaf2855100a3cfef8d8fdda6b7b0667#luckysemiosis</guid>
      <link>http://flowingdata.com/2008/12/09/navigate-articles-photos-and-video-from-around-the-globe/</link>
      <dc:creator><![CDATA[luckysemiosis]]></dc:creator>
      <comments>http://delicious.com/url/deaf2855100a3cfef8d8fdda6b7b0667</comments>
      <wfw:commentRss>http://feeds.delicious.com/v2/rss/url/deaf2855100a3cfef8d8fdda6b7b0667</wfw:commentRss>
      <source url="http://feeds.delicious.com/v2/rss/luckysemiosis">luckysemiosis's bookmarks</source>
      <category domain="http://delicious.com/luckysemiosis/">visualization</category>
      <category domain="http://delicious.com/luckysemiosis/">spatiotemposubject</category>
      <category domain="http://delicious.com/luckysemiosis/">feeds</category>
    </item>
    <item>
      <title>evalactisem - Google Code</title>
      <pubDate>Wed, 10 Dec 2008 11:41:07 +0000</pubDate>
      <guid isPermaLink="false">http://delicious.com/url/4e12b653d4045c072015516840a98665#luckysemiosis</guid>
      <link>http://code.google.com/p/evalactisem/source/browse/trunk/www/library/php/TagCloud.php</link>
      <dc:creator><![CDATA[luckysemiosis]]></dc:creator>
      <comments>http://delicious.com/url/4e12b653d4045c072015516840a98665</comments>
      <wfw:commentRss>http://feeds.delicious.com/v2/rss/url/4e12b653d4045c072015516840a98665</wfw:commentRss>
      <source url="http://feeds.delicious.com/v2/rss/luckysemiosis">luckysemiosis's bookmarks</source>
      <category domain="http://delicious.com/luckysemiosis/">CEN</category>
      <category domain="http://delicious.com/luckysemiosis/">tagcloud</category>
    </item>
    <item>
      <title>Social Networking World Forum</title>
      <pubDate>Wed, 10 Dec 2008 09:32:03 +0000</pubDate>
      <guid isPermaLink="false">http://delicious.com/url/b0678a8bad12778ad209b6f10438cb05#luckysemiosis</guid>
      <link>http://www.socialnetworking-forum.com/</link>
      <dc:creator><![CDATA[luckysemiosis]]></dc:creator>
      <comments>http://delicious.com/url/b0678a8bad12778ad209b6f10438cb05</comments>
      <wfw:commentRss>http://feeds.delicious.com/v2/rss/url/b0678a8bad12778ad209b6f10438cb05</wfw:commentRss>
      <source url="http://feeds.delicious.com/v2/rss/luckysemiosis">luckysemiosis's bookmarks</source>
      <category domain="http://delicious.com/luckysemiosis/">socialnetworking</category>
      <category domain="http://delicious.com/luckysemiosis/">conference</category>
    </item>
    <item>
      <title>Atelier de formation aux outils d’analyse textuelle et de visualisation de données</title>
      <pubDate>Tue, 09 Dec 2008 15:19:05 +0000</pubDate>
      <guid isPermaLink="false">http://delicious.com/url/35fb7e30d2f1ac6fde0fbec586a6261d#luckysemiosis</guid>
      <link>http://ifris.org/Atelier-de-formation-aux-outils-d,76.html</link>
      <dc:creator><![CDATA[luckysemiosis]]></dc:creator>
      <comments>http://delicious.com/url/35fb7e30d2f1ac6fde0fbec586a6261d</comments>
      <wfw:commentRss>http://feeds.delicious.com/v2/rss/url/35fb7e30d2f1ac6fde0fbec586a6261d</wfw:commentRss>
      <source url="http://feeds.delicious.com/v2/rss/luckysemiosis">luckysemiosis's bookmarks</source>
      <description>Roth</description>
      <category domain="http://delicious.com/luckysemiosis/">socialnetworking</category>
      <category domain="http://delicious.com/luckysemiosis/">analyse</category>
      <category domain="http://delicious.com/luckysemiosis/">textuel</category>
    </item>
    <item>
      <title>Réputation internet : Ecoute et analyse du buzz digital, analyse et surveillance d'opinions | Digimind</title>
      <pubDate>Tue, 09 Dec 2008 14:52:42 +0000</pubDate>
      <guid isPermaLink="false">http://delicious.com/url/c1b039b45eb2141e1628358589a0c550#luckysemiosis</guid>
      <link>http://www.digimind.fr/publications/white-papers/501-reputation-internet-ecoutez-et-analysez-le-buzz-digital.htm</link>
      <dc:creator><![CDATA[luckysemiosis]]></dc:creator>
      <comments>http://delicious.com/url/c1b039b45eb2141e1628358589a0c550</comments>
      <wfw:commentRss>http://feeds.delicious.com/v2/rss/url/c1b039b45eb2141e1628358589a0c550</wfw:commentRss>
      <source url="http://feeds.delicious.com/v2/rss/luckysemiosis">luckysemiosis's bookmarks</source>
      <category domain="http://delicious.com/luckysemiosis/">web2.0</category>
      <category domain="http://delicious.com/luckysemiosis/">reputation</category>
      <category domain="http://delicious.com/luckysemiosis/">buzz</category>
      <category domain="http://delicious.com/luckysemiosis/">digimind</category>
    </item>
    <item>
      <title>Adobe Edge: The Kap Lab: Playing with free Adobe Flex components</title>
      <pubDate>Tue, 09 Dec 2008 11:39:39 +0000</pubDate>
      <guid isPermaLink="false">http://delicious.com/url/b606665b1f29b9d22f560b0199c9506f#luckysemiosis</guid>
      <link>http://www.adobe.com/newsletters/edge/december2008/articles/article2/index.html?trackingid=EFBKZ</link>
      <dc:creator><![CDATA[luckysemiosis]]></dc:creator>
      <comments>http://delicious.com/url/b606665b1f29b9d22f560b0199c9506f</comments>
      <wfw:commentRss>http://feeds.delicious.com/v2/rss/url/b606665b1f29b9d22f560b0199c9506f</wfw:commentRss>
      <source url="http://feeds.delicious.com/v2/rss/luckysemiosis">luckysemiosis's bookmarks</source>
      <category domain="http://delicious.com/luckysemiosis/">flex</category>
      <category domain="http://delicious.com/luckysemiosis/">SVG</category>
      <category domain="http://delicious.com/luckysemiosis/">visualization</category>
      <category domain="http://delicious.com/luckysemiosis/">statistics</category>
    </item>
    <item>
      <title>Livre : Pensée visuelle. Mark Wigan - 9782350171487</title>
      <pubDate>Tue, 09 Dec 2008 11:01:53 +0000</pubDate>
      <guid isPermaLink="false">http://delicious.com/url/d6dd511912fd69117da2687404b6371c#luckysemiosis</guid>
      <link>http://www.decitre.fr/livres/Pensee-visuelle.aspx/9782350171487</link>
      <dc:creator><![CDATA[luckysemiosis]]></dc:creator>
      <comments>http://delicious.com/url/d6dd511912fd69117da2687404b6371c</comments>
      <wfw:commentRss>http://feeds.delicious.com/v2/rss/url/d6dd511912fd69117da2687404b6371c</wfw:commentRss>
      <source url="http://feeds.delicious.com/v2/rss/luckysemiosis">luckysemiosis's bookmarks</source>
      <category domain="http://delicious.com/luckysemiosis/">actulivre</category>
    </item>
    <item>
      <title>Livre : Science-fiction, Les frontière de la.... Raphaël Colson - 9782354080440</title>
      <pubDate>Tue, 09 Dec 2008 11:01:40 +0000</pubDate>
      <guid isPermaLink="false">http://delicious.com/url/b4fe227d16fd3cd60a75aaee23e2334e#luckysemiosis</guid>
      <link>http://www.decitre.fr/livres/Science-fiction.aspx/9782354080440</link>
      <dc:creator><![CDATA[luckysemiosis]]></dc:creator>
      <comments>http://delicious.com/url/b4fe227d16fd3cd60a75aaee23e2334e</comments>
      <wfw:commentRss>http://feeds.delicious.com/v2/rss/url/b4fe227d16fd3cd60a75aaee23e2334e</wfw:commentRss>
      <source url="http://feeds.delicious.com/v2/rss/luckysemiosis">luckysemiosis's bookmarks</source>
      <category domain="http://delicious.com/luckysemiosis/">actulivre</category>
    </item>
    <item>
      <title>Livre : Déployer un projet Web 2.0, Anticiper.... Gabriel Képéklian, Jean-Louis Lequeux - 9782212542493</title>
      <pubDate>Tue, 09 Dec 2008 11:01:27 +0000</pubDate>
      <guid isPermaLink="false">http://delicious.com/url/6445892351bc5d66e38c46b3842b437c#luckysemiosis</guid>
      <link>http://www.decitre.fr/livres/Deployer-un-projet-Web-2-0.aspx/9782212542493</link>
      <dc:creator><![CDATA[luckysemiosis]]></dc:creator>
      <comments>http://delicious.com/url/6445892351bc5d66e38c46b3842b437c</comments>
      <wfw:commentRss>http://feeds.delicious.com/v2/rss/url/6445892351bc5d66e38c46b3842b437c</wfw:commentRss>
      <source url="http://feeds.delicious.com/v2/rss/luckysemiosis">luckysemiosis's bookmarks</source>
      <category domain="http://delicious.com/luckysemiosis/">actulivre</category>
    </item>
    <item>
      <title>airtraffic.wmv (Objet video/x-ms-wmv)</title>
      <pubDate>Tue, 09 Dec 2008 11:01:06 +0000</pubDate>
      <guid isPermaLink="false">http://delicious.com/url/1f00a011af14d12c8c78cc5148ec4346#luckysemiosis</guid>
      <link>http://radar.zhaw.ch/resources/airtraffic.wmv</link>
      <dc:creator><![CDATA[luckysemiosis]]></dc:creator>
      <comments>http://delicious.com/url/1f00a011af14d12c8c78cc5148ec4346</comments>
      <wfw:commentRss>http://feeds.delicious.com/v2/rss/url/1f00a011af14d12c8c78cc5148ec4346</wfw:commentRss>
      <source url="http://feeds.delicious.com/v2/rss/luckysemiosis">luckysemiosis's bookmarks</source>
      <category domain="http://delicious.com/luckysemiosis/">visualization</category>
      <category domain="http://delicious.com/luckysemiosis/">world</category>
      <category domain="http://delicious.com/luckysemiosis/">networks</category>
      <category domain="http://delicious.com/luckysemiosis/">airtraffic</category>
      <category domain="http://delicious.com/luckysemiosis/">system:filetype:wmv</category>
      <category domain="http://delicious.com/luckysemiosis/">system:media:video</category>
      <enclosure url="http://radar.zhaw.ch/resources/airtraffic.wmv" type="video/x-ms-wmv" length="1"/>
    </item>
    <item>
      <title>GeoCommons Finder!</title>
      <pubDate>Mon, 08 Dec 2008 20:38:47 +0000</pubDate>
      <guid isPermaLink="false">http://delicious.com/url/3c51fc7f3126f7ee4e3838e8f9ae063b#luckysemiosis</guid>
      <link>http://finder.geocommons.com/</link>
      <dc:creator><![CDATA[luckysemiosis]]></dc:creator>
      <comments>http://delicious.com/url/3c51fc7f3126f7ee4e3838e8f9ae063b</comments>
      <wfw:commentRss>http://feeds.delicious.com/v2/rss/url/3c51fc7f3126f7ee4e3838e8f9ae063b</wfw:commentRss>
      <source url="http://feeds.delicious.com/v2/rss/luckysemiosis">luckysemiosis's bookmarks</source>
      <category domain="http://delicious.com/luckysemiosis/">cartographie</category>
      <category domain="http://delicious.com/luckysemiosis/">opensource</category>
      <category domain="http://delicious.com/luckysemiosis/">mapping</category>
    </item>
    <item>
      <title>Download | The Public Domain |</title>
      <pubDate>Mon, 08 Dec 2008 05:47:48 +0000</pubDate>
      <guid isPermaLink="false">http://delicious.com/url/9307014ab0ce197e7e296a41ce15608a#luckysemiosis</guid>
      <link>http://www.thepublicdomain.org/download/</link>
      <dc:creator><![CDATA[luckysemiosis]]></dc:creator>
      <comments>http://delicious.com/url/9307014ab0ce197e7e296a41ce15608a</comments>
      <wfw:commentRss>http://feeds.delicious.com/v2/rss/url/9307014ab0ce197e7e296a41ce15608a</wfw:commentRss>
      <source url="http://feeds.delicious.com/v2/rss/luckysemiosis">luckysemiosis's bookmarks</source>
      <category domain="http://delicious.com/luckysemiosis/">culture</category>
      <category domain="http://delicious.com/luckysemiosis/">free</category>
      <category domain="http://delicious.com/luckysemiosis/">domain</category>
      <category domain="http://delicious.com/luckysemiosis/">publicdomain</category>
    </item>
    <item>
      <title>Networks / Pajek</title>
      <pubDate>Sun, 07 Dec 2008 20:12:45 +0000</pubDate>
      <guid isPermaLink="false">http://delicious.com/url/c19be7f286316e3288cadbaa1803c84a#luckysemiosis</guid>
      <link>http://vlado.fmf.uni-lj.si/pub/networks/pajek/</link>
      <dc:creator><![CDATA[luckysemiosis]]></dc:creator>
      <comments>http://delicious.com/url/c19be7f286316e3288cadbaa1803c84a</comments>
      <wfw:commentRss>http://feeds.delicious.com/v2/rss/url/c19be7f286316e3288cadbaa1803c84a</wfw:commentRss>
      <source url="http://feeds.delicious.com/v2/rss/luckysemiosis">luckysemiosis's bookmarks</source>
      <category domain="http://delicious.com/luckysemiosis/">SVG</category>
      <category domain="http://delicious.com/luckysemiosis/">visualization</category>
      <category domain="http://delicious.com/luckysemiosis/">statistics</category>
      <category domain="http://delicious.com/luckysemiosis/">socialsoftware</category>
    </item>
    <item>
      <title>John Resig - Processing.js</title>
      <pubDate>Sun, 07 Dec 2008 17:40:40 +0000</pubDate>
      <guid isPermaLink="false">http://delicious.com/url/566d38154c97ca023ec8cc1a4b4ef609#luckysemiosis</guid>
      <link>http://ejohn.org/blog/processingjs/</link>
      <dc:creator><![CDATA[luckysemiosis]]></dc:creator>
      <comments>http://delicious.com/url/566d38154c97ca023ec8cc1a4b4ef609</comments>
      <wfw:commentRss>http://feeds.delicious.com/v2/rss/url/566d38154c97ca023ec8cc1a4b4ef609</wfw:commentRss>
      <source url="http://feeds.delicious.com/v2/rss/luckysemiosis">luckysemiosis's bookmarks</source>
      <category domain="http://delicious.com/luckysemiosis/">webdesign</category>
      <category domain="http://delicious.com/luckysemiosis/">webdev</category>
      <category domain="http://delicious.com/luckysemiosis/">processing</category>
      <category domain="http://delicious.com/luckysemiosis/">javascript</category>
    </item>
    <item>
      <title>Social Networks Library for Processing</title>
      <pubDate>Sun, 07 Dec 2008 14:09:03 +0000</pubDate>
      <guid isPermaLink="false">http://delicious.com/url/303aa43bc55957a2fd5c7bcd439219a4#luckysemiosis</guid>
      <link>http://ella.slis.indiana.edu/~tohollow/SocialNetworksLibrary/</link>
      <dc:creator><![CDATA[luckysemiosis]]></dc:creator>
      <comments>http://delicious.com/url/303aa43bc55957a2fd5c7bcd439219a4</comments>
      <wfw:commentRss>http://feeds.delicious.com/v2/rss/url/303aa43bc55957a2fd5c7bcd439219a4</wfw:commentRss>
      <source url="http://feeds.delicious.com/v2/rss/luckysemiosis">luckysemiosis's bookmarks</source>
      <category domain="http://delicious.com/luckysemiosis/">CEN</category>
      <category domain="http://delicious.com/luckysemiosis/">visualization</category>
      <category domain="http://delicious.com/luckysemiosis/">processing</category>
      <category domain="http://delicious.com/luckysemiosis/">tagcloud</category>
      <category domain="http://delicious.com/luckysemiosis/">socialnetworks</category>
    </item>
    <item>
      <title>"Le temps du monde fini commence" (Paul Valéry): Données cartographiques : quelle offre pour quel modèle économique ?</title>
      <pubDate>Sun, 07 Dec 2008 12:23:23 +0000</pubDate>
      <guid isPermaLink="false">http://delicious.com/url/77f6eb520e44afd9f33297f518613bab#luckysemiosis</guid>
      <link>http://terrimago.blogspot.com/2008/11/donnes-cartographiques-quelle-offre.html</link>
      <dc:creator><![CDATA[luckysemiosis]]></dc:creator>
      <comments>http://delicious.com/url/77f6eb520e44afd9f33297f518613bab</comments>
      <wfw:commentRss>http://feeds.delicious.com/v2/rss/url/77f6eb520e44afd9f33297f518613bab</wfw:commentRss>
      <source url="http://feeds.delicious.com/v2/rss/luckysemiosis">luckysemiosis's bookmarks</source>
      <category domain="http://delicious.com/luckysemiosis/">cartographie</category>
      <category domain="http://delicious.com/luckysemiosis/">blog</category>
    </item>
    <item>
      <title>FriendFeed - Add/Edit Services</title>
      <pubDate>Sun, 07 Dec 2008 08:44:42 +0000</pubDate>
      <guid isPermaLink="false">http://delicious.com/url/22f95edaf188d38252d75c31f23988b8#luckysemiosis</guid>
      <link>http://friendfeed.com/settings/services</link>
      <dc:creator><![CDATA[luckysemiosis]]></dc:creator>
      <comments>http://delicious.com/url/22f95edaf188d38252d75c31f23988b8</comments>
      <wfw:commentRss>http://feeds.delicious.com/v2/rss/url/22f95edaf188d38252d75c31f23988b8</wfw:commentRss>
      <source url="http://feeds.delicious.com/v2/rss/luckysemiosis">luckysemiosis's bookmarks</source>
      <category domain="http://delicious.com/luckysemiosis/">socialnetworking</category>
      <category domain="http://delicious.com/luckysemiosis/">CEN</category>
      <category domain="http://delicious.com/luckysemiosis/">aggregator</category>
      <category domain="http://delicious.com/luckysemiosis/">friendfeed</category>
    </item>
    <item>
      <title>Yahoo! Query Language - YDN</title>
      <pubDate>Sun, 07 Dec 2008 07:50:05 +0000</pubDate>
      <guid isPermaLink="false">http://delicious.com/url/660d6551c721ca8bb0da5faf39675922#luckysemiosis</guid>
      <link>http://developer.yahoo.com/yql/console/</link>
      <dc:creator><![CDATA[luckysemiosis]]></dc:creator>
      <comments>http://delicious.com/url/660d6551c721ca8bb0da5faf39675922</comments>
      <wfw:commentRss>http://feeds.delicious.com/v2/rss/url/660d6551c721ca8bb0da5faf39675922</wfw:commentRss>
      <source url="http://feeds.delicious.com/v2/rss/luckysemiosis">luckysemiosis's bookmarks</source>
      <category domain="http://delicious.com/luckysemiosis/">CEN</category>
      <category domain="http://delicious.com/luckysemiosis/">thyp</category>
      <category domain="http://delicious.com/luckysemiosis/">api</category>
      <category domain="http://delicious.com/luckysemiosis/">Yahoo</category>
      <category domain="http://delicious.com/luckysemiosis/">yql</category>
    </item>
    <item>
      <title>KiWi - Knowledge In A Wiki - Home</title>
      <pubDate>Sun, 07 Dec 2008 07:38:58 +0000</pubDate>
      <guid isPermaLink="false">http://delicious.com/url/a4223bc9982644675869435a65911735#luckysemiosis</guid>
      <link>http://www.kiwi-project.eu/</link>
      <dc:creator><![CDATA[luckysemiosis]]></dc:creator>
      <comments>http://delicious.com/url/a4223bc9982644675869435a65911735</comments>
      <wfw:commentRss>http://feeds.delicious.com/v2/rss/url/a4223bc9982644675869435a65911735</wfw:commentRss>
      <source url="http://feeds.delicious.com/v2/rss/luckysemiosis">luckysemiosis's bookmarks</source>
      <category domain="http://delicious.com/luckysemiosis/">semanticweb</category>
      <category domain="http://delicious.com/luckysemiosis/">wiki</category>
      <category domain="http://delicious.com/luckysemiosis/">research</category>
    </item>
    <item>
      <title>Trendrr - Track Compare Share</title>
      <pubDate>Fri, 05 Dec 2008 19:23:58 +0000</pubDate>
      <guid isPermaLink="false">http://delicious.com/url/1fe7eb360f4ee711be5f8c9bd93fe6de#luckysemiosis</guid>
      <link>http://www.trendrr.com/user/luckysemiosis</link>
      <dc:creator><![CDATA[luckysemiosis]]></dc:creator>
      <comments>http://delicious.com/url/1fe7eb360f4ee711be5f8c9bd93fe6de</comments>
      <wfw:commentRss>http://feeds.delicious.com/v2/rss/url/1fe7eb360f4ee711be5f8c9bd93fe6de</wfw:commentRss>
      <source url="http://feeds.delicious.com/v2/rss/luckysemiosis">luckysemiosis's bookmarks</source>
      <category domain="http://delicious.com/luckysemiosis/">tracking</category>
      <category domain="http://delicious.com/luckysemiosis/">statistics</category>
      <category domain="http://delicious.com/luckysemiosis/">socialnetworking</category>
    </item>
    <item>
      <title>Social Media Monitoring Tools: 26 Free Online Reputation Tools</title>
      <pubDate>Fri, 05 Dec 2008 19:13:36 +0000</pubDate>
      <guid isPermaLink="false">http://delicious.com/url/af2d577b4686516fe3d40b842b5ecd82#luckysemiosis</guid>
      <link>http://www.marketingpilgrim.com/2007/08/26-free-tools-for-buzz-monitoring.html</link>
      <dc:creator><![CDATA[luckysemiosis]]></dc:creator>
      <comments>http://delicious.com/url/af2d577b4686516fe3d40b842b5ecd82</comments>
      <wfw:commentRss>http://feeds.delicious.com/v2/rss/url/af2d577b4686516fe3d40b842b5ecd82</wfw:commentRss>
      <source url="http://feeds.delicious.com/v2/rss/luckysemiosis">luckysemiosis's bookmarks</source>
      <category domain="http://delicious.com/luckysemiosis/">tracking</category>
      <category domain="http://delicious.com/luckysemiosis/">socialmedia</category>
      <category domain="http://delicious.com/luckysemiosis/">tools</category>
    </item>
    <item>
      <title>Google Friend Connect: Add social features to your site</title>
      <pubDate>Fri, 05 Dec 2008 06:02:40 +0000</pubDate>
      <guid isPermaLink="false">http://delicious.com/url/2e75c27e9d2ee31d23ecb1a134c4af56#luckysemiosis</guid>
      <link>http://www.google.com/friendconnect/admin/</link>
      <dc:creator><![CDATA[luckysemiosis]]></dc:creator>
      <comments>http://delicious.com/url/2e75c27e9d2ee31d23ecb1a134c4af56</comments>
      <wfw:commentRss>http://feeds.delicious.com/v2/rss/url/2e75c27e9d2ee31d23ecb1a134c4af56</wfw:commentRss>
      <source url="http://feeds.delicious.com/v2/rss/luckysemiosis">luckysemiosis's bookmarks</source>
      <category domain="http://delicious.com/luckysemiosis/">socialnetworking</category>
      <category domain="http://delicious.com/luckysemiosis/">webdevelopment</category>
      <category domain="http://delicious.com/luckysemiosis/">google</category>
    </item>
    <item>
      <title>9 moteurs de l'animation AS3 | TSW - qui devrait fonctionner</title>
      <pubDate>Thu, 04 Dec 2008 21:56:02 +0000</pubDate>
      <guid isPermaLink="false">http://delicious.com/url/d87a5c902b50dcbe22d3e83339f00d9f#luckysemiosis</guid>
      <link>http://msdevstudio.com/blog/fr/2008/08/24/9-motores-de-animacao-as3/</link>
      <dc:creator><![CDATA[luckysemiosis]]></dc:creator>
      <comments>http://delicious.com/url/d87a5c902b50dcbe22d3e83339f00d9f</comments>
      <wfw:commentRss>http://feeds.delicious.com/v2/rss/url/d87a5c902b50dcbe22d3e83339f00d9f</wfw:commentRss>
      <source url="http://feeds.delicious.com/v2/rss/luckysemiosis">luckysemiosis's bookmarks</source>
      <category domain="http://delicious.com/luckysemiosis/">flex</category>
      <category domain="http://delicious.com/luckysemiosis/">library</category>
    </item>
    <item>
      <title>Processing in Eclipse \ Processing 1.0</title>
      <pubDate>Thu, 04 Dec 2008 21:52:47 +0000</pubDate>
      <guid isPermaLink="false">http://delicious.com/url/20757daa67902d2694bf4463d57af612#luckysemiosis</guid>
      <link>http://processing.org/learning/tutorials/eclipse/</link>
      <dc:creator><![CDATA[luckysemiosis]]></dc:creator>
      <comments>http://delicious.com/url/20757daa67902d2694bf4463d57af612</comments>
      <wfw:commentRss>http://feeds.delicious.com/v2/rss/url/20757daa67902d2694bf4463d57af612</wfw:commentRss>
      <source url="http://feeds.delicious.com/v2/rss/luckysemiosis">luckysemiosis's bookmarks</source>
      <category domain="http://delicious.com/luckysemiosis/">tutorial</category>
      <category domain="http://delicious.com/luckysemiosis/">processing</category>
      <category domain="http://delicious.com/luckysemiosis/">eclipse</category>
    </item>
    <item>
      <title>Go2Web20.net - The complete Web 2.0 sites directory</title>
      <pubDate>Thu, 04 Dec 2008 17:30:17 +0000</pubDate>
      <guid isPermaLink="false">http://delicious.com/url/40d872620a9e0b89120209358d68e0f5#luckysemiosis</guid>
      <link>http://www.go2web20.net/?app/ipopetz.tv</link>
      <dc:creator><![CDATA[luckysemiosis]]></dc:creator>
      <comments>http://delicious.com/url/40d872620a9e0b89120209358d68e0f5</comments>
      <wfw:commentRss>http://feeds.delicious.com/v2/rss/url/40d872620a9e0b89120209358d68e0f5</wfw:commentRss>
      <source url="http://feeds.delicious.com/v2/rss/luckysemiosis">luckysemiosis's bookmarks</source>
      <category domain="http://delicious.com/luckysemiosis/">cen</category>
      <category domain="http://delicious.com/luckysemiosis/">list</category>
      <category domain="http://delicious.com/luckysemiosis/">tools</category>
      <category domain="http://delicious.com/luckysemiosis/">web2.0</category>
    </item>
    <item>
      <title>Blog - 3D Visualisation and Graphics Programming</title>
      <pubDate>Thu, 04 Dec 2008 17:27:18 +0000</pubDate>
      <guid isPermaLink="false">http://delicious.com/url/5cdb6eaedb90fc1951bb23a0b19981ce#luckysemiosis</guid>
      <link>http://visualisation.squarespace.com/blog/</link>
      <dc:creator><![CDATA[luckysemiosis]]></dc:creator>
      <comments>http://delicious.com/url/5cdb6eaedb90fc1951bb23a0b19981ce</comments>
      <wfw:commentRss>http://feeds.delicious.com/v2/rss/url/5cdb6eaedb90fc1951bb23a0b19981ce</wfw:commentRss>
      <source url="http://feeds.delicious.com/v2/rss/luckysemiosis">luckysemiosis's bookmarks</source>
      <category domain="http://delicious.com/luckysemiosis/">visualisation</category>
      <category domain="http://delicious.com/luckysemiosis/">3D</category>
      <category domain="http://delicious.com/luckysemiosis/">dev</category>
    </item>
    <item>
      <title>Une intelligence artificielle au service du mal ! | InternetActu.net</title>
      <pubDate>Thu, 04 Dec 2008 17:25:45 +0000</pubDate>
      <guid isPermaLink="false">http://delicious.com/url/f856427bd7e632899dddcc2604c39376#luckysemiosis</guid>
      <link>http://www.internetactu.net/2008/11/25/une-intelligence-artificielle-au-service-du-mal/</link>
      <dc:creator><![CDATA[luckysemiosis]]></dc:creator>
      <comments>http://delicious.com/url/f856427bd7e632899dddcc2604c39376</comments>
      <wfw:commentRss>http://feeds.delicious.com/v2/rss/url/f856427bd7e632899dddcc2604c39376</wfw:commentRss>
      <source url="http://feeds.delicious.com/v2/rss/luckysemiosis">luckysemiosis's bookmarks</source>
      <category domain="http://delicious.com/luckysemiosis/">robotique</category>
      <category domain="http://delicious.com/luckysemiosis/">ia</category>
      <category domain="http://delicious.com/luckysemiosis/">connerie</category>
    </item>
    <item>
      <title>Les joyaux de la couronne n’appartiennent à personne | InternetActu.net</title>
      <pubDate>Thu, 04 Dec 2008 17:25:13 +0000</pubDate>
      <guid isPermaLink="false">http://delicious.com/url/147efe4216c0d24dfde59e0b7b40f3d5#luckysemiosis</guid>
      <link>http://www.internetactu.net/2008/12/03/les-joyaux-de-la-couronne-nappartiennent-a-personne/</link>
      <dc:creator><![CDATA[luckysemiosis]]></dc:creator>
      <comments>http://delicious.com/url/147efe4216c0d24dfde59e0b7b40f3d5</comments>
      <wfw:commentRss>http://feeds.delicious.com/v2/rss/url/147efe4216c0d24dfde59e0b7b40f3d5</wfw:commentRss>
      <source url="http://feeds.delicious.com/v2/rss/luckysemiosis">luckysemiosis's bookmarks</source>
      <category domain="http://delicious.com/luckysemiosis/">gouvernance</category>
      <category domain="http://delicious.com/luckysemiosis/">data</category>
      <category domain="http://delicious.com/luckysemiosis/">democracy</category>
      <category domain="http://delicious.com/luckysemiosis/">services</category>
      <category domain="http://delicious.com/luckysemiosis/">socialbookmarking</category>
    </item>
    <item>
      <title>App Directory | Apps for Democracy</title>
      <pubDate>Thu, 04 Dec 2008 17:23:54 +0000</pubDate>
      <guid isPermaLink="false">http://delicious.com/url/fdd363a4749f3146deea2be769cea1d4#luckysemiosis</guid>
      <link>http://www.appsfordemocracy.org/application-directory/</link>
      <dc:creator><![CDATA[luckysemiosis]]></dc:creator>
      <comments>http://delicious.com/url/fdd363a4749f3146deea2be769cea1d4</comments>
      <wfw:commentRss>http://feeds.delicious.com/v2/rss/url/fdd363a4749f3146deea2be769cea1d4</wfw:commentRss>
      <source url="http://feeds.delicious.com/v2/rss/luckysemiosis">luckysemiosis's bookmarks</source>
      <category domain="http://delicious.com/luckysemiosis/">opensource</category>
      <category domain="http://delicious.com/luckysemiosis/">democracy</category>
      <category domain="http://delicious.com/luckysemiosis/">innovation</category>
      <category domain="http://delicious.com/luckysemiosis/">tools</category>
    </item>
    <item>
      <title>22 manières d’utiliser les médias sociaux</title>
      <pubDate>Thu, 04 Dec 2008 17:20:12 +0000</pubDate>
      <guid isPermaLink="false">http://delicious.com/url/2355bf824dcf29bfa826e94f339000c5#luckysemiosis</guid>
      <link>http://fr.mashable.com/2008/11/16/22-manieres-dutiliser-les-medias-sociaux/</link>
      <dc:creator><![CDATA[luckysemiosis]]></dc:creator>
      <comments>http://delicious.com/url/2355bf824dcf29bfa826e94f339000c5</comments>
      <wfw:commentRss>http://feeds.delicious.com/v2/rss/url/2355bf824dcf29bfa826e94f339000c5</wfw:commentRss>
      <source url="http://feeds.delicious.com/v2/rss/luckysemiosis">luckysemiosis's bookmarks</source>
      <category domain="http://delicious.com/luckysemiosis/">socialnetworking</category>
      <category domain="http://delicious.com/luckysemiosis/">howto</category>
      <category domain="http://delicious.com/luckysemiosis/">usages</category>
      <category domain="http://delicious.com/luckysemiosis/">marketing</category>
    </item>
    <item>
      <title>liens socio, le portail francophone des sciences sociales</title>
      <pubDate>Thu, 04 Dec 2008 17:19:16 +0000</pubDate>
      <guid isPermaLink="false">http://delicious.com/url/8911ca610e899c6bf4cbdcd3419c2178#luckysemiosis</guid>
      <link>http://www.liens-socio.org/article.php3?id_article=5322</link>
      <dc:creator><![CDATA[luckysemiosis]]></dc:creator>
      <comments>http://delicious.com/url/8911ca610e899c6bf4cbdcd3419c2178</comments>
      <wfw:commentRss>http://feeds.delicious.com/v2/rss/url/8911ca610e899c6bf4cbdcd3419c2178</wfw:commentRss>
      <source url="http://feeds.delicious.com/v2/rss/luckysemiosis">luckysemiosis's bookmarks</source>
      <category domain="http://delicious.com/luckysemiosis/">colloque</category>
      <category domain="http://delicious.com/luckysemiosis/">savoir</category>
      <category domain="http://delicious.com/luckysemiosis/">sociologie</category>
    </item>
    <item>
      <title>Flex, RIA | Adobe Labs - Cocomo</title>
      <pubDate>Thu, 04 Dec 2008 07:13:50 +0000</pubDate>
      <guid isPermaLink="false">http://delicious.com/url/1b77e098ffc94c4f4dabc60cb36c8f06#luckysemiosis</guid>
      <link>http://labs.adobe.com/technologies/cocomo/</link>
      <dc:creator><![CDATA[luckysemiosis]]></dc:creator>
      <comments>http://delicious.com/url/1b77e098ffc94c4f4dabc60cb36c8f06</comments>
      <wfw:commentRss>http://feeds.delicious.com/v2/rss/url/1b77e098ffc94c4f4dabc60cb36c8f06</wfw:commentRss>
      <source url="http://feeds.delicious.com/v2/rss/luckysemiosis">luckysemiosis's bookmarks</source>
      <category domain="http://delicious.com/luckysemiosis/">socialnetworking</category>
      <category domain="http://delicious.com/luckysemiosis/">flex</category>
      <category domain="http://delicious.com/luckysemiosis/">webdev</category>
      <category domain="http://delicious.com/luckysemiosis/">webcam</category>
    </item>
    <item>
      <title>http://madrid.citymurmur.org/test/murmur.html</title>
      <pubDate>Thu, 04 Dec 2008 07:12:25 +0000</pubDate>
      <guid isPermaLink="false">http://delicious.com/url/f74d409b39d2346f76f0a9714b5f1bbb#luckysemiosis</guid>
      <link>http://madrid.citymurmur.org/test/murmur.html</link>
      <dc:creator><![CDATA[luckysemiosis]]></dc:creator>
      <comments>http://delicious.com/url/f74d409b39d2346f76f0a9714b5f1bbb</comments>
      <wfw:commentRss>http://feeds.delicious.com/v2/rss/url/f74d409b39d2346f76f0a9714b5f1bbb</wfw:commentRss>
      <source url="http://feeds.delicious.com/v2/rss/luckysemiosis">luckysemiosis's bookmarks</source>
      <category domain="http://delicious.com/luckysemiosis/">visualization</category>
      <category domain="http://delicious.com/luckysemiosis/">semantic</category>
      <category domain="http://delicious.com/luckysemiosis/">mapping</category>
    </item>
    <item>
      <title>In the Air</title>
      <pubDate>Thu, 04 Dec 2008 07:08:02 +0000</pubDate>
      <guid isPermaLink="false">http://delicious.com/url/eabbe3d6eeeb4cbcfb15ee1740b4f83c#luckysemiosis</guid>
      <link>http://intheair.es/index.html</link>
      <dc:creator><![CDATA[luckysemiosis]]></dc:creator>
      <comments>http://delicious.com/url/eabbe3d6eeeb4cbcfb15ee1740b4f83c</comments>
      <wfw:commentRss>http://feeds.delicious.com/v2/rss/url/eabbe3d6eeeb4cbcfb15ee1740b4f83c</wfw:commentRss>
      <source url="http://feeds.delicious.com/v2/rss/luckysemiosis">luckysemiosis's bookmarks</source>
      <category domain="http://delicious.com/luckysemiosis/">visualization</category>
      <category domain="http://delicious.com/luckysemiosis/">ville</category>
      <category domain="http://delicious.com/luckysemiosis/">particule</category>
    </item>
    <item>
      <title>visualizar.org</title>
      <pubDate>Thu, 04 Dec 2008 07:06:32 +0000</pubDate>
      <guid isPermaLink="false">http://delicious.com/url/3303e5ef9d7935098ad1235484825e0e#luckysemiosis</guid>
      <link>http://visualizar.org/</link>
      <dc:creator><![CDATA[luckysemiosis]]></dc:creator>
      <comments>http://delicious.com/url/3303e5ef9d7935098ad1235484825e0e</comments>
      <wfw:commentRss>http://feeds.delicious.com/v2/rss/url/3303e5ef9d7935098ad1235484825e0e</wfw:commentRss>
      <source url="http://feeds.delicious.com/v2/rss/luckysemiosis">luckysemiosis's bookmarks</source>
      <category domain="http://delicious.com/luckysemiosis/">visualization</category>
      <category domain="http://delicious.com/luckysemiosis/">programming</category>
      <category domain="http://delicious.com/luckysemiosis/">infodesign</category>
    </item>
    <item>
      <title>Random Lissajous Webs | Art From Code</title>
      <pubDate>Thu, 04 Dec 2008 07:05:45 +0000</pubDate>
      <guid isPermaLink="false">http://delicious.com/url/27aa46ab8b024850145e57b29552917a#luckysemiosis</guid>
      <link>http://www.artfromcode.com/?p=666</link>
      <dc:creator><![CDATA[luckysemiosis]]></dc:creator>
      <comments>http://delicious.com/url/27aa46ab8b024850145e57b29552917a</comments>
      <wfw:commentRss>http://feeds.delicious.com/v2/rss/url/27aa46ab8b024850145e57b29552917a</wfw:commentRss>
      <source url="http://feeds.delicious.com/v2/rss/luckysemiosis">luckysemiosis's bookmarks</source>
      <category domain="http://delicious.com/luckysemiosis/">processing</category>
      <category domain="http://delicious.com/luckysemiosis/">design</category>
      <category domain="http://delicious.com/luckysemiosis/">infodesign</category>
      <category domain="http://delicious.com/luckysemiosis/">art</category>
    </item>
    <item>
      <title>Tagging the World</title>
      <pubDate>Thu, 04 Dec 2008 07:02:32 +0000</pubDate>
      <guid isPermaLink="false">http://delicious.com/url/703086ab412a2f63e197d265763df5eb#luckysemiosis</guid>
      <link>http://tonchidot.com/</link>
      <dc:creator><![CDATA[luckysemiosis]]></dc:creator>
      <comments>http://delicious.com/url/703086ab412a2f63e197d265763df5eb</comments>
      <wfw:commentRss>http://feeds.delicious.com/v2/rss/url/703086ab412a2f63e197d265763df5eb</wfw:commentRss>
      <source url="http://feeds.delicious.com/v2/rss/luckysemiosis">luckysemiosis's bookmarks</source>
      <category domain="http://delicious.com/luckysemiosis/">virtualworlds</category>
      <category domain="http://delicious.com/luckysemiosis/">trends</category>
      <category domain="http://delicious.com/luckysemiosis/">tagging</category>
      <category domain="http://delicious.com/luckysemiosis/">video</category>
    </item>
    <item>
      <title>The 2008 Social Network Analysis Report - Geographic - Demographic and Traffic Data Revealed</title>
      <pubDate>Thu, 04 Dec 2008 07:00:41 +0000</pubDate>
      <guid isPermaLink="false">http://delicious.com/url/a65e7b5e6470ddb2701d4e03966bc1cb#luckysemiosis</guid>
      <link>http://www.ignitesocialmedia.com/2008-social-network-analysis-report/</link>
      <dc:creator><![CDATA[luckysemiosis]]></dc:creator>
      <comments>http://delicious.com/url/a65e7b5e6470ddb2701d4e03966bc1cb</comments>
      <wfw:commentRss>http://feeds.delicious.com/v2/rss/url/a65e7b5e6470ddb2701d4e03966bc1cb</wfw:commentRss>
      <source url="http://feeds.delicious.com/v2/rss/luckysemiosis">luckysemiosis's bookmarks</source>
      <category domain="http://delicious.com/luckysemiosis/">web2.0</category>
      <category domain="http://delicious.com/luckysemiosis/">socialnetworking</category>
      <category domain="http://delicious.com/luckysemiosis/">statistics</category>
      <category domain="http://delicious.com/luckysemiosis/">trends</category>
    </item>
    <item>
      <title>About - Triple Canopy</title>
      <pubDate>Thu, 04 Dec 2008 06:59:10 +0000</pubDate>
      <guid isPermaLink="false">http://delicious.com/url/13d9163af097a567ab7eba608c34b73b#luckysemiosis</guid>
      <link>http://dev.canopycanopycanopy.com/about</link>
      <dc:creator><![CDATA[luckysemiosis]]></dc:creator>
      <comments>http://delicious.com/url/13d9163af097a567ab7eba608c34b73b</comments>
      <wfw:commentRss>http://feeds.delicious.com/v2/rss/url/13d9163af097a567ab7eba608c34b73b</wfw:commentRss>
      <source url="http://feeds.delicious.com/v2/rss/luckysemiosis">luckysemiosis's bookmarks</source>
      <category domain="http://delicious.com/luckysemiosis/">design</category>
      <category domain="http://delicious.com/luckysemiosis/">politique</category>
    </item>
    <item>
      <title>PeopleBrowsr</title>
      <pubDate>Wed, 03 Dec 2008 17:37:23 +0000</pubDate>
      <guid isPermaLink="false">http://delicious.com/url/21482b61db9b72f398d3309e8e7ba79d#luckysemiosis</guid>
      <link>http://peoplebrowsr.com/#med-tab-content-videos</link>
      <dc:creator><![CDATA[luckysemiosis]]></dc:creator>
      <comments>http://delicious.com/url/21482b61db9b72f398d3309e8e7ba79d</comments>
      <wfw:commentRss>http://feeds.delicious.com/v2/rss/url/21482b61db9b72f398d3309e8e7ba79d</wfw:commentRss>
      <source url="http://feeds.delicious.com/v2/rss/luckysemiosis">luckysemiosis's bookmarks</source>
      <category domain="http://delicious.com/luckysemiosis/">socialnetworking</category>
      <category domain="http://delicious.com/luckysemiosis/">aggregator</category>
      <category domain="http://delicious.com/luckysemiosis/">identity</category>
    </item>
    <item>
      <title>PeopleBrowsr: A Visual Dashboard for Your Online Identities - ReadWriteWeb</title>
      <pubDate>Wed, 03 Dec 2008 17:25:46 +0000</pubDate>
      <guid isPermaLink="false">http://delicious.com/url/f7a20d34d63b21715d7f62e2bea7fe3d#luckysemiosis</guid>
      <link>http://www.readwriteweb.com/archives/peoplebrowsr_a_visual_dashboard_for_your_online_identities.php</link>
      <dc:creator><![CDATA[luckysemiosis]]></dc:creator>
      <comments>http://delicious.com/url/f7a20d34d63b21715d7f62e2bea7fe3d</comments>
      <wfw:commentRss>http://feeds.delicious.com/v2/rss/url/f7a20d34d63b21715d7f62e2bea7fe3d</wfw:commentRss>
      <source url="http://feeds.delicious.com/v2/rss/luckysemiosis">luckysemiosis's bookmarks</source>
      <category domain="http://delicious.com/luckysemiosis/">socialmedia</category>
      <category domain="http://delicious.com/luckysemiosis/">aggregator</category>
      <category domain="http://delicious.com/luckysemiosis/">identity</category>
      <category domain="http://delicious.com/luckysemiosis/">socialnetworks</category>
    </item>
    <item>
      <title>SIANA 2009</title>
      <pubDate>Wed, 03 Dec 2008 11:51:41 +0000</pubDate>
      <guid isPermaLink="false">http://delicious.com/url/224aa33f47e9e604ac4c7e743d082d1e#luckysemiosis</guid>
      <link>http://www.siana-evry.fr/call4paper.html</link>
      <dc:creator><![CDATA[luckysemiosis]]></dc:creator>
      <comments>http://delicious.com/url/224aa33f47e9e604ac4c7e743d082d1e</comments>
      <wfw:commentRss>http://feeds.delicious.com/v2/rss/url/224aa33f47e9e604ac4c7e743d082d1e</wfw:commentRss>
      <source url="http://feeds.delicious.com/v2/rss/luckysemiosis">luckysemiosis's bookmarks</source>
      <category domain="http://delicious.com/luckysemiosis/">cen</category>
      <category domain="http://delicious.com/luckysemiosis/">colloque</category>
      <category domain="http://delicious.com/luckysemiosis/">imaginaire</category>
      <category domain="http://delicious.com/luckysemiosis/">TIC</category>
    </item>
    <item>
      <title>http://www.olats.org/projetpart/artmedia/2008/mono_index.php</title>
      <pubDate>Wed, 03 Dec 2008 11:40:33 +0000</pubDate>
      <guid isPermaLink="false">http://delicious.com/url/75029deb07bcc9ed4def02b1cebc8efe#luckysemiosis</guid>
      <link>http://www.olats.org/projetpart/artmedia/2008/mono_index.php</link>
      <dc:creator><![CDATA[luckysemiosis]]></dc:creator>
      <comments>http://delicious.com/url/75029deb07bcc9ed4def02b1cebc8efe</comments>
      <wfw:commentRss>http://feeds.delicious.com/v2/rss/url/75029deb07bcc9ed4def02b1cebc8efe</wfw:commentRss>
      <source url="http://feeds.delicious.com/v2/rss/luckysemiosis">luckysemiosis's bookmarks</source>
      <category domain="http://delicious.com/luckysemiosis/">art</category>
      <category domain="http://delicious.com/luckysemiosis/">tic</category>
      <category domain="http://delicious.com/luckysemiosis/">éthique</category>
      <category domain="http://delicious.com/luckysemiosis/">colloque</category>
      <category domain="http://delicious.com/luckysemiosis/">cen</category>
    </item>
    <item>
      <title>Charge Ventures (Malte) - Les start-ups les plus innovantes du Web'08 sur Journal du Net</title>
      <pubDate>Wed, 03 Dec 2008 10:08:30 +0000</pubDate>
      <guid isPermaLink="false">http://delicious.com/url/0d29749837bfe327b51e7b36d8f09f6b#luckysemiosis</guid>
      <link>http://www.journaldunet.com/ebusiness/le-net/actualite/voici-les-start-ups-les-plus-innovantes-du-web-08/charge-ventures-malte.shtml</link>
      <dc:creator><![CDATA[luckysemiosis]]></dc:creator>
      <comments>http://delicious.com/url/0d29749837bfe327b51e7b36d8f09f6b</comments>
      <wfw:commentRss>http://feeds.delicious.com/v2/rss/url/0d29749837bfe327b51e7b36d8f09f6b</wfw:commentRss>
      <source url="http://feeds.delicious.com/v2/rss/luckysemiosis">luckysemiosis's bookmarks</source>
      <category domain="http://delicious.com/luckysemiosis/">onada</category>
      <category domain="http://delicious.com/luckysemiosis/">diagnostic</category>
      <category domain="http://delicious.com/luckysemiosis/">écologie</category>
    </item>
    <item>
      <title>10 of the Best Adobe AIR Applications</title>
      <pubDate>Tue, 02 Dec 2008 22:33:47 +0000</pubDate>
      <guid isPermaLink="false">http://delicious.com/url/2dfcc275189bc3ab904b51c0b9e8ffec#luckysemiosis</guid>
      <link>http://mashable.com/2008/12/01/top-adobe-air-applications/</link>
      <dc:creator><![CDATA[luckysemiosis]]></dc:creator>
      <comments>http://delicious.com/url/2dfcc275189bc3ab904b51c0b9e8ffec</comments>
      <wfw:commentRss>http://feeds.delicious.com/v2/rss/url/2dfcc275189bc3ab904b51c0b9e8ffec</wfw:commentRss>
      <source url="http://feeds.delicious.com/v2/rss/luckysemiosis">luckysemiosis's bookmarks</source>
      <category domain="http://delicious.com/luckysemiosis/">mashup</category>
      <category domain="http://delicious.com/luckysemiosis/">flex</category>
    </item>
    <item>
      <title>Hypermédia et apprentissage — Educnet</title>
      <pubDate>Tue, 02 Dec 2008 18:40:19 +0000</pubDate>
      <guid isPermaLink="false">http://delicious.com/url/507b033eeaf0d6bc5299872fde716cb7#luckysemiosis</guid>
      <link>http://www.educnet.education.fr/dossier/hypermedia/@@document_whole2</link>
      <dc:creator><![CDATA[luckysemiosis]]></dc:creator>
      <comments>http://delicious.com/url/507b033eeaf0d6bc5299872fde716cb7</comments>
      <wfw:commentRss>http://feeds.delicious.com/v2/rss/url/507b033eeaf0d6bc5299872fde716cb7</wfw:commentRss>
      <source url="http://feeds.delicious.com/v2/rss/luckysemiosis">luckysemiosis's bookmarks</source>
      <category domain="http://delicious.com/luckysemiosis/">hypermédia</category>
      <category domain="http://delicious.com/luckysemiosis/">thyp</category>
      <category domain="http://delicious.com/luckysemiosis/">cen</category>
      <category domain="http://delicious.com/luckysemiosis/">elearning</category>
    </item>
    <item>
      <title>Open and Save Dialogs - MDC</title>
      <pubDate>Tue, 02 Dec 2008 14:28:10 +0000</pubDate>
      <guid isPermaLink="false">http://delicious.com/url/17ca603a511943b29babbabeac7908a4#luckysemiosis</guid>
      <link>https://developer.mozilla.org/en/XUL_Tutorial/Open_and_Save_Dialogs</link>
      <dc:creator><![CDATA[luckysemiosis]]></dc:creator>
      <comments>http://delicious.com/url/17ca603a511943b29babbabeac7908a4</comments>
      <wfw:commentRss>http://feeds.delicious.com/v2/rss/url/17ca603a511943b29babbabeac7908a4</wfw:commentRss>
      <source url="http://feeds.delicious.com/v2/rss/luckysemiosis">luckysemiosis's bookmarks</source>
      <category domain="http://delicious.com/luckysemiosis/">xul</category>
      <category domain="http://delicious.com/luckysemiosis/">filepicker</category>
    </item>
    <item>
      <title>Livre : Bibliothèque humaniste idéale, De.... Jean-Christophe Saladin - 9782251443522</title>
      <pubDate>Tue, 02 Dec 2008 13:31:15 +0000</pubDate>
      <guid isPermaLink="false">http://delicious.com/url/fddde2dc878062b74598ecfabbbbbe58#luckysemiosis</guid>
      <link>http://www.decitre.fr/livres/Bibliotheque-humaniste-ideale.aspx/9782251443522</link>
      <dc:creator><![CDATA[luckysemiosis]]></dc:creator>
      <comments>http://delicious.com/url/fddde2dc878062b74598ecfabbbbbe58</comments>
      <wfw:commentRss>http://feeds.delicious.com/v2/rss/url/fddde2dc878062b74598ecfabbbbbe58</wfw:commentRss>
      <source url="http://feeds.delicious.com/v2/rss/luckysemiosis">luckysemiosis's bookmarks</source>
      <category domain="http://delicious.com/luckysemiosis/">actulivre</category>
    </item>
    <item>
      <title>Livre : Organes sans corps, Deleuze et.... Slavoj Zizek - 9782354800383</title>
      <pubDate>Tue, 02 Dec 2008 13:30:17 +0000</pubDate>
      <guid isPermaLink="false">http://delicious.com/url/8feab4747de1f4562456c1a2fee8b4b8#luckysemiosis</guid>
      <link>http://www.decitre.fr/livres/Organes-sans-corps.aspx/9782354800383</link>
      <dc:creator><![CDATA[luckysemiosis]]></dc:creator>
      <comments>http://delicious.com/url/8feab4747de1f4562456c1a2fee8b4b8</comments>
      <wfw:commentRss>http://feeds.delicious.com/v2/rss/url/8feab4747de1f4562456c1a2fee8b4b8</wfw:commentRss>
      <source url="http://feeds.delicious.com/v2/rss/luckysemiosis">luckysemiosis's bookmarks</source>
      <category domain="http://delicious.com/luckysemiosis/">actulivre</category>
    </item>
    <item>
      <title>Livre : La solitude, XVIIe-XVIIIe siècle. Scarlett Beauvalet-Boutouyrie - 9782701148618</title>
      <pubDate>Tue, 02 Dec 2008 13:29:35 +0000</pubDate>
      <guid isPermaLink="false">http://delicious.com/url/08790fc30cd3a3d9a956a3942c3ba59f#luckysemiosis</guid>
      <link>http://www.decitre.fr/livres/La-solitude.aspx/9782701148618</link>
      <dc:creator><![CDATA[luckysemiosis]]></dc:creator>
      <comments>http://delicious.com/url/08790fc30cd3a3d9a956a3942c3ba59f</comments>
      <wfw:commentRss>http://feeds.delicious.com/v2/rss/url/08790fc30cd3a3d9a956a3942c3ba59f</wfw:commentRss>
      <source url="http://feeds.delicious.com/v2/rss/luckysemiosis">luckysemiosis's bookmarks</source>
      <category domain="http://delicious.com/luckysemiosis/">actulivre</category>
    </item>
    <item>
      <title>La grosse facture de Facebook - La tectonique des clics - E24.fr</title>
      <pubDate>Mon, 01 Dec 2008 17:48:18 +0000</pubDate>
      <guid isPermaLink="false">http://delicious.com/url/8744a771bdfe8b4bc643336ece19d0fc#luckysemiosis</guid>
      <link>http://www.e24.fr/chroniques/tectoniquedesclics/article16472.ece</link>
      <dc:creator><![CDATA[luckysemiosis]]></dc:creator>
      <comments>http://delicious.com/url/8744a771bdfe8b4bc643336ece19d0fc</comments>
      <wfw:commentRss>http://feeds.delicious.com/v2/rss/url/8744a771bdfe8b4bc643336ece19d0fc</wfw:commentRss>
      <source url="http://feeds.delicious.com/v2/rss/luckysemiosis">luckysemiosis's bookmarks</source>
      <category domain="http://delicious.com/luckysemiosis/">économie</category>
      <category domain="http://delicious.com/luckysemiosis/">socialnetworking</category>
      <category domain="http://delicious.com/luckysemiosis/">facebook</category>
    </item>
    <item>
      <title>popacular - popular delicious bookmarks</title>
      <pubDate>Sun, 30 Nov 2008 21:13:01 +0000</pubDate>
      <guid isPermaLink="false">http://delicious.com/url/b30017c80c1908dc533310f4e8f19a87#luckysemiosis</guid>
      <link>http://popacular.com/</link>
      <dc:creator><![CDATA[luckysemiosis]]></dc:creator>
      <comments>http://delicious.com/url/b30017c80c1908dc533310f4e8f19a87</comments>
      <wfw:commentRss>http://feeds.delicious.com/v2/rss/url/b30017c80c1908dc533310f4e8f19a87</wfw:commentRss>
      <source url="http://feeds.delicious.com/v2/rss/luckysemiosis">luckysemiosis's bookmarks</source>
      <category domain="http://delicious.com/luckysemiosis/">delicious</category>
      <category domain="http://delicious.com/luckysemiosis/">statistics</category>
      <category domain="http://delicious.com/luckysemiosis/">socialbookmarking</category>
    </item>
    <item>
      <title>Sébastien Bailly: Petite main de la numérisation</title>
      <pubDate>Sun, 30 Nov 2008 21:10:17 +0000</pubDate>
      <guid isPermaLink="false">http://delicious.com/url/20851287ac55e6f0506fd9af5d0edae8#luckysemiosis</guid>
      <link>http://bailly.blogs.com/pro/2008/11/petite-main-de-la-num%C3%A9risation.html</link>
      <dc:creator><![CDATA[luckysemiosis]]></dc:creator>
      <comments>http://delicious.com/url/20851287ac55e6f0506fd9af5d0edae8</comments>
      <wfw:commentRss>http://feeds.delicious.com/v2/rss/url/20851287ac55e6f0506fd9af5d0edae8</wfw:commentRss>
      <source url="http://feeds.delicious.com/v2/rss/luckysemiosis">luckysemiosis's bookmarks</source>
      <category domain="http://delicious.com/luckysemiosis/">strange</category>
      <category domain="http://delicious.com/luckysemiosis/">fun</category>
      <category domain="http://delicious.com/luckysemiosis/">google</category>
    </item>
    <item>
      <title>"Locations, Bedoin, Mont Ventoux Vaucluse,Locations vacances"</title>
      <pubDate>Sun, 30 Nov 2008 15:15:09 +0000</pubDate>
      <guid isPermaLink="false">http://delicious.com/url/c9d5392c1e1aa234439c4ba606bf29e0#luckysemiosis</guid>
      <link>http://lestounes.com/rougadou/accueil_rougadou.html</link>
      <dc:creator><![CDATA[luckysemiosis]]></dc:creator>
      <comments>http://delicious.com/url/c9d5392c1e1aa234439c4ba606bf29e0</comments>
      <wfw:commentRss>http://feeds.delicious.com/v2/rss/url/c9d5392c1e1aa234439c4ba606bf29e0</wfw:commentRss>
      <source url="http://feeds.delicious.com/v2/rss/luckysemiosis">luckysemiosis's bookmarks</source>
      <category domain="http://delicious.com/luckysemiosis/">gite</category>
      <category domain="http://delicious.com/luckysemiosis/">bédoin</category>
    </item>
    <item>
      <title>"Locations, Bedoin, Mont Ventoux Vaucluse,Locations vacances"</title>
      <pubDate>Sun, 30 Nov 2008 15:15:01 +0000</pubDate>
      <guid isPermaLink="false">http://delicious.com/url/250b7242828c4d3c288e2137ccd6d97a#luckysemiosis</guid>
      <link>http://lestounes.com/febriers/accueil_febriers.html</link>
      <dc:creator><![CDATA[luckysemiosis]]></dc:creator>
      <comments>http://delicious.com/url/250b7242828c4d3c288e2137ccd6d97a</comments>
      <wfw:commentRss>http://feeds.delicious.com/v2/rss/url/250b7242828c4d3c288e2137ccd6d97a</wfw:commentRss>
      <source url="http://feeds.delicious.com/v2/rss/luckysemiosis">luckysemiosis's bookmarks</source>
      <category domain="http://delicious.com/luckysemiosis/">gite</category>
      <category domain="http://delicious.com/luckysemiosis/">bédoin</category>
    </item>
    <item>
      <title>| LES GARGORIS |</title>
      <pubDate>Sun, 30 Nov 2008 15:14:50 +0000</pubDate>
      <guid isPermaLink="false">http://delicious.com/url/ef3111cddfe84b1149af0c69a561754f#luckysemiosis</guid>
      <link>http://lesgargoris.com/Fr/tarifs_fr.php</link>
      <dc:creator><![CDATA[luckysemiosis]]></dc:creator>
      <comments>http://delicious.com/url/ef3111cddfe84b1149af0c69a561754f</comments>
      <wfw:commentRss>http://feeds.delicious.com/v2/rss/url/ef3111cddfe84b1149af0c69a561754f</wfw:commentRss>
      <source url="http://feeds.delicious.com/v2/rss/luckysemiosis">luckysemiosis's bookmarks</source>
      <category domain="http://delicious.com/luckysemiosis/">gite</category>
      <category domain="http://delicious.com/luckysemiosis/">bédoin</category>
    </item>
    <item>
      <title>"Locations, Bedoin, Mont Ventoux Vaucluse,Locations vacances"</title>
      <pubDate>Sun, 30 Nov 2008 15:14:35 +0000</pubDate>
      <guid isPermaLink="false">http://delicious.com/url/e9e944f7c0969ce0be1f99c9400e4680#luckysemiosis</guid>
      <link>http://lestounes.com/febriers/reserver_febriers.html</link>
      <dc:creator><![CDATA[luckysemiosis]]></dc:creator>
      <comments>http://delicious.com/url/e9e944f7c0969ce0be1f99c9400e4680</comments>
      <wfw:commentRss>http://feeds.delicious.com/v2/rss/url/e9e944f7c0969ce0be1f99c9400e4680</wfw:commentRss>
      <source url="http://feeds.delicious.com/v2/rss/luckysemiosis">luckysemiosis's bookmarks</source>
      <category domain="http://delicious.com/luckysemiosis/">gite</category>
      <category domain="http://delicious.com/luckysemiosis/">bédoin</category>
    </item>
    <item>
      <title>Les Vergers - Location de vacances - Provence Vaucluse</title>
      <pubDate>Sun, 30 Nov 2008 15:14:27 +0000</pubDate>
      <guid isPermaLink="false">http://delicious.com/url/ba6d08fb5f719af0400853e76a55dbcd#luckysemiosis</guid>
      <link>http://www.les-vergers.com/</link>
      <dc:creator><![CDATA[luckysemiosis]]></dc:creator>
      <comments>http://delicious.com/url/ba6d08fb5f719af0400853e76a55dbcd</comments>
      <wfw:commentRss>http://feeds.delicious.com/v2/rss/url/ba6d08fb5f719af0400853e76a55dbcd</wfw:commentRss>
      <source url="http://feeds.delicious.com/v2/rss/luckysemiosis">luckysemiosis's bookmarks</source>
      <category domain="http://delicious.com/luckysemiosis/">gite</category>
      <category domain="http://delicious.com/luckysemiosis/">bédoin</category>
    </item>
    <item>
      <title>Google Experimental Search</title>
      <pubDate>Sun, 30 Nov 2008 08:02:48 +0000</pubDate>
      <guid isPermaLink="false">http://delicious.com/url/48e699b830269a80d44067364f4886d3#luckysemiosis</guid>
      <link>http://www.google.com/experimental/#Axs</link>
      <dc:creator><![CDATA[luckysemiosis]]></dc:creator>
      <comments>http://delicious.com/url/48e699b830269a80d44067364f4886d3</comments>
      <wfw:commentRss>http://feeds.delicious.com/v2/rss/url/48e699b830269a80d44067364f4886d3</wfw:commentRss>
      <source url="http://feeds.delicious.com/v2/rss/luckysemiosis">luckysemiosis's bookmarks</source>
      <category domain="http://delicious.com/luckysemiosis/">search</category>
      <category domain="http://delicious.com/luckysemiosis/">google</category>
      <category domain="http://delicious.com/luckysemiosis/">experience</category>
      <category domain="http://delicious.com/luckysemiosis/">spatiotempo</category>
    </item>
    <item>
      <title>Open Web Awards » Round 1 Voting - Nominees</title>
      <pubDate>Sat, 29 Nov 2008 07:43:57 +0000</pubDate>
      <guid isPermaLink="false">http://delicious.com/url/a40e178fd91f3c32082aaf8b258c5c36#luckysemiosis</guid>
      <link>http://mashable.com/openwebawards/round-1-voting-nominees/</link>
      <dc:creator><![CDATA[luckysemiosis]]></dc:creator>
      <comments>http://delicious.com/url/a40e178fd91f3c32082aaf8b258c5c36</comments>
      <wfw:commentRss>http://feeds.delicious.com/v2/rss/url/a40e178fd91f3c32082aaf8b258c5c36</wfw:commentRss>
      <source url="http://feeds.delicious.com/v2/rss/luckysemiosis">luckysemiosis's bookmarks</source>
      <category domain="http://delicious.com/luckysemiosis/">socialsoftware</category>
      <category domain="http://delicious.com/luckysemiosis/">awards</category>
      <category domain="http://delicious.com/luckysemiosis/">classement</category>
      <category domain="http://delicious.com/luckysemiosis/">cen</category>
    </item>
  </channel>
</rss>
