<?xml version="1.0" encoding="UTF-8"?>
<rss version="2.0" xmlns:atom="http://www.w3.org/2005/Atom" xmlns:content="http://purl.org/rss/1.0/modules/content/" xmlns:wfw="http://wellformedweb.org/CommentAPI/" xmlns:rdf="http://www.w3.org/1999/02/22-rdf-syntax-ns#" xmlns:dc="http://purl.org/dc/elements/1.1/" xmlns:cc="http://web.resource.org/cc/">
  <channel>
    <title>Delicious/samszo</title>
    <link>http://delicious.com/samszo</link>
    <description>bookmarks posted by samszo</description>
    <atom:link rel="self" type="application/rss+xml" href="http://feeds.delicious.com/v2/rss//samszo?count=100"/>
    <item>
      <title>Les cartes postales de la honte</title>
      <pubDate>Sun, 23 Nov 2008 12:22:43 +0000</pubDate>
      <guid isPermaLink="false">http://delicious.com/url/6027ebbb49266e2f50a49a1686e78377#samszo</guid>
      <link>http://cartespostalesdelahonte.over-blog.fr/</link>
      <dc:creator><![CDATA[samszo]]></dc:creator>
      <comments>http://delicious.com/url/6027ebbb49266e2f50a49a1686e78377</comments>
      <wfw:commentRss>http://feeds.delicious.com/v2/rss/url/6027ebbb49266e2f50a49a1686e78377</wfw:commentRss>
      <source url="http://feeds.delicious.com/v2/rss/samszo">samszo's bookmarks</source>
      <category domain="http://delicious.com/samszo/">connerie</category>
      <category domain="http://delicious.com/samszo/">cen</category>
      <category domain="http://delicious.com/samszo/">larcenet</category>
    </item>
    <item>
      <title>ParisAvant.com</title>
      <pubDate>Sun, 23 Nov 2008 10:03:27 +0000</pubDate>
      <guid isPermaLink="false">http://delicious.com/url/8f5cbe06b9f33f1dba76728b5fa03972#samszo</guid>
      <link>http://parisavant.com/index.php?showimage=171</link>
      <dc:creator><![CDATA[samszo]]></dc:creator>
      <comments>http://delicious.com/url/8f5cbe06b9f33f1dba76728b5fa03972</comments>
      <wfw:commentRss>http://feeds.delicious.com/v2/rss/url/8f5cbe06b9f33f1dba76728b5fa03972</wfw:commentRss>
      <source url="http://feeds.delicious.com/v2/rss/samszo">samszo's bookmarks</source>
      <category domain="http://delicious.com/samszo/">vyaep</category>
    </item>
    <item>
      <title>Issue 8 - evalactisem - Google Code</title>
      <pubDate>Mon, 30 Jun 2008 12:35:13 +0000</pubDate>
      <guid isPermaLink="false">http://delicious.com/url/abf082722f703fec82a626fdf1c55f44#samszo</guid>
      <link>http://code.google.com/p/evalactisem/issues/detail?id=8</link>
      <dc:creator><![CDATA[samszo]]></dc:creator>
      <comments>http://delicious.com/url/abf082722f703fec82a626fdf1c55f44</comments>
      <wfw:commentRss>http://feeds.delicious.com/v2/rss/url/abf082722f703fec82a626fdf1c55f44</wfw:commentRss>
      <source url="http://feeds.delicious.com/v2/rss/samszo">samszo's bookmarks</source>
      <category domain="http://delicious.com/samszo/">l'ile</category>
    </item>
    <item>
      <title>Genealogy of Influence viewer</title>
      <pubDate>Sat, 28 Jun 2008 05:12:06 +0000</pubDate>
      <guid isPermaLink="false">http://delicious.com/url/d27c84157c3ad719e838228571b9b4ca#samszo</guid>
      <link>http://goosebumps4all.net/goi/</link>
      <dc:creator><![CDATA[samszo]]></dc:creator>
      <comments>http://delicious.com/url/d27c84157c3ad719e838228571b9b4ca</comments>
      <wfw:commentRss>http://feeds.delicious.com/v2/rss/url/d27c84157c3ad719e838228571b9b4ca</wfw:commentRss>
      <source url="http://feeds.delicious.com/v2/rss/samszo">samszo's bookmarks</source>
      <description>Get Adobe Flash player</description>
      <category domain="http://delicious.com/samszo/">api</category>
      <category domain="http://delicious.com/samszo/">influence</category>
      <category domain="http://delicious.com/samszo/">mashup</category>
      <category domain="http://delicious.com/samszo/">visualization</category>
    </item>
    <item>
      <title>Curl, Inc. - Richer Internet Applications</title>
      <pubDate>Thu, 26 Jun 2008 18:48:17 +0000</pubDate>
      <guid isPermaLink="false">http://delicious.com/url/68761c29ef8f8e8deff9a3759efa5aba#samszo</guid>
      <link>http://www.curl.com/products_demos_enterprise.php</link>
      <dc:creator><![CDATA[samszo]]></dc:creator>
      <comments>http://delicious.com/url/68761c29ef8f8e8deff9a3759efa5aba</comments>
      <wfw:commentRss>http://feeds.delicious.com/v2/rss/url/68761c29ef8f8e8deff9a3759efa5aba</wfw:commentRss>
      <source url="http://feeds.delicious.com/v2/rss/samszo">samszo's bookmarks</source>
      <category domain="http://delicious.com/samszo/">code</category>
      <category domain="http://delicious.com/samszo/">graphique</category>
    </item>
    <item>
      <title>http://www.votrecarte.com/indexZoom33.html</title>
      <pubDate>Thu, 26 Jun 2008 17:52:14 +0000</pubDate>
      <guid isPermaLink="false">http://delicious.com/url/21e2277edb1d9992a0b3eb397e78cdce#samszo</guid>
      <link>http://www.votrecarte.com/indexZoom33.html</link>
      <dc:creator><![CDATA[samszo]]></dc:creator>
      <comments>http://delicious.com/url/21e2277edb1d9992a0b3eb397e78cdce</comments>
      <wfw:commentRss>http://feeds.delicious.com/v2/rss/url/21e2277edb1d9992a0b3eb397e78cdce</wfw:commentRss>
      <source url="http://feeds.delicious.com/v2/rss/samszo">samszo's bookmarks</source>
      <category domain="http://delicious.com/samszo/">cartographie</category>
      <category domain="http://delicious.com/samszo/">aquitaine</category>
    </item>
    <item>
      <title>Google Ocean : marine data for Google Maps / Google Earth</title>
      <pubDate>Thu, 26 Jun 2008 17:47:57 +0000</pubDate>
      <guid isPermaLink="false">http://delicious.com/url/9b3268ce1b5606641031c668a954936e#samszo</guid>
      <link>http://www.justmagic.com/GM-GE.html</link>
      <dc:creator><![CDATA[samszo]]></dc:creator>
      <comments>http://delicious.com/url/9b3268ce1b5606641031c668a954936e</comments>
      <wfw:commentRss>http://feeds.delicious.com/v2/rss/url/9b3268ce1b5606641031c668a954936e</wfw:commentRss>
      <source url="http://feeds.delicious.com/v2/rss/samszo">samszo's bookmarks</source>
      <category domain="http://delicious.com/samszo/">cartographie</category>
      <category domain="http://delicious.com/samszo/">google</category>
      <category domain="http://delicious.com/samszo/">ocean</category>
    </item>
    <item>
      <title>Example — Music</title>
      <pubDate>Thu, 26 Jun 2008 17:47:09 +0000</pubDate>
      <guid isPermaLink="false">http://delicious.com/url/31ddb75921fabf7d0889dd5df677fac6#samszo</guid>
      <link>http://www.personal.psu.edu/faculty/c/e/cew15/improvise/examples/music/index.html</link>
      <dc:creator><![CDATA[samszo]]></dc:creator>
      <comments>http://delicious.com/url/31ddb75921fabf7d0889dd5df677fac6</comments>
      <wfw:commentRss>http://feeds.delicious.com/v2/rss/url/31ddb75921fabf7d0889dd5df677fac6</wfw:commentRss>
      <source url="http://feeds.delicious.com/v2/rss/samszo">samszo's bookmarks</source>
      <category domain="http://delicious.com/samszo/">cartographie</category>
      <category domain="http://delicious.com/samszo/">sémantique</category>
    </item>
    <item>
      <title>Trouvailles: Anciennes cartes géographiques</title>
      <pubDate>Thu, 26 Jun 2008 17:46:17 +0000</pubDate>
      <guid isPermaLink="false">http://delicious.com/url/34793e0863e892b2f271864b501ed5ac#samszo</guid>
      <link>http://cltr.blogspot.com/2008/02/anciennes-cartes-gographiques.html</link>
      <dc:creator><![CDATA[samszo]]></dc:creator>
      <comments>http://delicious.com/url/34793e0863e892b2f271864b501ed5ac</comments>
      <wfw:commentRss>http://feeds.delicious.com/v2/rss/url/34793e0863e892b2f271864b501ed5ac</wfw:commentRss>
      <source url="http://feeds.delicious.com/v2/rss/samszo">samszo's bookmarks</source>
      <category domain="http://delicious.com/samszo/">carte</category>
      <category domain="http://delicious.com/samszo/">ancienne</category>
      <category domain="http://delicious.com/samszo/">cartographie</category>
    </item>
    <item>
      <title>Webmaster Tools Data API Reference Guide - Google Webmaster Tools API - Google Code</title>
      <pubDate>Thu, 26 Jun 2008 17:42:43 +0000</pubDate>
      <guid isPermaLink="false">http://delicious.com/url/409a48a1054f0361fa5308d5e101c073#samszo</guid>
      <link>http://code.google.com/apis/webmastertools/docs/reference.html</link>
      <dc:creator><![CDATA[samszo]]></dc:creator>
      <comments>http://delicious.com/url/409a48a1054f0361fa5308d5e101c073</comments>
      <wfw:commentRss>http://feeds.delicious.com/v2/rss/url/409a48a1054f0361fa5308d5e101c073</wfw:commentRss>
      <source url="http://feeds.delicious.com/v2/rss/samszo">samszo's bookmarks</source>
      <category domain="http://delicious.com/samszo/">google</category>
      <category domain="http://delicious.com/samszo/">api</category>
      <category domain="http://delicious.com/samszo/">webmaster</category>
    </item>
    <item>
      <title>Agrément d'un expert individuel au titre du crédit impôt recherche - Ministère de l'Education Nationale</title>
      <pubDate>Wed, 25 Jun 2008 09:15:15 +0000</pubDate>
      <guid isPermaLink="false">http://delicious.com/url/a963e9709b7d6950b8fcaff102e09660#samszo</guid>
      <link>http://www.education.gouv.fr/cid1200/agrement-d-un-expert-individuel-au-titre-du-credit-impot-recherche.html</link>
      <dc:creator><![CDATA[samszo]]></dc:creator>
      <comments>http://delicious.com/url/a963e9709b7d6950b8fcaff102e09660</comments>
      <wfw:commentRss>http://feeds.delicious.com/v2/rss/url/a963e9709b7d6950b8fcaff102e09660</wfw:commentRss>
      <source url="http://feeds.delicious.com/v2/rss/samszo">samszo's bookmarks</source>
      <category domain="http://delicious.com/samszo/">agrément</category>
      <category domain="http://delicious.com/samszo/">expert</category>
      <category domain="http://delicious.com/samszo/">individuel</category>
    </item>
    <item>
      <title>Music (&amp; film) posters by Tadanori Yokoo ::: Pink Tentacle</title>
      <pubDate>Wed, 25 Jun 2008 05:37:12 +0000</pubDate>
      <guid isPermaLink="false">http://delicious.com/url/1b248087e9e1caeaf8744cd5778d8081#samszo</guid>
      <link>http://www.pinktentacle.com/2008/06/music-film-posters-by-tadanori-yokoo/</link>
      <dc:creator><![CDATA[samszo]]></dc:creator>
      <comments>http://delicious.com/url/1b248087e9e1caeaf8744cd5778d8081</comments>
      <wfw:commentRss>http://feeds.delicious.com/v2/rss/url/1b248087e9e1caeaf8744cd5778d8081</wfw:commentRss>
      <source url="http://feeds.delicious.com/v2/rss/samszo">samszo's bookmarks</source>
      <category domain="http://delicious.com/samszo/">art</category>
      <category domain="http://delicious.com/samszo/">posters</category>
      <category domain="http://delicious.com/samszo/">music</category>
    </item>
    <item>
      <title>Les ressourcesdu colloque Carto 2.0</title>
      <pubDate>Wed, 25 Jun 2008 05:31:37 +0000</pubDate>
      <guid isPermaLink="false">http://delicious.com/url/536233f2e791538a195d1c55bf22f8cb#samszo</guid>
      <link>http://www.mindomo.com/view.htm?m=5386ab98cc6b497399775936323ad6bd</link>
      <dc:creator><![CDATA[samszo]]></dc:creator>
      <comments>http://delicious.com/url/536233f2e791538a195d1c55bf22f8cb</comments>
      <wfw:commentRss>http://feeds.delicious.com/v2/rss/url/536233f2e791538a195d1c55bf22f8cb</wfw:commentRss>
      <source url="http://feeds.delicious.com/v2/rss/samszo">samszo's bookmarks</source>
      <category domain="http://delicious.com/samszo/">mindmap</category>
      <category domain="http://delicious.com/samszo/">cartographie</category>
      <category domain="http://delicious.com/samszo/">video</category>
      <category domain="http://delicious.com/samszo/">colloqie</category>
    </item>
    <item>
      <title>ffmpeg-php</title>
      <pubDate>Tue, 24 Jun 2008 12:45:11 +0000</pubDate>
      <guid isPermaLink="false">http://delicious.com/url/37b4a39daf2fdfac704c6b8d8d144fbc#samszo</guid>
      <link>http://ffmpeg-php.sourceforge.net/</link>
      <dc:creator><![CDATA[samszo]]></dc:creator>
      <comments>http://delicious.com/url/37b4a39daf2fdfac704c6b8d8d144fbc</comments>
      <wfw:commentRss>http://feeds.delicious.com/v2/rss/url/37b4a39daf2fdfac704c6b8d8d144fbc</wfw:commentRss>
      <source url="http://feeds.delicious.com/v2/rss/samszo">samszo's bookmarks</source>
      <category domain="http://delicious.com/samszo/">api</category>
      <category domain="http://delicious.com/samszo/">code</category>
      <category domain="http://delicious.com/samszo/">video</category>
      <category domain="http://delicious.com/samszo/">ffmpeg</category>
    </item>
    <item>
      <title>Advanced Topics - Google Earth API - Google Code</title>
      <pubDate>Sat, 31 May 2008 07:24:29 +0000</pubDate>
      <guid isPermaLink="false">http://delicious.com/url/9e3ec1eccb845e495dd7a5d7095deb75#samszo</guid>
      <link>http://code.google.com/apis/earth/documentation/advanced.html#kml</link>
      <dc:creator><![CDATA[samszo]]></dc:creator>
      <comments>http://delicious.com/url/9e3ec1eccb845e495dd7a5d7095deb75</comments>
      <wfw:commentRss>http://feeds.delicious.com/v2/rss/url/9e3ec1eccb845e495dd7a5d7095deb75</wfw:commentRss>
      <source url="http://feeds.delicious.com/v2/rss/samszo">samszo's bookmarks</source>
      <category domain="http://delicious.com/samszo/">exemple</category>
      <category domain="http://delicious.com/samszo/">googleearth</category>
      <category domain="http://delicious.com/samszo/">api</category>
    </item>
    <item>
      <title>Tianamo -- Web Discovery</title>
      <pubDate>Sat, 05 Apr 2008 06:54:59 +0000</pubDate>
      <guid isPermaLink="false">http://delicious.com/url/79ca87275ea2e4262539e9d3c4557f32#samszo</guid>
      <link>http://search.tianamo.com/index2.php</link>
      <dc:creator><![CDATA[samszo]]></dc:creator>
      <comments>http://delicious.com/url/79ca87275ea2e4262539e9d3c4557f32</comments>
      <wfw:commentRss>http://feeds.delicious.com/v2/rss/url/79ca87275ea2e4262539e9d3c4557f32</wfw:commentRss>
      <source url="http://feeds.delicious.com/v2/rss/samszo">samszo's bookmarks</source>
      <category domain="http://delicious.com/samszo/">search</category>
      <category domain="http://delicious.com/samszo/">visualization</category>
      <category domain="http://delicious.com/samszo/">design</category>
      <category domain="http://delicious.com/samszo/">3D</category>
    </item>
    <item>
      <title>Poids d'une chappe de beton? - Yahoo! Questions/Réponses</title>
      <pubDate>Fri, 04 Apr 2008 16:14:07 +0000</pubDate>
      <guid isPermaLink="false">http://delicious.com/url/cad7d0e7e9c3848fa329759096fbdb42#samszo</guid>
      <link>http://fr.answers.yahoo.com/question/index?qid=20070514010959AAvzaB5</link>
      <dc:creator><![CDATA[samszo]]></dc:creator>
      <comments>http://delicious.com/url/cad7d0e7e9c3848fa329759096fbdb42</comments>
      <wfw:commentRss>http://feeds.delicious.com/v2/rss/url/cad7d0e7e9c3848fa329759096fbdb42</wfw:commentRss>
      <source url="http://feeds.delicious.com/v2/rss/samszo">samszo's bookmarks</source>
      <category domain="http://delicious.com/samszo/">poids</category>
      <category domain="http://delicious.com/samszo/">béton</category>
    </item>
    <item>
      <title>Blog MonGenie</title>
      <pubDate>Thu, 03 Apr 2008 18:41:19 +0000</pubDate>
      <guid isPermaLink="false">http://delicious.com/url/3a2d5a09af27c499a9c57dd8f0618f57#samszo</guid>
      <link>http://www.blog.mongenie.com/index.php</link>
      <dc:creator><![CDATA[samszo]]></dc:creator>
      <comments>http://delicious.com/url/3a2d5a09af27c499a9c57dd8f0618f57</comments>
      <wfw:commentRss>http://feeds.delicious.com/v2/rss/url/3a2d5a09af27c499a9c57dd8f0618f57</wfw:commentRss>
      <source url="http://feeds.delicious.com/v2/rss/samszo">samszo's bookmarks</source>
      <category domain="http://delicious.com/samszo/">luckysemiosis</category>
    </item>
    <item>
      <title>BigDump: The Staggered MySQL Dump Importer</title>
      <pubDate>Thu, 03 Apr 2008 15:22:27 +0000</pubDate>
      <guid isPermaLink="false">http://delicious.com/url/5cc433ec5cf9816d24be9c29c560c2fd#samszo</guid>
      <link>http://www.ozerov.de/bigdump.php</link>
      <dc:creator><![CDATA[samszo]]></dc:creator>
      <comments>http://delicious.com/url/5cc433ec5cf9816d24be9c29c560c2fd</comments>
      <wfw:commentRss>http://feeds.delicious.com/v2/rss/url/5cc433ec5cf9816d24be9c29c560c2fd</wfw:commentRss>
      <source url="http://feeds.delicious.com/v2/rss/samszo">samszo's bookmarks</source>
      <category domain="http://delicious.com/samszo/">code</category>
      <category domain="http://delicious.com/samszo/">php</category>
      <category domain="http://delicious.com/samszo/">mysql</category>
      <category domain="http://delicious.com/samszo/">database</category>
      <category domain="http://delicious.com/samszo/">backup</category>
      <category domain="http://delicious.com/samszo/">restore</category>
      <category domain="http://delicious.com/samszo/">tools</category>
    </item>
    <item>
      <title>index</title>
      <pubDate>Thu, 03 Apr 2008 14:06:57 +0000</pubDate>
      <guid isPermaLink="false">http://delicious.com/url/1029f66c8b9fb354804930e7ad1eea15#samszo</guid>
      <link>http://www.netpoetic.com/</link>
      <dc:creator><![CDATA[samszo]]></dc:creator>
      <comments>http://delicious.com/url/1029f66c8b9fb354804930e7ad1eea15</comments>
      <wfw:commentRss>http://feeds.delicious.com/v2/rss/url/1029f66c8b9fb354804930e7ad1eea15</wfw:commentRss>
      <source url="http://feeds.delicious.com/v2/rss/samszo">samszo's bookmarks</source>
      <category domain="http://delicious.com/samszo/">poésie</category>
      <category domain="http://delicious.com/samszo/">numérique</category>
    </item>
    <item>
      <title>Swotti ·zappa· Card</title>
      <pubDate>Thu, 03 Apr 2008 06:09:01 +0000</pubDate>
      <guid isPermaLink="false">http://delicious.com/url/c69fed77e89f0d3b6825e4c29644594c#samszo</guid>
      <link>http://www.swotti.com/card.php?elem=zappa%3B%2Ftmp%2Fswotti%2FcacheEMFWCGE%3D</link>
      <dc:creator><![CDATA[samszo]]></dc:creator>
      <comments>http://delicious.com/url/c69fed77e89f0d3b6825e4c29644594c</comments>
      <wfw:commentRss>http://feeds.delicious.com/v2/rss/url/c69fed77e89f0d3b6825e4c29644594c</wfw:commentRss>
      <source url="http://feeds.delicious.com/v2/rss/samszo">samszo's bookmarks</source>
      <category domain="http://delicious.com/samszo/">moteur</category>
      <category domain="http://delicious.com/samszo/">sémantique</category>
    </item>
    <item>
      <title>TimeLine Gadget for Google Spreadsheets</title>
      <pubDate>Wed, 02 Apr 2008 06:43:46 +0000</pubDate>
      <guid isPermaLink="false">http://delicious.com/url/256f92a6a21f423caf2ffb089d3add50#samszo</guid>
      <link>http://jrochelle.googlepages.com/97g-timeline-about.html</link>
      <dc:creator><![CDATA[samszo]]></dc:creator>
      <comments>http://delicious.com/url/256f92a6a21f423caf2ffb089d3add50</comments>
      <wfw:commentRss>http://feeds.delicious.com/v2/rss/url/256f92a6a21f423caf2ffb089d3add50</wfw:commentRss>
      <source url="http://feeds.delicious.com/v2/rss/samszo">samszo's bookmarks</source>
      <category domain="http://delicious.com/samszo/">timeline</category>
      <category domain="http://delicious.com/samszo/">google</category>
      <category domain="http://delicious.com/samszo/">gadget</category>
    </item>
    <item>
      <title>JavaScript Lab - Library - String.br2nl</title>
      <pubDate>Wed, 02 Apr 2008 06:23:08 +0000</pubDate>
      <guid isPermaLink="false">http://delicious.com/url/5d3edcc92c2bf604c11463036457e1f4#samszo</guid>
      <link>http://www.jslab.dk/library.php?fid=20</link>
      <dc:creator><![CDATA[samszo]]></dc:creator>
      <comments>http://delicious.com/url/5d3edcc92c2bf604c11463036457e1f4</comments>
      <wfw:commentRss>http://feeds.delicious.com/v2/rss/url/5d3edcc92c2bf604c11463036457e1f4</wfw:commentRss>
      <source url="http://feeds.delicious.com/v2/rss/samszo">samszo's bookmarks</source>
      <category domain="http://delicious.com/samszo/">code</category>
      <category domain="http://delicious.com/samszo/">javascript</category>
    </item>
    <item>
      <title>evalactisem - Google Code</title>
      <pubDate>Tue, 01 Apr 2008 14:20:46 +0000</pubDate>
      <guid isPermaLink="false">http://delicious.com/url/34bb3a9a3e9e7e15eedaad3c56a09dd6#samszo</guid>
      <link>http://code.google.com/p/evalactisem/</link>
      <dc:creator><![CDATA[samszo]]></dc:creator>
      <comments>http://delicious.com/url/34bb3a9a3e9e7e15eedaad3c56a09dd6</comments>
      <wfw:commentRss>http://feeds.delicious.com/v2/rss/url/34bb3a9a3e9e7e15eedaad3c56a09dd6</wfw:commentRss>
      <source url="http://feeds.delicious.com/v2/rss/samszo">samszo's bookmarks</source>
      <category domain="http://delicious.com/samszo/">sémantique</category>
      <category domain="http://delicious.com/samszo/">programmation</category>
      <category domain="http://delicious.com/samszo/">ieml</category>
    </item>
  </channel>
</rss>
